session_id,user_id,timestamp,funnel_stage,category,purchase_amount
sess_b9ce6289,usr_1692,2026-07-08 19:57:10,1_Landing,Books,
sess_35c50f7c,usr_1045,06/07/2026 11:00:52,1_Landing,Home & Kitchen,
sess_ef42df28,usr_1723,2026-07-03 18:22:04,2_Product_View,Clothing,
sess_4298b432,usr_0282,2026-07-09 14:49:21,2_Product_View,Electronics,
sess_af1b4827,usr_1317,2026-07-10 09:22:56,1_Landing,Home & Kitchen,
sess_ed2be599,usr_1571,2026-07-07 06:36:48,2_Product_View,Home & Kitchen,
sess_841c3b0b,usr_0130,2026-07-04 14:40:16,1_Landing,Clothing,
sess_9b7b155f,usr_0532,2026-07-02 13:02:59,1_Landing,Home & Kitchen,
sess_44b48e00,usr_0624,2026-07-03 23:43:59,1_Landing,Home & Kitchen,
sess_320930f6,usr_2346,04/07/2026 05:58:37,3_Add_to_Cart,Books,
sess_b7dcdcda,usr_1209,2026-07-04T00:40:52Z,1_Landing,Books,
sess_00e7c6cb,usr_0962,2026-07-08T02:15:38Z,1_Landing,Home & Kitchen,
sess_140c50a9,usr_0892,2026-07-08T11:16:32Z,2_Product_View,Clothing,
sess_9584dfac,usr_1420,2026-07-06 12:33:44,2_Product_View,Clothing,
sess_9c7af546,usr_1550,2026-07-05 08:43:30,2_Product_View,Clothing,
sess_f0fc112e,usr_2643,2026-07-08 07:13:57,2_Product_View,Clothing,
sess_9de3db83,usr_1443,2026-07-10 03:43:40,3_Add_to_Cart,Home & Kitchen,
sess_69cd5854,usr_2204,2026-07-07 22:48:12,1_Landing,Clothing,
sess_c2556a2a,usr_0153,2026-07-01 05:26:06,3_Add_to_Cart,Home & Kitchen,
sess_29043e7a,usr_2798,2026-07-06 04:19:28,1_Landing,Clothing,
sess_eb132a0c,usr_1577,2026-07-02 07:32:33,2_Product_View,Books,
sess_037d6e05,usr_0644,2026-07-02 06:10:25,1_Landing,Home & Kitchen,
sess_0756ccbe,usr_1637,2026-07-03 15:12:02,1_Landing,Clothing,
sess_2de7e164,usr_2328,2026-07-07 14:57:40,1_Landing,Clothing,
sess_ccad74a5,usr_0789,02/07/2026 04:50:48,2_Product_View,Clothing,
sess_b06883df,usr_2225,2026-07-06 20:00:57,4_Purchase,Books,39.73
sess_836a9b92,usr_0889,2026-07-01 23:46:50,2_Product_View,Clothing,
sess_a6e99413,usr_1211,2026-07-02 23:24:18,1_Landing,Books,
sess_3071e61e,usr_1409,2026-07-01 07:03:52,1_Landing,Electronics,
sess_8ef77097,usr_2267,07/07/2026 21:10:13,2_Product_View,Books,
sess_cf52a74d,usr_2744,2026-07-02 23:35:01,1_Landing,Clothing,
sess_b97c1f9c,usr_2370,2026-07-03 04:40:11,2_Product_View,Home & Kitchen,
sess_b6b8eacd,usr_1316,01/07/2026 19:15:49,2_Product_View,Electronics,
sess_d2d51f3a,usr_1290,2026-07-06 12:01:28,2_Product_View,Clothing,
sess_48df5393,usr_1089,2026-07-03 17:12:42,1_Landing,Books,
sess_e9a44484,usr_1241,2026-07-07 22:01:25,1_Landing,Clothing,
sess_43999e96,usr_2459,09/07/2026 01:49:47,3_Add_to_Cart,Books,
sess_15b84be0,usr_1789,2026-07-10 03:07:48,1_Landing,Electronics,
sess_dbccdc48,usr_1545,2026-07-03 00:37:37,1_Landing,Electronics,
sess_552d7191,usr_0521,2026-07-03 02:59:23,3_Add_to_Cart,Books,
sess_7c38b546,usr_0265,2026-07-03 00:35:59,1_Landing,Electronics,
sess_d4d30799,usr_1216,2026-07-04 23:36:23,3_Add_to_Cart,Home & Kitchen,
sess_8571f344,usr_0941,2026-07-01 00:37:02,1_Landing,Home & Kitchen,
sess_f5290935,usr_1614,05/07/2026 08:35:22,1_Landing,Electronics,
sess_e9a21f94,usr_0842,2026-07-10 05:48:11,2_Product_View,Electronics,
sess_d79b79e9,usr_0666,03/07/2026 15:14:20,1_Landing,Electronics,
sess_e781bcb7,usr_0446,2026-07-06 14:12:20,2_Product_View,Electronics,
sess_625bc11b,usr_0753,2026-07-09 17:08:04,2_Product_View,Home & Kitchen,
sess_b5cb9025,usr_1560,2026-07-01 13:09:16,2_Product_View,Clothing,
sess_7587c1d4,usr_1173,2026-07-08 02:31:29,2_Product_View,Home & Kitchen,
sess_1588e767,usr_0406,2026-07-10T07:38:12Z,2_Product_View,Home & Kitchen,
sess_6dbac320,usr_1299,2026-07-05 07:18:45,1_Landing,Home & Kitchen,
sess_5bdf034f,usr_2058,2026-07-05 11:11:18,2_Product_View,Electronics,
sess_1e9ee866,usr_2197,2026-07-10 12:47:42,2_Product_View,Clothing,
sess_936ed460,usr_0277,2026-07-05T20:34:51Z,2_Product_View,Electronics,
sess_cf028ef9,usr_2294,2026-07-08 02:22:59,1_Landing,Electronics,
sess_304f2e7b,usr_1325,2026-07-02 07:45:09,3_Add_to_Cart,Clothing,
sess_4f38c0be,usr_1000,2026-07-03 00:05:29,1_Landing,Home & Kitchen,
sess_48f60476,usr_0234,2026-07-09 04:44:52,3_Add_to_Cart,Electronics,
sess_69369417,usr_1607,2026-07-08 19:40:29,1_Landing,Electronics,
sess_d0cf78b3,usr_1286,2026-07-04 03:13:24,2_Product_View,Clothing,
sess_adb1a56d,usr_2626,2026-07-03 01:26:02,3_Add_to_Cart,Books,
sess_e3221ec4,usr_1093,2026-07-07 13:17:07,1_Landing,Home & Kitchen,
sess_917e59f5,usr_2699,2026-07-03 07:01:13,1_Landing,Books,
sess_7c38b546,usr_0265,2026-07-03 00:47:58,2_Product_View,Electronics,
sess_052c0e68,usr_0785,2026-07-06 22:24:25,1_Landing,Books,
sess_22d7e01b,usr_0758,2026-07-08T16:11:00Z,2_Product_View,Electronics,
sess_0f17f555,usr_0782,2026-07-06T02:37:00Z,1_Landing,Books,
sess_5bbc9df7,usr_1382,2026-07-01 23:46:08,1_Landing,Books,
sess_e7e1aa57,usr_1528,2026-07-06 14:03:20,2_Product_View,Home & Kitchen,
sess_5f93147b,usr_2430,2026-07-05 15:09:16,1_Landing,Home & Kitchen,
sess_92c9d037,usr_0765,09/07/2026 11:59:18,4_Purchase,Clothing,60.73
sess_6d436929,usr_0958,2026-07-08 00:03:55,1_Landing,Electronics,
sess_b21ddaf0,usr_0289,2026-07-06 03:15:20,2_Product_View,Clothing,
sess_f27f9f08,usr_1568,2026-07-09 07:17:54,4_Purchase,Clothing,123.33
sess_e4c29366,usr_1356,2026-07-06 10:38:31,1_Landing,Electronics,
sess_8e55c9ae,usr_1447,2026-07-01 15:30:53,2_Product_View,Electronics,
sess_8caf1e2d,usr_1487,04/07/2026 10:15:33,3_Add_to_Cart,Electronics,
sess_d42f18ce,usr_2715,2026-07-04 17:29:11,1_Landing,Clothing,
sess_5d9967c7,usr_1251,2026-07-02 17:31:26,2_Product_View,Books,
sess_72bedf9e,usr_1285,09/07/2026 19:11:12,1_Landing,Electronics,
sess_2bedd5df,usr_0887,2026-07-03T11:28:34Z,1_Landing,Home & Kitchen,
sess_c607ea4c,usr_2085,2026-07-03T09:21:06Z,1_Landing,Electronics,
sess_56cf0928,usr_2210,2026-07-06 17:43:11,1_Landing,Home & Kitchen,
sess_ca4f2a92,usr_2125,02/07/2026 05:06:25,3_Add_to_Cart,Books,
sess_964f69df,usr_0035,2026-07-09 06:43:35,3_Add_to_Cart,Electronics,
sess_b9ddf5a7,usr_0838,2026-07-06 17:30:54,3_Add_to_Cart,Clothing,
sess_292a9ee9,usr_0295,10/07/2026 19:49:43,1_Landing,Home & Kitchen,
sess_a832943b,usr_0602,2026-07-05 19:56:34,1_Landing,Electronics,
sess_1c2a2ab8,usr_1287,2026-07-04T10:35:11Z,2_Product_View,Clothing,
sess_964f69df,usr_0035,2026-07-09 06:39:12,2_Product_View,Electronics,
sess_3c87507c,usr_0239,2026-07-05 14:04:44,1_Landing,Books,
sess_6bf01b51,usr_1912,2026-07-10 23:31:27,1_Landing,Books,
sess_bd205d36,usr_2274,2026-07-05T16:02:52Z,1_Landing,Books,
sess_c342b67e,usr_0008,2026-07-04 20:31:25,1_Landing,Home & Kitchen,
sess_176e9d22,usr_2382,2026-07-08T13:11:03Z,3_Add_to_Cart,Home & Kitchen,
sess_9e28b047,usr_1518,2026-07-02 07:49:34,1_Landing,Home & Kitchen,
sess_0fac56ed,usr_2558,2026-07-09 08:30:07,2_Product_View,Books,
sess_dce7f78d,usr_2385,2026-07-01 14:14:09,3_Add_to_Cart,Home & Kitchen,
sess_b6b809d4,usr_1415,2026-07-06 23:43:32,2_Product_View,Home & Kitchen,
sess_d0ec97a5,usr_1106,2026-07-10 07:15:38,3_Add_to_Cart,Electronics,
sess_6de07041,usr_0110,2026-07-01 06:17:35,1_Landing,Books,
sess_37e8d025,usr_1952,2026-07-08 17:38:18,1_Landing,Books,
sess_a07ece35,usr_1841,2026-07-04T18:40:39Z,1_Landing,Books,
sess_d59c2018,usr_1909,2026-07-08 14:41:33,2_Product_View,Books,
sess_e91ff723,usr_0534,2026-07-09 05:44:37,1_Landing,Books,
sess_62f4156f,usr_2425,2026-07-10 18:20:44,3_Add_to_Cart,Books,
sess_a12ec69e,usr_1087,2026-07-04T03:06:24Z,2_Product_View,Home & Kitchen,
sess_6648f153,usr_0648,2026-07-09 08:48:02,2_Product_View,Books,
sess_b67046f4,usr_1398,2026-07-07 00:07:11,1_Landing,Home & Kitchen,
sess_e3c38793,usr_1543,2026-07-02 23:58:22,1_Landing,Electronics,
sess_7040a993,usr_0731,2026-07-09 19:10:24,1_Landing,Books,
sess_25db3a9f,usr_0903,2026-07-05 13:11:31,1_Landing,Electronics,
sess_3210ecc2,usr_1548,01/07/2026 23:56:46,1_Landing,Clothing,
sess_58749e26,usr_0172,2026-07-05 09:20:07,1_Landing,Clothing,
sess_689703d5,usr_2725,2026-07-03 18:18:07,1_Landing,Clothing,
sess_0a912e6d,usr_0113,2026-07-02 20:53:09,1_Landing,Books,
sess_b76e3d64,usr_2010,2026-07-05 17:38:20,1_Landing,Home & Kitchen,
sess_0109ff5e,usr_2064,2026-07-08T13:48:32Z,1_Landing,Books,
sess_f4ddcacb,usr_0301,2026-07-05 12:43:38,1_Landing,Electronics,
sess_2a75c5f1,usr_1006,2026-07-06 16:20:01,2_Product_View,Electronics,
sess_6101d5ec,usr_1632,2026-07-08 22:15:48,1_Landing,Books,
sess_cdd59604,usr_0015,2026-07-03 12:02:09,2_Product_View,Clothing,
sess_48f60476,usr_0234,2026-07-09 04:34:55,2_Product_View,Electronics,
sess_d5d83a17,usr_0865,2026-07-08 22:40:00,1_Landing,Home & Kitchen,
sess_b4780eab,usr_0472,2026-07-01 16:50:10,1_Landing,Home & Kitchen,
sess_e07cee91,usr_1959,2026-07-10 22:47:53,2_Product_View,Books,
sess_095e6e08,usr_1137,2026-07-08 10:54:32,2_Product_View,Books,
sess_597cc181,usr_1943,2026-07-07 06:21:21,2_Product_View,Clothing,
sess_d0bf62e6,usr_1455,08/07/2026 11:27:29,1_Landing,Home & Kitchen,
sess_a289ddd4,usr_0252,2026-07-01 11:21:43,1_Landing,Books,
sess_703f1728,usr_0201,2026-07-02 05:17:28,1_Landing,Home & Kitchen,
sess_3d4057c3,usr_2117,2026-07-09 03:54:21,4_Purchase,Books,29.54
sess_b91e5d60,usr_1639,2026-07-08 02:22:43,1_Landing,Electronics,
sess_874e5624,usr_2631,2026-07-06 07:08:14,1_Landing,Clothing,
sess_90e45053,usr_0078,01/07/2026 13:59:11,2_Product_View,Home & Kitchen,
sess_8bbc31ae,usr_1069,2026-07-01 10:27:11,1_Landing,Books,
sess_f8f8c8e9,usr_2762,10/07/2026 11:36:53,1_Landing,Clothing,
sess_6bf0008d,usr_1697,2026-07-06 16:14:11,2_Product_View,Electronics,
sess_65c72e60,usr_1479,2026-07-03 10:10:24,2_Product_View,Electronics,
sess_61cf01d6,usr_1419,2026-07-05 22:38:47,2_Product_View,Home & Kitchen,
sess_51ce0935,usr_2620,2026-07-04 06:29:00,1_Landing,Books,
sess_4f336b07,usr_1263,2026-07-06 02:45:15,3_Add_to_Cart,Books,
sess_3bcb6af3,usr_0670,02/07/2026 16:09:28,1_Landing,Clothing,
sess_e8f65b5a,usr_1193,05/07/2026 07:38:37,1_Landing,Clothing,
sess_e781bcb7,usr_0446,2026-07-06 14:00:16,1_Landing,Electronics,
sess_f29dc517,usr_2495,2026-07-10T02:23:01Z,1_Landing,Books,
sess_c8c79737,usr_0036,2026-07-09 10:17:37,3_Add_to_Cart,Electronics,
sess_cef7d001,usr_2365,2026-07-04 06:59:39,1_Landing,Books,
sess_dadc0104,usr_1315,2026-07-02 15:15:29,2_Product_View,Books,
sess_f7010b38,usr_2164,2026-07-04 23:24:55,3_Add_to_Cart,Clothing,
sess_b3396d32,usr_2700,2026-07-02 14:45:10,1_Landing,Electronics,
sess_14ca0f82,usr_1578,2026-07-07 00:31:46,1_Landing,Clothing,
sess_c972cccd,usr_2381,2026-07-10 02:23:28,1_Landing,Home & Kitchen,
sess_bca8fa4f,usr_1066,2026-07-09 02:12:39,1_Landing,Electronics,
sess_6531599c,usr_2159,2026-07-05 18:27:18,2_Product_View,Home & Kitchen,
sess_cb2cc3ea,usr_2361,2026-07-07 01:40:09,1_Landing,Clothing,
sess_0de38ff0,usr_1112,2026-07-10 22:21:54,1_Landing,Books,
sess_54320a00,usr_1205,2026-07-06 07:23:42,1_Landing,Home & Kitchen,
sess_35bbc9e4,usr_0519,2026-07-07 21:46:15,1_Landing,Electronics,
sess_05f7cfda,usr_0829,2026-07-01 01:21:03,1_Landing,Books,
sess_a71ff0ca,usr_0204,2026-07-04 00:45:18,4_Purchase,Home & Kitchen,214.9
sess_e23d91e1,usr_1041,2026-07-08 16:50:43,1_Landing,Books,
sess_7926a9da,usr_2671,2026-07-10T12:41:14Z,3_Add_to_Cart,Home & Kitchen,
sess_8d11780c,usr_0664,2026-07-01 18:50:44,1_Landing,Electronics,
sess_cadc57ee,usr_2523,2026-07-06 04:40:50,2_Product_View,Clothing,
sess_dd47f65f,usr_2207,2026-07-09 13:26:22,2_Product_View,Home & Kitchen,
sess_00d6a85f,usr_1185,2026-07-10 17:09:35,1_Landing,Home & Kitchen,
sess_3e9838bb,usr_1025,2026-07-07 15:18:53,2_Product_View,Home & Kitchen,
sess_76cf9230,usr_1855,2026-07-07 12:09:18,1_Landing,Electronics,
sess_c3feb9eb,usr_0748,01/07/2026 20:12:44,1_Landing,Clothing,
sess_9ab8340d,usr_1751,2026-07-03 13:02:34,1_Landing,Electronics,
sess_7b209bef,usr_0717,2026-07-10T07:14:43Z,1_Landing,Clothing,
sess_194dcdd7,usr_1773,2026-07-01 02:16:45,1_Landing,Home & Kitchen,
sess_d877b754,usr_0960,2026-07-06 21:42:56,1_Landing,Books,
sess_6472db82,usr_2414,2026-07-03 16:57:31,1_Landing,Electronics,
sess_242ae15d,usr_0040,2026-07-09 01:56:50,2_Product_View,Clothing,
sess_504cab8b,usr_1354,2026-07-03 03:18:24,1_Landing,Electronics,
sess_f5747ef2,usr_1442,2026-07-07T18:27:54Z,2_Product_View,Home & Kitchen,
sess_893048a3,usr_1675,2026-07-10 07:21:41,2_Product_View,Home & Kitchen,
sess_ef2b415e,usr_1561,09/07/2026 21:11:56,1_Landing,Books,
sess_197a5804,usr_1357,2026-07-03 20:24:09,2_Product_View,Books,
sess_8caf1e2d,usr_1487,2026-07-04 10:21:48,4_Purchase,Electronics,860.54
sess_c9516c0c,usr_1267,2026-07-07T22:34:47Z,1_Landing,Electronics,
sess_0307d2d6,usr_0604,2026-07-07 11:16:25,2_Product_View,Home & Kitchen,
sess_55f1cd6d,usr_2231,2026-07-08 12:27:27,1_Landing,Clothing,
sess_d6d05c65,usr_1456,2026-07-02 04:39:58,1_Landing,Books,
sess_5f0fa012,usr_1927,2026-07-05 08:14:50,2_Product_View,Electronics,
sess_67b3667a,usr_1612,2026-07-03 18:46:23,1_Landing,Home & Kitchen,
sess_1588e767,usr_0406,2026-07-10 07:29:23,1_Landing,Home & Kitchen,
sess_6e37fb01,usr_1626,07/07/2026 15:53:15,1_Landing,Books,
sess_7c3a438d,usr_2002,2026-07-08 15:30:13,1_Landing,Clothing,
sess_34bf5293,usr_1849,2026-07-02 17:54:31,1_Landing,Clothing,
sess_00c08b42,usr_1889,2026-07-02 10:50:41,2_Product_View,Books,
sess_f5d799a3,usr_0603,2026-07-10 16:07:33,1_Landing,Electronics,
sess_4e3520fb,usr_0085,2026-07-07T23:47:45Z,3_Add_to_Cart,Home & Kitchen,
sess_2239490e,usr_1467,2026-07-03 16:56:14,2_Product_View,Clothing,
sess_ceadeed1,usr_1741,2026-07-06 13:12:13,1_Landing,Home & Kitchen,
sess_a5580a2d,usr_2427,2026-07-04 22:26:06,1_Landing,Clothing,
sess_75a498ac,usr_0126,2026-07-09 01:51:02,2_Product_View,Books,
sess_e2e15a20,usr_2173,2026-07-07 04:44:04,1_Landing,Home & Kitchen,
sess_d9740430,usr_2384,2026-07-08 05:29:06,2_Product_View,Electronics,
sess_a235a13d,usr_1857,2026-07-03T17:20:03Z,1_Landing,Clothing,
sess_e9e5fd5d,usr_2582,2026-07-05 12:12:00,1_Landing,Books,
sess_24e94222,usr_2456,2026-07-02 04:46:07,1_Landing,Books,
sess_b5a3b3e3,usr_0539,2026-07-04 06:46:43,2_Product_View,Clothing,
sess_4963e656,usr_2245,2026-07-02 16:35:01,3_Add_to_Cart,Books,
sess_b9801f01,usr_1735,2026-07-10 04:27:38,3_Add_to_Cart,Home & Kitchen,
sess_bd923a8a,usr_0075,2026-07-05 11:10:38,1_Landing,Books,
sess_f4ea5949,usr_1245,2026-07-02 03:32:19,1_Landing,Electronics,
sess_0df76b37,usr_2701,2026-07-05 02:11:19,2_Product_View,Clothing,
sess_02a85b3c,usr_0852,2026-07-01 13:09:13,1_Landing,Books,
sess_f58f2604,usr_1142,2026-07-06 18:51:27,2_Product_View,Clothing,
sess_4919483e,usr_1438,2026-07-03 13:54:14,1_Landing,Electronics,
sess_e781bcb7,usr_0446,2026-07-06T14:20:34Z,4_Purchase,Electronics,745.96
sess_ad567d18,usr_0160,2026-07-06 04:53:58,3_Add_to_Cart,Home & Kitchen,
sess_b649daa0,usr_1555,2026-07-06 02:50:10,2_Product_View,Electronics,
sess_2055940e,usr_0312,2026-07-08 00:01:35,2_Product_View,Books,
sess_6a0cb3c0,usr_2515,2026-07-01 18:08:12,1_Landing,Books,
sess_af73221e,usr_1345,2026-07-01 19:08:27,3_Add_to_Cart,Clothing,
sess_c5a0bb39,usr_2354,09/07/2026 11:24:41,4_Purchase,Home & Kitchen,278.31
sess_5d20e510,usr_0524,07/07/2026 13:16:40,2_Product_View,Electronics,
sess_ab6aa7b4,usr_2118,2026-07-10 02:07:43,2_Product_View,Electronics,
sess_0be08a0e,usr_2281,2026-07-09 21:25:02,2_Product_View,Clothing,
sess_ee89ef28,usr_0074,01/07/2026 07:18:44,3_Add_to_Cart,Electronics,
sess_b32dc00e,usr_2796,2026-07-03 22:56:52,2_Product_View,Home & Kitchen,
sess_878426f7,usr_0236,2026-07-01 02:02:41,1_Landing,Electronics,
sess_c36a8804,usr_0373,2026-07-06 02:50:34,1_Landing,Books,
sess_7a8ae3f9,usr_1196,2026-07-07 23:55:05,1_Landing,Home & Kitchen,
sess_77a019dc,usr_0013,2026-07-09 08:49:41,1_Landing,Electronics,
sess_d79c9fa4,usr_0819,2026-07-03 22:21:57,1_Landing,Home & Kitchen,
sess_968b4e66,usr_1961,07/07/2026 05:00:36,1_Landing,Books,
sess_54c9ba5e,usr_0957,2026-07-08 17:31:40,3_Add_to_Cart,Books,
sess_476ec19e,usr_2086,2026-07-04 05:57:25,1_Landing,Electronics,
sess_137718b4,usr_0687,2026-07-05T17:55:29Z,4_Purchase,Electronics,895.14
sess_ccce586e,usr_2316,2026-07-10 16:54:43,4_Purchase,Electronics,852.47
sess_69cd5854,usr_2204,2026-07-07T23:01:45Z,4_Purchase,Clothing,98.58
sess_2a164f9f,usr_1471,06/07/2026 22:37:05,2_Product_View,Clothing,
sess_53438a44,usr_2646,2026-07-07 02:28:48,2_Product_View,Home & Kitchen,
sess_c24f71e0,usr_0781,2026-07-04 21:56:20,1_Landing,Clothing,
sess_ee63a45f,usr_2071,2026-07-09 04:42:43,1_Landing,Home & Kitchen,
sess_4f9c9c51,usr_0083,2026-07-09 00:33:12,1_Landing,Home & Kitchen,
sess_471e3f0a,usr_0106,2026-07-02T15:33:32Z,2_Product_View,Books,
sess_69433461,usr_2344,2026-07-05 07:35:35,1_Landing,Electronics,
sess_ab8db36f,usr_2264,2026-07-01 14:48:50,3_Add_to_Cart,Home & Kitchen,
sess_1033ca09,usr_0529,2026-07-06 11:53:40,1_Landing,Electronics,
sess_c3ed3f9a,usr_0926,2026-07-04 02:57:53,1_Landing,Books,
sess_d990ae6d,usr_0531,2026-07-02 08:55:06,2_Product_View,Books,
sess_84508f69,usr_0271,2026-07-08 20:38:27,2_Product_View,Home & Kitchen,
sess_7ec10246,usr_0597,2026-07-03 19:16:49,2_Product_View,Books,
sess_c24f71e0,usr_0781,2026-07-04 22:10:18,2_Product_View,Clothing,
sess_19d10ba2,usr_2334,2026-07-01 17:28:45,3_Add_to_Cart,Home & Kitchen,
sess_bcf761d6,usr_0235,2026-07-03 20:29:20,2_Product_View,Home & Kitchen,
sess_2b4f1d74,usr_1362,2026-07-07 12:12:44,2_Product_View,Clothing,
sess_a03f38ce,usr_2181,2026-07-04 23:44:34,1_Landing,Electronics,
sess_65f38b98,usr_1506,04/07/2026 17:06:49,2_Product_View,Home & Kitchen,
sess_6b4175a3,usr_2142,2026-07-05 07:39:54,1_Landing,Home & Kitchen,
sess_c5f46747,usr_2023,10/07/2026 03:30:27,1_Landing,Books,
sess_72ec71b0,usr_2145,2026-07-02T21:25:08Z,1_Landing,Electronics,
sess_6bcb9018,usr_2771,2026-07-10 17:01:16,1_Landing,Home & Kitchen,
sess_801cc313,usr_0779,2026-07-06 15:46:34,2_Product_View,Books,
sess_09705aee,usr_2608,2026-07-09 02:59:59,2_Product_View,Home & Kitchen,
sess_05ee747f,usr_0793,2026-07-10 15:44:05,1_Landing,Electronics,
sess_89c5b65a,usr_1931,2026-07-06 04:20:53,1_Landing,Books,
sess_80d326e6,usr_2235,2026-07-03 21:29:04,1_Landing,Books,
sess_f514e5e6,usr_2178,2026-07-03 20:00:06,2_Product_View,Books,
sess_7926a9da,usr_2671,2026-07-10 12:46:01,4_Purchase,Home & Kitchen,81.99
sess_3ce364e6,usr_1513,2026-07-01 11:01:20,2_Product_View,Clothing,
sess_c3c06df2,usr_2040,2026-07-03 02:39:44,1_Landing,Electronics,
sess_f36fa520,usr_0438,2026-07-01T00:09:37Z,1_Landing,Home & Kitchen,
sess_ab086441,usr_1256,2026-07-03 17:01:47,2_Product_View,Electronics,
sess_b5319346,usr_2072,10/07/2026 07:23:09,2_Product_View,Home & Kitchen,
sess_414ab23b,usr_2668,2026-07-01 05:23:22,1_Landing,Books,
sess_00c08b42,usr_1889,2026-07-02 10:35:02,1_Landing,Books,
sess_721a1ff0,usr_0965,2026-07-09 13:36:39,2_Product_View,Home & Kitchen,
sess_2b46c61f,usr_1101,2026-07-03 02:04:30,2_Product_View,Electronics,
sess_afba66ca,usr_2556,2026-07-01 23:50:02,1_Landing,Electronics,
sess_bd2b8e4b,usr_2451,2026-07-07T00:06:05Z,1_Landing,Electronics,
sess_d6db9cb5,usr_2647,2026-07-07T23:31:02Z,2_Product_View,Electronics,
sess_4b4e8160,usr_0014,2026-07-09 05:32:58,1_Landing,Home & Kitchen,
sess_7aa595da,usr_1328,2026-07-04 06:52:14,1_Landing,Books,
sess_bb5a719d,usr_2171,05/07/2026 06:23:54,2_Product_View,Electronics,
sess_c114c67c,usr_0752,2026-07-08 13:59:47,1_Landing,Home & Kitchen,
sess_df9deae8,usr_0146,2026-07-01T22:34:41Z,3_Add_to_Cart,Home & Kitchen,
sess_4d043ae5,usr_2601,2026-07-04 02:05:45,1_Landing,Electronics,
sess_7802c49b,usr_2149,2026-07-04 12:22:12,1_Landing,Clothing,
sess_1e9ee866,usr_2197,2026-07-10 12:46:02,1_Landing,Clothing,
sess_ed3b2366,usr_1302,2026-07-10 09:21:55,2_Product_View,Books,
sess_9d4e6a35,usr_2611,03/07/2026 12:07:59,1_Landing,Home & Kitchen,
sess_49a91d54,usr_2630,2026-07-10 06:57:33,1_Landing,Clothing,
sess_a883b6da,usr_1557,2026-07-04 17:42:53,1_Landing,Home & Kitchen,
sess_69433461,usr_2344,2026-07-05 07:57:29,3_Add_to_Cart,Electronics,
sess_711ae77c,usr_1822,2026-07-07 12:56:52,3_Add_to_Cart,Books,
sess_aa027e95,usr_0817,2026-07-10 20:14:40,3_Add_to_Cart,Clothing,
sess_025c3c4f,usr_2641,2026-07-03 23:22:25,1_Landing,Clothing,
sess_5fee4859,usr_1254,2026-07-07 04:22:28,2_Product_View,Clothing,
sess_ad311d18,usr_1679,2026-07-04 05:29:32,1_Landing,Books,
sess_a0ee1fb3,usr_1792,2026-07-02 09:58:26,1_Landing,Home & Kitchen,
sess_4f71147f,usr_0246,2026-07-05T17:11:38Z,3_Add_to_Cart,Books,
sess_d0cf78b3,usr_1286,2026-07-04 03:08:25,1_Landing,Clothing,
sess_995f1ff4,usr_0944,2026-07-10 17:09:56,2_Product_View,Books,
sess_7995f4fb,usr_2783,2026-07-02 16:44:41,3_Add_to_Cart,Electronics,
sess_73d149c2,usr_0385,2026-07-02 18:53:44,2_Product_View,Clothing,
sess_80a900a7,usr_2273,2026-07-02 06:25:02,2_Product_View,Books,
sess_6697e9d8,usr_0021,02/07/2026 01:55:21,1_Landing,Clothing,
sess_ca2ecfe4,usr_0592,01/07/2026 05:24:37,2_Product_View,Clothing,
sess_5b84d044,usr_0159,2026-07-07T15:10:43Z,2_Product_View,Clothing,
sess_af4b7e73,usr_0562,2026-07-07 12:28:40,1_Landing,Home & Kitchen,
sess_e4b75b4b,usr_2128,2026-07-05 12:16:21,2_Product_View,Clothing,
sess_ff74f425,usr_0376,2026-07-01 03:59:54,1_Landing,Books,
sess_b5e430c1,usr_1875,2026-07-02 02:01:00,1_Landing,Electronics,
sess_0fc8b06e,usr_0407,2026-07-03 01:08:48,2_Product_View,Clothing,
sess_ff88c985,usr_2059,2026-07-02 19:18:22,1_Landing,Books,
sess_5c80fb98,usr_1298,2026-07-04 05:10:54,2_Product_View,Home & Kitchen,
sess_5f93147b,usr_2430,2026-07-05T15:11:43Z,2_Product_View,Home & Kitchen,
sess_e62d2915,usr_2247,2026-07-05 04:58:30,2_Product_View,Clothing,
sess_e79b7cf4,usr_2508,2026-07-07 08:03:29,1_Landing,Home & Kitchen,
sess_68059285,usr_0621,2026-07-04 10:26:22,1_Landing,Clothing,
sess_4d5a47ba,usr_2006,2026-07-03 15:39:50,1_Landing,Clothing,
sess_5d5b6640,usr_2228,2026-07-02T07:35:21Z,2_Product_View,Clothing,
sess_625bc11b,usr_0753,2026-07-09 17:01:13,1_Landing,Home & Kitchen,
sess_acfa18d7,usr_1468,2026-07-07 12:44:51,1_Landing,Home & Kitchen,
sess_50c0be79,usr_1711,04/07/2026 03:48:14,1_Landing,Clothing,
sess_1c2a2ab8,usr_1287,2026-07-04 10:37:28,3_Add_to_Cart,Clothing,
sess_8e6c2264,usr_1823,2026-07-08T02:15:38Z,2_Product_View,Home & Kitchen,
sess_34b01c92,usr_2391,2026-07-05 13:59:30,2_Product_View,Books,
sess_5d5b6640,usr_2228,2026-07-02 07:37:05,3_Add_to_Cart,Clothing,
sess_90a20731,usr_0564,2026-07-07 12:52:42,1_Landing,Books,
sess_72adedb0,usr_1407,2026-07-05 10:48:22,1_Landing,Home & Kitchen,
sess_d6c2d259,usr_0711,2026-07-07T07:42:07Z,2_Product_View,Clothing,
sess_2a185b36,usr_1862,2026-07-10 20:24:18,1_Landing,Books,
sess_5055b0e4,usr_0851,2026-07-02 10:26:05,3_Add_to_Cart,Clothing,
sess_a6221c45,usr_0116,2026-07-09 08:52:00,1_Landing,Home & Kitchen,
sess_cfd6bbbc,usr_2191,2026-07-05 08:10:05,1_Landing,Home & Kitchen,
sess_5bbaf44e,usr_0093,2026-07-09 12:28:58,1_Landing,Clothing,
sess_864958eb,usr_0675,2026-07-08 16:43:07,3_Add_to_Cart,Books,
sess_f777f616,usr_1437,02/07/2026 08:43:33,1_Landing,Books,
sess_19d3118a,usr_0985,05/07/2026 23:43:12,1_Landing,Clothing,
sess_300e9686,usr_0894,2026-07-09 12:12:31,1_Landing,Electronics,
sess_016f8b33,usr_2276,2026-07-08 17:15:46,2_Product_View,Books,
sess_2a75c5f1,usr_1006,2026-07-06 16:12:31,1_Landing,Electronics,
sess_0f69bf7b,usr_2486,08/07/2026 13:13:03,2_Product_View,Electronics,
sess_4e68b864,usr_2470,05/07/2026 13:03:52,1_Landing,Home & Kitchen,
sess_c60b03bc,usr_0776,2026-07-07 18:54:32,2_Product_View,Books,
sess_537fd38d,usr_0046,2026-07-06 09:52:50,1_Landing,Books,
sess_61bd8af7,usr_1486,2026-07-02 14:27:40,1_Landing,Clothing,
sess_025306a8,usr_0713,2026-07-05 22:49:24,2_Product_View,Clothing,
sess_ef5e8440,usr_0127,03/07/2026 22:33:10,3_Add_to_Cart,Books,
sess_afba66ca,usr_2556,2026-07-02 00:01:59,2_Product_View,Electronics,
sess_d3cf7947,usr_1689,2026-07-08 21:18:09,1_Landing,Books,
sess_695de88f,usr_0250,2026-07-03 19:57:32,1_Landing,Books,
sess_8559a06a,usr_0452,2026-07-05 09:25:41,2_Product_View,Home & Kitchen,
sess_5655d515,usr_1105,2026-07-08 16:23:37,2_Product_View,Electronics,
sess_9ab8340d,usr_1751,2026-07-03 13:13:20,2_Product_View,Electronics,
sess_dc43d698,usr_2717,2026-07-04T23:47:00Z,1_Landing,Clothing,
sess_1c6d0271,usr_2637,2026-07-04 10:32:01,2_Product_View,Books,
sess_1292cdb5,usr_0591,2026-07-03 20:32:02,1_Landing,Clothing,
sess_4ceacd4d,usr_2401,2026-07-04 23:44:32,1_Landing,Clothing,
sess_64096264,usr_1327,2026-07-05 14:09:53,1_Landing,Clothing,
sess_899010a3,usr_1761,2026-07-07 10:25:23,3_Add_to_Cart,Clothing,
sess_d8805bb6,usr_2306,2026-07-08 05:58:21,1_Landing,Home & Kitchen,
sess_4ed11be0,usr_1700,2026-07-04 23:53:58,1_Landing,Electronics,
sess_de040896,usr_1368,2026-07-06T11:01:19Z,1_Landing,Electronics,
sess_fa013b8f,usr_1994,2026-07-08 15:23:50,1_Landing,Electronics,
sess_2f1c01f7,usr_0757,04/07/2026 16:19:11,1_Landing,Home & Kitchen,
sess_9f814e98,usr_2076,2026-07-07T23:41:01Z,3_Add_to_Cart,Home & Kitchen,
sess_bbad40c8,usr_0572,2026-07-10T21:41:02Z,4_Purchase,Home & Kitchen,239.98
sess_b11210a6,usr_0570,2026-07-09 14:41:35,1_Landing,Electronics,
sess_e6eaa53a,usr_2101,2026-07-09 12:56:33,1_Landing,Home & Kitchen,
sess_a281ce73,usr_0354,2026-07-02 07:31:16,2_Product_View,Home & Kitchen,
sess_b297cb96,usr_0490,2026-07-08 06:32:07,1_Landing,Electronics,
sess_929f222c,usr_1014,2026-07-06 05:13:11,1_Landing,Home & Kitchen,
sess_a6a7c875,usr_0335,2026-07-05 10:44:55,2_Product_View,Clothing,
sess_b0f34047,usr_1719,2026-07-02 02:15:10,1_Landing,Home & Kitchen,
sess_99b1ca3c,usr_1036,2026-07-09T01:35:01Z,2_Product_View,Electronics,
sess_31259ff1,usr_2672,2026-07-05 19:28:17,3_Add_to_Cart,Electronics,
sess_5d7685a4,usr_1644,2026-07-03T00:21:59Z,1_Landing,Electronics,
sess_540780a9,usr_2392,2026-07-05 12:33:07,2_Product_View,Electronics,
sess_4b08ac18,usr_1727,2026-07-03 03:54:57,2_Product_View,Electronics,
sess_6e11dd45,usr_0689,2026-07-10T03:51:32Z,2_Product_View,Books,
sess_320930f6,usr_2346,2026-07-04 05:51:25,1_Landing,Books,
sess_7920ceee,usr_2404,2026-07-07 21:08:01,1_Landing,Clothing,
sess_037f8a92,usr_1097,2026-07-03 10:21:05,2_Product_View,Clothing,
sess_abb34ad3,usr_0886,2026-07-08 08:35:13,2_Product_View,Clothing,
sess_f382cf8c,usr_2016,2026-07-10T04:51:49Z,1_Landing,Clothing,
sess_584cc007,usr_0038,2026-07-05 01:10:42,2_Product_View,Books,
sess_11a334ff,usr_1990,2026-07-04 15:45:02,2_Product_View,Electronics,
sess_0bc66ff7,usr_0161,2026-07-03 17:03:37,1_Landing,Home & Kitchen,
sess_aab94534,usr_2093,2026-07-06T22:29:04Z,2_Product_View,Home & Kitchen,
sess_3fb192fa,usr_1987,2026-07-09 14:10:16,2_Product_View,Electronics,
sess_602a43f7,usr_0162,2026-07-02 13:22:55,1_Landing,Home & Kitchen,
sess_c6bb1dd5,usr_0573,2026-07-05 11:08:43,1_Landing,Books,
sess_48c8cf60,usr_0956,2026-07-07 07:12:00,2_Product_View,Clothing,
sess_9844e704,usr_0061,08/07/2026 19:52:46,1_Landing,Home & Kitchen,
sess_ae501fcb,usr_0355,10/07/2026 04:45:04,2_Product_View,Books,
sess_01f0435c,usr_2794,2026-07-03 13:49:17,1_Landing,Books,
sess_24529c42,usr_0647,2026-07-05 07:26:55,2_Product_View,Books,
sess_0f3cba49,usr_1234,2026-07-07 13:53:10,3_Add_to_Cart,Clothing,
sess_b4ed419f,usr_1576,2026-07-09 23:05:25,2_Product_View,Books,
sess_e2ed7d85,usr_2790,2026-07-10 07:41:21,2_Product_View,Home & Kitchen,
sess_855a52d6,usr_1984,2026-07-08 08:34:05,1_Landing,Electronics,
sess_74760d16,usr_0643,2026-07-08 11:56:03,2_Product_View,Home & Kitchen,
sess_34f8eb0b,usr_2279,2026-07-08 23:43:38,1_Landing,Home & Kitchen,
sess_05c8dd18,usr_1392,2026-07-05 08:30:12,1_Landing,Clothing,
sess_fbb7d530,usr_1934,2026-07-08 02:59:04,1_Landing,Clothing,
sess_08553f18,usr_0891,2026-07-08T01:08:43Z,1_Landing,Electronics,
sess_c5dfba9a,usr_2077,2026-07-06T01:27:25Z,1_Landing,Electronics,
sess_e2ed7d85,usr_2790,2026-07-10 07:38:27,1_Landing,Home & Kitchen,
sess_f8a0f69a,usr_0745,2026-07-07 20:08:38,3_Add_to_Cart,Home & Kitchen,
sess_8ba5ae08,usr_1621,2026-07-03 01:53:37,1_Landing,Books,
sess_b3a1a876,usr_0970,2026-07-05T02:59:52Z,1_Landing,Home & Kitchen,
sess_ca4f2a92,usr_2125,2026-07-02 05:02:55,2_Product_View,Books,
sess_6692c2cb,usr_1531,2026-07-10 16:36:40,1_Landing,Clothing,
sess_d123fc9e,usr_1498,2026-07-09 15:03:24,1_Landing,Electronics,
sess_56cafd79,usr_0186,2026-07-08 18:41:12,1_Landing,Electronics,
sess_a136538a,usr_0673,2026-07-10 09:20:26,1_Landing,Clothing,
sess_09b02106,usr_1242,02/07/2026 16:53:37,1_Landing,Books,
sess_01580ffc,usr_0933,2026-07-02 23:14:54,2_Product_View,Electronics,
sess_9e6f85a2,usr_1311,2026-07-03 08:02:33,3_Add_to_Cart,Electronics,
sess_13f0affd,usr_2368,2026-07-03 09:11:06,1_Landing,Electronics,
sess_04ca9c70,usr_0769,2026-07-02T14:19:43Z,1_Landing,Books,
sess_cd60ba0d,usr_0079,2026-07-03 13:11:46,1_Landing,Books,
sess_291dea7f,usr_1229,2026-07-01 05:54:31,1_Landing,Clothing,
sess_4da22c8f,usr_2288,2026-07-09 20:49:59,1_Landing,Electronics,
sess_ddc9a8e3,usr_0590,2026-07-08 15:13:37,1_Landing,Books,
sess_391ce8c0,usr_2329,2026-07-07 05:01:32,2_Product_View,Home & Kitchen,
sess_596049e9,usr_0983,2026-07-08T03:14:45Z,1_Landing,Books,
sess_ed44f522,usr_0092,2026-07-02 07:07:35,1_Landing,Home & Kitchen,
sess_a207c6d2,usr_2573,2026-07-01 21:19:20,2_Product_View,Home & Kitchen,
sess_acfa18d7,usr_1468,2026-07-07 12:52:43,2_Product_View,Home & Kitchen,
sess_35ffc2ef,usr_0652,2026-07-01 17:32:39,2_Product_View,Clothing,
sess_858b234f,usr_2729,2026-07-01 13:29:43,2_Product_View,Clothing,
sess_cbec930c,usr_2063,2026-07-06 19:33:51,2_Product_View,Books,
sess_a5a5842d,usr_0797,08/07/2026 16:57:30,1_Landing,Books,
sess_996055fa,usr_1698,2026-07-01 14:36:33,1_Landing,Electronics,
sess_f91c67df,usr_0735,2026-07-10 08:00:29,1_Landing,Electronics,
sess_6370b5e4,usr_0111,02/07/2026 00:40:38,1_Landing,Books,
sess_c8dedd2e,usr_2628,2026-07-06 04:46:23,1_Landing,Clothing,
sess_6d4c4bc8,usr_1712,2026-07-06 05:12:49,1_Landing,Clothing,
sess_5fc1e04f,usr_0488,2026-07-05 03:30:08,1_Landing,Clothing,
sess_9e3e1e59,usr_2612,2026-07-05 21:04:46,4_Purchase,Electronics,891.82
sess_2055940e,usr_0312,2026-07-08 00:00:34,1_Landing,Books,
sess_969028b1,usr_1572,2026-07-09 12:50:31,1_Landing,Electronics,
sess_d198fded,usr_0709,2026-07-03 00:22:43,1_Landing,Books,
sess_672d265c,usr_2287,2026-07-06 17:28:59,1_Landing,Electronics,
sess_02fcfc56,usr_2727,2026-07-04 13:15:29,1_Landing,Books,
sess_97657b3c,usr_2360,2026-07-08 02:13:43,1_Landing,Books,
sess_63c3ef32,usr_0005,2026-07-02T12:28:21Z,3_Add_to_Cart,Clothing,
sess_da16cf49,usr_0871,2026-07-04 10:34:24,2_Product_View,Clothing,
sess_af0cdf23,usr_2421,2026-07-01 08:28:32,1_Landing,Books,
sess_f8ffee67,usr_1910,2026-07-03 10:32:18,2_Product_View,Electronics,
sess_2dc46ec5,usr_0554,2026-07-04 06:47:34,2_Product_View,Home & Kitchen,
sess_552d7191,usr_0521,03/07/2026 02:54:48,2_Product_View,Books,
sess_592fea62,usr_0911,2026-07-07 15:02:03,2_Product_View,Electronics,
sess_70ec6991,usr_0221,2026-07-05 20:50:03,1_Landing,Books,
sess_95003fad,usr_2342,2026-07-01 10:22:09,2_Product_View,Clothing,
sess_78c8048b,usr_2693,2026-07-04 06:08:33,1_Landing,Clothing,
sess_4d929348,usr_0518,2026-07-06 16:33:44,1_Landing,Clothing,
sess_feebf4e7,usr_2543,2026-07-04 23:02:59,2_Product_View,Electronics,
sess_cb352281,usr_1595,09/07/2026 18:52:38,2_Product_View,Clothing,
sess_928f2c25,usr_1352,2026-07-08 11:32:54,1_Landing,Clothing,
sess_9da37255,usr_0925,2026-07-04 17:26:18,1_Landing,Books,
sess_97ff5779,usr_2560,2026-07-06 18:55:11,1_Landing,Books,
sess_4cd552f7,usr_2735,2026-07-03 21:00:02,1_Landing,Home & Kitchen,
sess_32daa9dd,usr_0558,2026-07-09 11:40:53,2_Product_View,Electronics,
sess_0f529463,usr_2574,2026-07-01 05:35:13,1_Landing,Electronics,
sess_2f535bd2,usr_1427,2026-07-07 12:06:14,1_Landing,Books,
sess_8a1f9d9d,usr_0340,2026-07-07 02:28:38,1_Landing,Books,
sess_e304923d,usr_0683,2026-07-07 23:39:50,3_Add_to_Cart,Books,
sess_1eaa5b3d,usr_2352,2026-07-10 21:56:29,1_Landing,Books,
sess_94aeb2e2,usr_1739,2026-07-07 01:28:28,1_Landing,Clothing,
sess_a2f3452e,usr_1182,2026-07-03 23:12:15,1_Landing,Home & Kitchen,
sess_a5db5ff6,usr_2270,2026-07-06 22:59:10,1_Landing,Home & Kitchen,
sess_da12a01d,usr_1785,2026-07-05 08:52:25,2_Product_View,Home & Kitchen,
sess_d4c16fba,usr_0337,2026-07-06 03:59:36,1_Landing,Books,
sess_cffddd3d,usr_0764,05/07/2026 04:10:17,1_Landing,Electronics,
sess_e0cbfd6c,usr_0196,08/07/2026 19:18:48,1_Landing,Clothing,
sess_60dee5c7,usr_2736,2026-07-10 17:10:32,2_Product_View,Clothing,
sess_768a7294,usr_0136,2026-07-09 16:58:17,1_Landing,Home & Kitchen,
sess_2482c8fd,usr_1355,2026-07-06 14:29:41,1_Landing,Electronics,
sess_e7eb8aeb,usr_0348,2026-07-06 20:06:43,1_Landing,Electronics,
sess_00c08b42,usr_1889,2026-07-02 11:00:42,3_Add_to_Cart,Books,
sess_59b6f251,usr_1900,2026-07-08 05:32:00,1_Landing,Electronics,
sess_f11a87f0,usr_0625,2026-07-04 07:47:15,1_Landing,Books,
sess_9e3e1e59,usr_2612,2026-07-05 21:04:46,4_Purchase,Electronics,891.82
sess_725f07a8,usr_0004,2026-07-02 17:46:47,4_Purchase,Books,39.79
sess_3e448cdc,usr_0375,01/07/2026 01:06:40,1_Landing,Home & Kitchen,
sess_2eabb57d,usr_0284,2026-07-02 16:28:51,1_Landing,Books,
sess_9db6b315,usr_1067,2026-07-08 17:13:52,3_Add_to_Cart,Clothing,
sess_562c806f,usr_1240,2026-07-05 18:21:04,2_Product_View,Books,
sess_4a2aeaf0,usr_2090,05/07/2026 21:05:33,3_Add_to_Cart,Home & Kitchen,
sess_f1ab6ef8,usr_1793,2026-07-05 11:52:43,1_Landing,Books,
sess_f33fbef9,usr_0205,2026-07-08T19:06:10Z,2_Product_View,Books,
sess_9dfa45f7,usr_2723,2026-07-05 05:42:24,3_Add_to_Cart,Clothing,
sess_016613f0,usr_1535,2026-07-09 07:49:58,1_Landing,Clothing,
sess_69c85bb0,usr_0310,2026-07-09 02:17:16,4_Purchase,Electronics,114.57
sess_917e59f5,usr_2699,2026-07-03 07:17:03,2_Product_View,Books,
sess_2757edaa,usr_0681,2026-07-03 17:25:32,1_Landing,Clothing,
sess_30b91afd,usr_0028,2026-07-03 12:14:14,2_Product_View,Electronics,
sess_c181b6d6,usr_1448,2026-07-09 21:56:47,3_Add_to_Cart,Home & Kitchen,
sess_60e5e330,usr_1519,2026-07-02 09:42:36,2_Product_View,Electronics,
sess_21a190cd,usr_2410,2026-07-05 09:34:08,1_Landing,Books,
sess_5a56094d,usr_1921,2026-07-08T19:57:57Z,1_Landing,Books,
sess_ece32ca9,usr_0839,08/07/2026 02:02:45,2_Product_View,Electronics,
sess_8cfff945,usr_2429,2026-07-09T16:24:32Z,3_Add_to_Cart,Home & Kitchen,
sess_bb6a6cd5,usr_0174,2026-07-10 13:36:25,1_Landing,Home & Kitchen,
sess_252d524a,usr_1335,10/07/2026 05:32:10,1_Landing,Electronics,
sess_4b4e8160,usr_0014,2026-07-09 05:32:58,1_Landing,Home & Kitchen,
sess_3252d085,usr_2552,2026-07-01 12:46:23,2_Product_View,Electronics,
sess_3a7eec16,usr_0847,2026-07-06 09:13:27,1_Landing,Electronics,
sess_131b366b,usr_1082,2026-07-04 21:20:21,1_Landing,Home & Kitchen,
sess_e242c30e,usr_0365,10/07/2026 20:40:23,2_Product_View,Home & Kitchen,
sess_c607ea4c,usr_2085,2026-07-03 09:31:11,2_Product_View,Electronics,
sess_d7e7c8a7,usr_1631,2026-07-01 15:10:22,1_Landing,Home & Kitchen,
sess_0d06072c,usr_0908,01/07/2026 09:18:33,1_Landing,Home & Kitchen,
sess_9c56c054,usr_2504,2026-07-06 09:07:30,2_Product_View,Home & Kitchen,
sess_f3c16bdb,usr_2349,2026-07-02 06:31:45,1_Landing,Books,
sess_b6a9bb1f,usr_1450,2026-07-07 13:37:06,3_Add_to_Cart,Clothing,
sess_d594fe28,usr_2786,2026-07-06T05:39:49Z,3_Add_to_Cart,Books,
sess_165a5f1f,usr_1888,2026-07-06 01:17:47,1_Landing,Books,
sess_e108991f,usr_1611,2026-07-10 23:01:21,1_Landing,Clothing,
sess_92698cf9,usr_1737,2026-07-05T08:05:59Z,2_Product_View,Books,
sess_bf03f749,usr_0866,2026-07-07 22:21:33,1_Landing,Electronics,
sess_b9801f01,usr_1735,2026-07-10 04:18:00,2_Product_View,Home & Kitchen,
sess_c0ee4aae,usr_0211,2026-07-01 11:50:04,1_Landing,Home & Kitchen,
sess_293a32fb,usr_0727,08/07/2026 20:28:05,1_Landing,Clothing,
sess_56cafd79,usr_0186,2026-07-08 18:51:12,3_Add_to_Cart,Electronics,
sess_55a4c2f6,usr_1037,2026-07-09 15:58:18,2_Product_View,Books,
sess_2c54b907,usr_0553,2026-07-09T03:00:06Z,2_Product_View,Clothing,
sess_b03b437a,usr_0599,09/07/2026 13:23:55,1_Landing,Books,
sess_fbfe40ae,usr_2114,2026-07-02 04:55:07,1_Landing,Electronics,
sess_8ca45c08,usr_1364,2026-07-01 04:57:29,1_Landing,Home & Kitchen,
sess_e11ee2c6,usr_0302,2026-07-08 07:15:45,3_Add_to_Cart,Clothing,
sess_84bca5bc,usr_0557,02/07/2026 12:16:34,1_Landing,Books,
sess_cd23530c,usr_0084,2026-07-08 20:54:20,3_Add_to_Cart,Clothing,
sess_e2e0dbac,usr_2638,2026-07-03 04:10:58,1_Landing,Clothing,
sess_ffedc50f,usr_0268,2026-07-09 23:46:54,1_Landing,Clothing,
sess_8fecc32e,usr_0605,2026-07-07 06:26:35,1_Landing,Home & Kitchen,
sess_72f8169a,usr_1080,2026-07-01 05:47:34,1_Landing,Home & Kitchen,
sess_cff993cd,usr_0540,2026-07-09 17:47:28,2_Product_View,Clothing,
sess_441f0daf,usr_2409,2026-07-09 00:52:52,1_Landing,Home & Kitchen,
sess_71c74c49,usr_1313,2026-07-05 10:51:06,4_Purchase,Clothing,88.53
sess_cb352281,usr_1595,2026-07-09 18:41:49,1_Landing,Clothing,
sess_b5398e65,usr_2380,2026-07-08T18:58:49Z,1_Landing,Books,
sess_06b71b61,usr_0263,2026-07-04 07:04:57,3_Add_to_Cart,Books,
sess_259332ca,usr_0627,03/07/2026 03:07:58,1_Landing,Home & Kitchen,
sess_bb01cd99,usr_1791,2026-07-07T21:02:50Z,2_Product_View,Electronics,
sess_ddec7928,usr_0849,2026-07-03 00:31:32,1_Landing,Clothing,
sess_01bc54e9,usr_2655,2026-07-04 02:10:27,1_Landing,Books,
sess_72adedb0,usr_1407,2026-07-05 11:08:14,3_Add_to_Cart,Home & Kitchen,
sess_f6266961,usr_1869,2026-07-08 17:55:48,1_Landing,Home & Kitchen,
sess_b2aa3a0f,usr_1440,2026-07-02 08:56:40,1_Landing,Books,
sess_92b60541,usr_2239,2026-07-07 01:13:14,1_Landing,Clothing,
sess_30675094,usr_0395,2026-07-03 03:00:45,1_Landing,Home & Kitchen,
sess_54c9ba5e,usr_0957,2026-07-08 17:27:27,1_Landing,Books,
sess_946e5983,usr_2561,2026-07-05 05:39:17,2_Product_View,Books,
sess_d4e4f0af,usr_0606,2026-07-03 11:57:40,4_Purchase,Books,10.36
sess_d039ac4a,usr_2218,10/07/2026 02:44:51,2_Product_View,Clothing,
sess_18f47020,usr_0549,2026-07-04T09:28:11Z,1_Landing,Clothing,
sess_150f4048,usr_2141,2026-07-09T09:32:34Z,2_Product_View,Clothing,
sess_b82b8db4,usr_1756,2026-07-04 21:13:05,2_Product_View,Clothing,
sess_7ac0314b,usr_1113,2026-07-04 22:18:59,2_Product_View,Electronics,
sess_63c3ef32,usr_0005,2026-07-02 12:17:29,1_Landing,Clothing,
sess_b32dc00e,usr_2796,03/07/2026 23:05:34,4_Purchase,Home & Kitchen,114.08
sess_732e9292,usr_0351,2026-07-02 08:54:15,2_Product_View,Books,
sess_d1a26178,usr_0725,2026-07-09 12:33:48,1_Landing,Electronics,
sess_cf6af0a0,usr_1996,2026-07-02 02:16:56,1_Landing,Electronics,
sess_1ecdd50b,usr_0469,2026-07-01 10:58:43,2_Product_View,Home & Kitchen,
sess_5d71f396,usr_2439,2026-07-06T07:57:01Z,2_Product_View,Books,
sess_7520644c,usr_1529,2026-07-06 16:45:49,1_Landing,Clothing,
sess_3f1510e9,usr_2065,2026-07-03 12:21:42,1_Landing,Electronics,
sess_f9e49dcb,usr_0693,2026-07-10 18:41:16,3_Add_to_Cart,Books,
sess_b4f85e46,usr_0826,2026-07-07T03:43:40Z,2_Product_View,Home & Kitchen,
sess_969028b1,usr_1572,2026-07-09 12:55:50,2_Product_View,Electronics,
sess_8e426cae,usr_2263,2026-07-01 01:04:24,1_Landing,Home & Kitchen,
sess_5747ffc7,usr_2742,2026-07-02T16:10:27Z,2_Product_View,Electronics,
sess_421a62db,usr_0405,2026-07-06 02:35:29,1_Landing,Home & Kitchen,
sess_821993f2,usr_0384,2026-07-03 13:39:43,1_Landing,Clothing,
sess_a207c6d2,usr_2573,2026-07-01 21:06:32,1_Landing,Home & Kitchen,
sess_3035058b,usr_0341,09/07/2026 01:50:23,1_Landing,Books,
sess_b06883df,usr_2225,2026-07-06 19:54:17,3_Add_to_Cart,Books,
sess_0126d62f,usr_1166,2026-07-03 01:32:52,2_Product_View,Clothing,
sess_570d51dc,usr_0915,02/07/2026 02:10:41,3_Add_to_Cart,Books,
sess_a7471181,usr_1807,2026-07-07 05:54:33,1_Landing,Clothing,
sess_6c689dea,usr_2336,2026-07-09T20:21:25Z,2_Product_View,Home & Kitchen,
sess_9a44284c,usr_2389,2026-07-01 06:07:35,1_Landing,Books,
sess_d75df83a,usr_1465,2026-07-01 03:32:33,3_Add_to_Cart,Books,
sess_598f92dd,usr_0803,2026-07-04T18:46:53Z,1_Landing,Clothing,
sess_5cf99b1e,usr_2660,2026-07-05T09:51:58Z,2_Product_View,Books,
sess_f8d42c30,usr_0003,2026-07-03T06:55:27Z,2_Product_View,Home & Kitchen,
sess_996e3996,usr_1013,2026-07-03 12:02:05,1_Landing,Clothing,
sess_2a164f9f,usr_1471,2026-07-06 22:33:24,1_Landing,Clothing,
sess_84785e37,usr_1482,2026-07-02 18:01:40,1_Landing,Clothing,
sess_3bcb6af3,usr_0670,2026-07-02 16:16:51,3_Add_to_Cart,Clothing,
sess_4b0ac814,usr_2113,2026-07-06 03:58:43,2_Product_View,Clothing,
sess_d1bb0de7,usr_1077,2026-07-09 14:02:00,1_Landing,Books,
sess_e97f2444,usr_0276,2026-07-03 15:20:59,1_Landing,Clothing,
sess_dfc0d634,usr_1494,2026-07-01 15:32:14,1_Landing,Electronics,
sess_fa6212ec,usr_1591,2026-07-05 22:12:12,1_Landing,Electronics,
sess_2d5dc1ad,usr_1060,2026-07-01 03:35:22,1_Landing,Books,
sess_7cbe1f1b,usr_0214,2026-07-05T06:02:50Z,1_Landing,Electronics,
sess_77a019dc,usr_0013,2026-07-09T08:56:54Z,3_Add_to_Cart,Electronics,
sess_09b02106,usr_1242,2026-07-02T17:08:27Z,2_Product_View,Books,
sess_164e6716,usr_0018,2026-07-09 04:28:19,3_Add_to_Cart,Electronics,
sess_e4910f15,usr_0345,2026-07-06 00:45:11,2_Product_View,Clothing,
sess_b179609e,usr_2482,2026-07-07 03:08:05,3_Add_to_Cart,Books,
sess_47e4a68e,usr_1878,2026-07-05T09:22:47Z,2_Product_View,Clothing,
sess_ddd7c1fb,usr_1194,2026-07-01 03:49:05,1_Landing,Clothing,
sess_d8c9faf0,usr_0939,08/07/2026 17:54:10,1_Landing,Books,
sess_4903bdae,usr_2308,2026-07-02T08:09:38Z,3_Add_to_Cart,Home & Kitchen,
sess_1f276e18,usr_0969,2026-07-09 07:54:28,1_Landing,Electronics,
sess_a52fad19,usr_2477,2026-07-10 14:10:33,1_Landing,Clothing,
sess_5e13a1e1,usr_1489,2026-07-10 15:59:58,1_Landing,Electronics,
sess_30fbe445,usr_0027,2026-07-02 07:15:21,2_Product_View,Electronics,
sess_8fe5a22d,usr_2417,2026-07-02 11:45:01,3_Add_to_Cart,Books,
sess_76521581,usr_2428,2026-07-06 05:15:02,1_Landing,Electronics,
sess_3ed53aeb,usr_1872,2026-07-05 23:43:36,1_Landing,Clothing,
sess_ba49ddd0,usr_2663,2026-07-06 13:44:02,1_Landing,Books,
sess_ce5a297a,usr_0109,2026-07-09 00:56:37,3_Add_to_Cart,Books,
sess_f386ca6f,usr_0505,2026-07-10 19:44:08,1_Landing,Home & Kitchen,
sess_8474e89d,usr_2488,2026-07-07T21:24:27Z,1_Landing,Books,
sess_8ed97225,usr_1143,2026-07-04 12:21:20,3_Add_to_Cart,Books,
sess_5bdff321,usr_2748,2026-07-04 17:03:13,3_Add_to_Cart,Home & Kitchen,
sess_5b147938,usr_2572,2026-07-03 16:17:21,1_Landing,Books,
sess_00e7c6cb,usr_0962,2026-07-08 02:39:45,3_Add_to_Cart,Home & Kitchen,
sess_ca91ed57,usr_1947,2026-07-03T03:02:24Z,1_Landing,Clothing,
sess_9ab8340d,usr_1751,2026-07-03 13:02:34,1_Landing,Electronics,
sess_7e890672,usr_2596,2026-07-05 21:09:06,1_Landing,Home & Kitchen,
sess_d6c2d259,usr_0711,07/07/2026 07:36:09,1_Landing,Clothing,
sess_809514bd,usr_2444,2026-07-07 11:41:45,2_Product_View,Home & Kitchen,
sess_77301bdb,usr_2509,2026-07-05 00:03:05,1_Landing,Home & Kitchen,
sess_b0b6e3f9,usr_1782,2026-07-05 07:45:44,2_Product_View,Books,
sess_24529c42,usr_0647,2026-07-05 07:15:47,1_Landing,Books,
sess_b00d09d5,usr_0708,2026-07-03 06:32:29,1_Landing,Electronics,
sess_39b6eaf1,usr_2106,2026-07-01 03:06:48,2_Product_View,Books,
sess_21dfbf6e,usr_0821,09/07/2026 07:00:24,1_Landing,Electronics,
sess_8367382c,usr_2667,2026-07-04 10:13:03,1_Landing,Books,
sess_d3ad2af5,usr_1629,2026-07-10 04:13:38,3_Add_to_Cart,Clothing,
sess_e7401eaa,usr_2007,2026-07-04 19:35:45,2_Product_View,Clothing,
sess_ff9290dd,usr_1769,2026-07-09 07:44:33,1_Landing,Home & Kitchen,
sess_657c2b8b,usr_0129,2026-07-03 02:51:10,2_Product_View,Clothing,
sess_893048a3,usr_1675,2026-07-10 07:10:36,1_Landing,Home & Kitchen,
sess_19615bd1,usr_2283,2026-07-07 21:59:07,1_Landing,Books,
sess_184b1fcd,usr_0504,2026-07-03 06:44:43,1_Landing,Books,
sess_ec9b963b,usr_0237,2026-07-04 18:26:39,1_Landing,Home & Kitchen,
sess_bcc37d26,usr_1958,2026-07-03 00:07:05,1_Landing,Books,
sess_96aba6ea,usr_2474,2026-07-10 01:19:20,1_Landing,Clothing,
sess_732e9292,usr_0351,2026-07-02 08:42:55,1_Landing,Books,
sess_342b6c83,usr_0147,2026-07-01 12:17:12,1_Landing,Home & Kitchen,
sess_7368a249,usr_0151,2026-07-05 04:08:34,1_Landing,Electronics,
sess_30354710,usr_1690,2026-07-03T19:18:54Z,1_Landing,Clothing,
sess_cec9241c,usr_1247,2026-07-09 14:15:09,2_Product_View,Home & Kitchen,
sess_dae97cff,usr_0402,2026-07-04 10:15:26,1_Landing,Books,
sess_26fb62e4,usr_2747,2026-07-06 20:02:20,1_Landing,Electronics,
sess_bf3e1b0b,usr_0980,2026-07-04 08:44:54,1_Landing,Books,
sess_8570946e,usr_0328,2026-07-07 10:23:06,1_Landing,Clothing,
sess_7b2ec366,usr_0609,2026-07-08 19:33:14,3_Add_to_Cart,Clothing,
sess_9542f2c3,usr_2000,2026-07-02 16:42:17,1_Landing,Electronics,
sess_a9289a34,usr_2051,2026-07-09 11:50:38,1_Landing,Books,
sess_a6221c45,usr_0116,2026-07-09 08:57:53,2_Product_View,Home & Kitchen,
sess_780d5085,usr_2564,2026-07-04 22:48:35,1_Landing,Clothing,
sess_5f376948,usr_1815,2026-07-02 05:12:38,2_Product_View,Books,
sess_1e453e11,usr_1307,2026-07-10 15:51:22,3_Add_to_Cart,Clothing,
sess_f5747ef2,usr_1442,2026-07-07 18:26:17,1_Landing,Home & Kitchen,
sess_342fb440,usr_2186,2026-07-09 02:47:48,1_Landing,Books,
sess_03e80c42,usr_1853,2026-07-10T00:09:21Z,1_Landing,Electronics,
sess_3e53fae0,usr_0976,2026-07-01 12:12:40,1_Landing,Clothing,
sess_88f6b2b6,usr_2265,2026-07-01T23:23:14Z,1_Landing,Clothing,
sess_7f3bc6c0,usr_1334,2026-07-05 03:09:03,1_Landing,Electronics,
sess_f0812583,usr_1035,2026-07-02 19:39:50,1_Landing,Electronics,
sess_975fc14b,usr_1249,04/07/2026 01:12:09,1_Landing,Electronics,
sess_3c698a58,usr_0705,2026-07-01 14:52:17,2_Product_View,Home & Kitchen,
sess_d270276f,usr_0043,2026-07-07T00:11:47Z,1_Landing,Clothing,
sess_339720f6,usr_0659,2026-07-05 12:04:34,1_Landing,Electronics,
sess_77f95ed9,usr_0791,2026-07-10 15:54:46,1_Landing,Electronics,
sess_84ad45f8,usr_0392,02/07/2026 20:57:46,4_Purchase,Books,29.14
sess_0cf3d8e2,usr_0166,2026-07-06 11:00:11,1_Landing,Home & Kitchen,
sess_6af9bb16,usr_1180,2026-07-08 02:12:03,1_Landing,Electronics,
sess_9cce5038,usr_2555,2026-07-04 07:19:21,1_Landing,Clothing,
sess_ef9d26b1,usr_1024,2026-07-04 22:13:53,2_Product_View,Books,
sess_068331cd,usr_1276,2026-07-07 05:34:51,1_Landing,Home & Kitchen,
sess_78effd44,usr_2621,2026-07-06 04:52:28,1_Landing,Electronics,
sess_b145df48,usr_0910,2026-07-02 06:09:32,1_Landing,Clothing,
sess_0992ea60,usr_1469,2026-07-05 14:17:55,2_Product_View,Electronics,
sess_bb158660,usr_1019,2026-07-02 09:56:30,2_Product_View,Clothing,
sess_b9d7fec4,usr_1552,2026-07-01 15:53:52,1_Landing,Clothing,
sess_6bef3862,usr_0628,2026-07-08 11:39:20,1_Landing,Electronics,
sess_00cbaf8d,usr_0661,2026-07-09 21:13:30,1_Landing,Electronics,
sess_669515db,usr_0121,2026-07-08 01:08:32,1_Landing,Clothing,
sess_cc301334,usr_1622,2026-07-04 11:10:40,4_Purchase,Home & Kitchen,93.04
sess_f1c9d4bc,usr_2030,2026-07-08 06:14:06,1_Landing,Books,
sess_9c39fb5f,usr_2517,09/07/2026 18:50:19,1_Landing,Electronics,
sess_e541af18,usr_0916,2026-07-08 03:58:16,1_Landing,Electronics,
sess_e492ebcd,usr_2770,2026-07-04 12:55:43,2_Product_View,Home & Kitchen,
sess_5a4b36e0,usr_0900,2026-07-04 06:01:26,2_Product_View,Clothing,
sess_600235eb,usr_2535,2026-07-08 10:50:50,1_Landing,Clothing,
sess_ac4e3de0,usr_0380,07/07/2026 20:20:29,3_Add_to_Cart,Clothing,
sess_11a33c27,usr_0530,2026-07-09 16:23:44,1_Landing,Home & Kitchen,
sess_ea366a53,usr_1188,2026-07-07 13:25:47,1_Landing,Books,
sess_0f1922bb,usr_2753,2026-07-03 12:38:25,2_Product_View,Books,
sess_12404ebb,usr_1064,2026-07-07 07:57:25,1_Landing,Books,
sess_2a75c5f1,usr_1006,2026-07-06 16:30:28,3_Add_to_Cart,Electronics,
sess_f4254596,usr_1199,05/07/2026 23:30:55,2_Product_View,Books,
sess_345edc3e,usr_2120,09/07/2026 12:24:40,2_Product_View,Electronics,
sess_a5ee35f0,usr_0300,2026-07-06 02:34:46,1_Landing,Books,
sess_4963e656,usr_2245,2026-07-02 16:41:07,4_Purchase,Books,18.25
sess_306d5409,usr_0158,2026-07-07 19:33:18,1_Landing,Home & Kitchen,
sess_f975a13f,usr_1478,2026-07-02 06:05:12,3_Add_to_Cart,Clothing,
sess_5853deec,usr_1949,2026-07-01 20:40:14,1_Landing,Books,
sess_9b73789a,usr_0071,2026-07-07 18:56:20,3_Add_to_Cart,Electronics,
sess_65766eb2,usr_2526,2026-07-05 13:15:53,4_Purchase,Books,21.2
sess_fd6586d0,usr_2221,2026-07-01 05:13:52,1_Landing,Electronics,
sess_7e299155,usr_0143,02/07/2026 04:10:09,2_Product_View,Books,
sess_77893618,usr_0227,2026-07-06 22:04:35,1_Landing,Home & Kitchen,
sess_38e02fd0,usr_1065,2026-07-02T05:58:50Z,2_Product_View,Home & Kitchen,
sess_bb699824,usr_1834,09/07/2026 02:52:17,2_Product_View,Electronics,
sess_cc301334,usr_1622,2026-07-04 11:07:11,3_Add_to_Cart,Home & Kitchen,
sess_b5ccbdb9,usr_2053,2026-07-01 06:04:38,1_Landing,Clothing,
sess_137718b4,usr_0687,2026-07-05 17:32:35,1_Landing,Electronics,
sess_22d7e01b,usr_0758,2026-07-08 16:19:46,3_Add_to_Cart,Electronics,
sess_7802c49b,usr_2149,2026-07-04 12:22:12,1_Landing,Clothing,
sess_8fd44567,usr_2426,10/07/2026 23:15:22,1_Landing,Electronics,
sess_5d20e510,usr_0524,2026-07-07 13:02:35,1_Landing,Electronics,
sess_176e9d22,usr_2382,2026-07-08 13:01:56,2_Product_View,Home & Kitchen,
sess_e6d761c8,usr_1907,2026-07-08 09:48:31,1_Landing,Home & Kitchen,
sess_e5421a39,usr_1227,2026-07-05 22:36:30,1_Landing,Electronics,
sess_b20fde6f,usr_2214,2026-07-03 14:39:53,1_Landing,Home & Kitchen,
sess_3c8fa1f7,usr_2271,2026-07-02 02:38:10,1_Landing,Clothing,
sess_300e9686,usr_0894,2026-07-09 12:23:03,2_Product_View,Electronics,
sess_b649daa0,usr_1555,2026-07-06 02:50:10,2_Product_View,Electronics,
sess_55e4a786,usr_1722,2026-07-08 04:56:47,1_Landing,Electronics,
sess_5e92fec4,usr_0408,2026-07-06 01:01:28,2_Product_View,Electronics,
sess_b0db6fe2,usr_1600,2026-07-03 20:53:17,1_Landing,Clothing,
sess_368b2c69,usr_1434,2026-07-04 16:32:10,1_Landing,Home & Kitchen,
sess_db2b792b,usr_1123,2026-07-03T10:20:58Z,2_Product_View,Home & Kitchen,
sess_3bcb6af3,usr_0670,2026-07-02 16:15:02,2_Product_View,Clothing,
sess_573eceff,usr_2623,2026-07-03 02:31:05,2_Product_View,Clothing,
sess_d2ee3f35,usr_0895,2026-07-07 04:59:39,3_Add_to_Cart,Home & Kitchen,
sess_88e41719,usr_0640,2026-07-05 11:34:30,2_Product_View,Clothing,
sess_ece91ea3,usr_1976,2026-07-09 03:31:09,1_Landing,Electronics,
sess_0cf8611a,usr_0173,2026-07-02 12:55:47,1_Landing,Home & Kitchen,
sess_dfb8fef1,usr_0620,2026-07-08 21:29:57,1_Landing,Home & Kitchen,
sess_0f1b5838,usr_2666,2026-07-02 03:56:40,1_Landing,Books,
sess_809514bd,usr_2444,2026-07-07T11:50:35Z,3_Add_to_Cart,Home & Kitchen,
sess_dcf7607d,usr_0189,2026-07-06 02:41:56,4_Purchase,Electronics,680.43
sess_6665a942,usr_2189,2026-07-08T17:41:23Z,1_Landing,Electronics,
sess_726bbd84,usr_0989,2026-07-03 16:51:54,4_Purchase,Home & Kitchen,32.37
sess_e5f64ac7,usr_1897,2026-07-02 05:05:45,1_Landing,Clothing,
sess_06a5f099,usr_0212,2026-07-03 01:22:34,1_Landing,Home & Kitchen,
sess_29a4cdbd,usr_0548,04/07/2026 20:59:22,2_Product_View,Books,
sess_222d1268,usr_0459,09/07/2026 22:11:14,2_Product_View,Books,
sess_28fdd726,usr_2150,2026-07-08 15:18:54,2_Product_View,Clothing,
sess_fa213903,usr_1786,2026-07-10 13:56:09,2_Product_View,Clothing,
sess_ba7b8cb8,usr_1405,2026-07-07 01:57:34,1_Landing,Clothing,
sess_0d3dbb75,usr_2713,2026-07-06 05:38:20,1_Landing,Home & Kitchen,
sess_0d65706f,usr_0056,2026-07-05 07:52:27,2_Product_View,Clothing,
sess_ab28e86a,usr_0047,2026-07-01 21:12:25,1_Landing,Clothing,
sess_479fb467,usr_1728,2026-07-09 11:03:08,2_Product_View,Electronics,
sess_600ef9b3,usr_1376,2026-07-07T21:15:00Z,1_Landing,Home & Kitchen,
sess_9da37255,usr_0925,2026-07-04 17:26:18,1_Landing,Books,
sess_59d116dd,usr_0788,2026-07-01T02:41:01Z,1_Landing,Clothing,
sess_4e1f0280,usr_0244,2026-07-09 14:33:01,2_Product_View,Books,
sess_a5c57cd1,usr_1441,2026-07-09 05:16:58,1_Landing,Books,
sess_6af9bb16,usr_1180,2026-07-08T02:15:16Z,2_Product_View,Electronics,
sess_c06984f8,usr_0815,06/07/2026 08:10:49,1_Landing,Books,
sess_09cef661,usr_0064,2026-07-09 15:40:15,1_Landing,Home & Kitchen,
sess_209a2975,usr_1331,2026-07-01 04:23:09,1_Landing,Clothing,
sess_cedb3c7c,usr_1294,2026-07-03 19:17:44,1_Landing,Electronics,
sess_9f7d48df,usr_2597,2026-07-09 23:31:38,1_Landing,Electronics,
sess_724571b0,usr_1284,2026-07-07 06:30:45,1_Landing,Clothing,
sess_2f777f6a,usr_1669,2026-07-09 13:38:26,2_Product_View,Books,
sess_47d67788,usr_1301,2026-07-09 03:20:20,3_Add_to_Cart,Clothing,
sess_5e92fec4,usr_0408,2026-07-06 00:48:42,1_Landing,Electronics,
sess_fecdc748,usr_1574,01/07/2026 23:53:34,1_Landing,Electronics,
sess_dc471d74,usr_1757,2026-07-04 07:16:11,1_Landing,Electronics,
sess_495c65fb,usr_0585,2026-07-07 20:24:23,1_Landing,Clothing,
sess_de16e47c,usr_0596,2026-07-04 12:28:41,2_Product_View,Electronics,
sess_dc3f1968,usr_2029,2026-07-02 08:03:05,2_Product_View,Electronics,
sess_8b3414bf,usr_1881,2026-07-01 18:44:52,1_Landing,Clothing,
sess_6dfa95c7,usr_1985,2026-07-08 13:05:12,3_Add_to_Cart,Electronics,
sess_7479939c,usr_1720,2026-07-07 23:04:23,2_Product_View,Electronics,
sess_d0cf78b3,usr_1286,2026-07-04 03:15:03,3_Add_to_Cart,Clothing,
sess_fbb7d530,usr_1934,2026-07-08 03:05:42,3_Add_to_Cart,Clothing,
sess_a9d70843,usr_0177,2026-07-07 03:15:27,1_Landing,Electronics,
sess_44abd4fe,usr_1217,2026-07-02 22:32:44,2_Product_View,Books,
sess_80d326e6,usr_2235,2026-07-03T21:49:28Z,4_Purchase,Books,7.34
sess_fea0fb78,usr_2292,2026-07-10T22:49:57Z,2_Product_View,Books,
sess_b1f252d2,usr_1140,2026-07-06 07:26:27,1_Landing,Home & Kitchen,
sess_12663fbd,usr_0069,2026-07-08 07:17:27,1_Landing,Clothing,
sess_dcf7607d,usr_0189,2026-07-06 02:39:19,3_Add_to_Cart,Electronics,
sess_a03c30c5,usr_1204,2026-07-08 15:54:44,2_Product_View,Home & Kitchen,
sess_a904badc,usr_1936,2026-07-07 17:03:33,1_Landing,Books,
sess_49d9aa7f,usr_1743,2026-07-01T12:51:26Z,1_Landing,Electronics,
sess_3cd8a48c,usr_0055,2026-07-02T09:32:42Z,1_Landing,Clothing,
sess_732d24f9,usr_2112,2026-07-03 21:18:42,1_Landing,Home & Kitchen,
sess_d5100d98,usr_0306,2026-07-06 10:30:49,2_Product_View,Clothing,
sess_9d629fa0,usr_2687,2026-07-04T06:26:56Z,3_Add_to_Cart,Electronics,
sess_ed6d30cc,usr_1894,2026-07-01 23:00:47,1_Landing,Electronics,
sess_c53a9e92,usr_0209,2026-07-09 11:18:05,2_Product_View,Electronics,
sess_5d7367f5,usr_0794,2026-07-08 16:05:33,1_Landing,Home & Kitchen,
sess_a2f3452e,usr_1182,2026-07-03 23:32:58,3_Add_to_Cart,Home & Kitchen,
sess_e53f933c,usr_2411,2026-07-09 16:58:05,3_Add_to_Cart,Home & Kitchen,
sess_a933fddf,usr_1454,2026-07-02 04:33:28,1_Landing,Books,
sess_248d6c51,usr_1330,2026-07-01 22:06:42,1_Landing,Home & Kitchen,
sess_34ad0bc4,usr_2158,2026-07-09 13:36:21,1_Landing,Home & Kitchen,
sess_5a06af7c,usr_0893,2026-07-05 06:01:05,1_Landing,Clothing,
sess_af4b7e73,usr_0562,2026-07-07 12:37:15,3_Add_to_Cart,Home & Kitchen,
sess_8140ef76,usr_0701,2026-07-02 23:03:15,1_Landing,Electronics,
sess_fcfda8a7,usr_2599,2026-07-10 18:47:59,2_Product_View,Electronics,
sess_cfa48186,usr_0122,2026-07-02 14:06:33,1_Landing,Home & Kitchen,
sess_179ba274,usr_2431,2026-07-02 15:48:47,1_Landing,Books,
sess_6d540c06,usr_1662,2026-07-08 23:34:56,2_Product_View,Clothing,
sess_a91e5d88,usr_0808,2026-07-05 09:01:31,2_Product_View,Home & Kitchen,
sess_29a22e41,usr_0117,03/07/2026 14:34:30,1_Landing,Books,
sess_e5dc7066,usr_0223,2026-07-06 11:39:02,3_Add_to_Cart,Books,
sess_5c9e479d,usr_1424,2026-07-01 14:28:47,2_Product_View,Home & Kitchen,
sess_d2c2fb1e,usr_2419,2026-07-03 09:40:02,1_Landing,Books,
sess_c434df7c,usr_1863,2026-07-08 23:21:05,2_Product_View,Books,
sess_ab6aa7b4,usr_2118,2026-07-10 02:04:10,1_Landing,Electronics,
sess_a53552b9,usr_2166,2026-07-01 15:44:17,1_Landing,Clothing,
sess_3252d085,usr_2552,2026-07-01 12:52:23,3_Add_to_Cart,Electronics,
sess_01b8a5ec,usr_2136,2026-07-07 17:16:13,2_Product_View,Home & Kitchen,
sess_a97fb60b,usr_1851,2026-07-04 13:39:23,1_Landing,Electronics,
sess_849fbb98,usr_1081,2026-07-06 20:16:48,1_Landing,Home & Kitchen,
sess_df8f97c9,usr_2105,2026-07-10 08:25:16,1_Landing,Clothing,
sess_df2f95b8,usr_1314,2026-07-03T01:05:38Z,2_Product_View,Books,
sess_c13ba535,usr_0695,08/07/2026 17:12:31,1_Landing,Clothing,
sess_8ba4d539,usr_1344,2026-07-03 22:43:06,1_Landing,Home & Kitchen,
sess_e3945cb3,usr_1752,02/07/2026 00:22:57,1_Landing,Clothing,
sess_9fc980a4,usr_2216,2026-07-04 16:35:40,4_Purchase,Home & Kitchen,46.48
sess_5cbbf8a4,usr_0431,2026-07-02T07:57:05Z,2_Product_View,Clothing,
sess_e295893d,usr_0207,2026-07-02 04:02:58,2_Product_View,Books,
sess_f33dbff0,usr_0379,2026-07-01T12:40:19Z,1_Landing,Clothing,
sess_b98f8748,usr_2248,2026-07-09 15:09:25,1_Landing,Electronics,
sess_b531402e,usr_0399,2026-07-08 14:46:59,2_Product_View,Electronics,
sess_8a31249b,usr_1228,2026-07-03 22:13:54,1_Landing,Home & Kitchen,
sess_b5a3b3e3,usr_0539,04/07/2026 06:39:45,1_Landing,Clothing,
sess_38a39d9e,usr_0327,2026-07-03 22:00:15,4_Purchase,Books,22.1
sess_b3a6635c,usr_2386,2026-07-02 01:52:55,1_Landing,Home & Kitchen,
sess_6979b796,usr_0550,03/07/2026 05:47:32,1_Landing,Electronics,
sess_0f459638,usr_2005,2026-07-01 13:16:21,3_Add_to_Cart,Books,
sess_3ae4b25d,usr_2593,2026-07-04 21:19:38,1_Landing,Books,
sess_8e426cae,usr_2263,2026-07-01 01:20:45,3_Add_to_Cart,Home & Kitchen,
sess_026d165a,usr_2018,2026-07-02 23:46:56,1_Landing,Clothing,
sess_bd1f1b5f,usr_1623,2026-07-08 04:40:01,2_Product_View,Clothing,
sess_6e772079,usr_2697,2026-07-01 05:17:41,1_Landing,Clothing,
sess_634edebd,usr_0296,2026-07-05 04:58:46,3_Add_to_Cart,Clothing,
sess_93d7acae,usr_1094,2026-07-08 11:53:36,3_Add_to_Cart,Books,
sess_afd6039f,usr_0623,2026-07-02 18:05:24,2_Product_View,Home & Kitchen,
sess_93d7acae,usr_1094,2026-07-08 11:46:02,2_Product_View,Books,
sess_e297e135,usr_0869,2026-07-06 11:14:16,2_Product_View,Electronics,
sess_92c9d037,usr_0765,2026-07-09 11:52:21,3_Add_to_Cart,Clothing,
sess_209a2975,usr_1331,2026-07-01 04:25:09,2_Product_View,Clothing,
sess_874e5624,usr_2631,2026-07-06 07:08:14,1_Landing,Clothing,
sess_a2f49e4d,usr_1702,2026-07-08 03:34:56,1_Landing,Books,
sess_479fd213,usr_0350,2026-07-08 18:27:24,1_Landing,Clothing,
sess_c33446bc,usr_1475,2026-07-10 19:55:19,2_Product_View,Home & Kitchen,
sess_3f66cdc0,usr_1693,2026-07-10 16:20:33,1_Landing,Clothing,
sess_bc1ec103,usr_1641,2026-07-07 13:49:03,1_Landing,Books,
sess_9cfe64d2,usr_2190,2026-07-03 11:20:24,1_Landing,Electronics,
sess_8839fcbf,usr_2520,04/07/2026 23:49:04,1_Landing,Electronics,
sess_a97dac27,usr_0099,2026-07-07T03:34:14Z,1_Landing,Clothing,
sess_71c74c49,usr_1313,2026-07-05 10:39:53,2_Product_View,Clothing,
sess_7c3a438d,usr_2002,2026-07-08 15:37:48,2_Product_View,Clothing,
sess_6ddf6b6f,usr_0213,2026-07-08 20:24:40,2_Product_View,Books,
sess_2e50743f,usr_1866,2026-07-01 13:51:19,1_Landing,Home & Kitchen,
sess_65f38b98,usr_1506,04/07/2026 17:13:46,3_Add_to_Cart,Home & Kitchen,
sess_6ff54688,usr_0329,2026-07-02 00:05:22,1_Landing,Books,
sess_eb44b34e,usr_0598,2026-07-08 21:22:57,2_Product_View,Electronics,
sess_588c2863,usr_1075,2026-07-04 17:41:50,1_Landing,Electronics,
sess_86f7dd10,usr_2719,2026-07-01 08:29:01,1_Landing,Home & Kitchen,
sess_57e94960,usr_0050,2026-07-07T19:49:19Z,3_Add_to_Cart,Home & Kitchen,
sess_ad0c6fc8,usr_1599,2026-07-09 12:33:11,2_Product_View,Clothing,
sess_f1aea245,usr_1279,04/07/2026 15:42:17,1_Landing,Clothing,
sess_ea366a53,usr_1188,2026-07-07 13:34:06,2_Product_View,Books,
sess_19de02a4,usr_1871,2026-07-01 06:17:03,2_Product_View,Books,
sess_4d929348,usr_0518,2026-07-06 16:33:44,1_Landing,Clothing,
sess_8474e89d,usr_2488,2026-07-07 21:26:27,2_Product_View,Books,
sess_e360230a,usr_0635,2026-07-03 15:51:00,1_Landing,Clothing,
sess_eb2635a4,usr_1970,2026-07-10 04:52:50,1_Landing,Clothing,
sess_60d5e8ab,usr_0719,07/07/2026 07:47:42,1_Landing,Home & Kitchen,
sess_5055b0e4,usr_0851,2026-07-02 10:14:06,1_Landing,Clothing,
sess_969028b1,usr_1572,2026-07-09 13:02:44,4_Purchase,Electronics,794.85
sess_32624152,usr_1310,2026-07-07 12:01:07,1_Landing,Electronics,
sess_30f81cf5,usr_1774,2026-07-01 13:08:09,1_Landing,Electronics,
sess_fc4b86b9,usr_2070,2026-07-08 08:52:27,2_Product_View,Home & Kitchen,
sess_54c9ba5e,usr_0957,2026-07-08 17:39:57,4_Purchase,Books,34.64
sess_da16cf49,usr_0871,2026-07-04 10:36:47,3_Add_to_Cart,Clothing,
sess_9799d4bb,usr_2024,2026-07-01 02:17:06,1_Landing,Electronics,
sess_77f95ed9,usr_0791,2026-07-10 16:04:03,2_Product_View,Electronics,
sess_c88be640,usr_0220,2026-07-03 22:28:22,1_Landing,Books,
sess_6523f752,usr_1363,2026-07-02 23:49:19,2_Product_View,Clothing,
sess_4784f59f,usr_1938,2026-07-04 07:03:41,1_Landing,Home & Kitchen,
sess_e8e68225,usr_2780,02/07/2026 18:56:55,1_Landing,Books,
sess_07e190b7,usr_1650,07/07/2026 08:22:29,1_Landing,Books,
sess_e7a69707,usr_1480,2026-07-04 08:31:28,1_Landing,Clothing,
sess_ac7db9c6,usr_0049,2026-07-01 04:08:40,3_Add_to_Cart,Home & Kitchen,
sess_d36337e5,usr_1713,10/07/2026 14:05:02,2_Product_View,Books,
sess_2ab16ada,usr_0012,2026-07-07 19:29:33,1_Landing,Books,
sess_11116cfd,usr_1257,2026-07-10 09:50:20,2_Product_View,Home & Kitchen,
sess_77034838,usr_2692,2026-07-03 05:52:35,1_Landing,Electronics,
sess_fbec7a0a,usr_0508,2026-07-06 07:00:00,1_Landing,Books,
sess_78daa72a,usr_0835,02/07/2026 06:27:21,1_Landing,Clothing,
sess_34582e84,usr_1384,2026-07-05T21:03:17Z,1_Landing,Books,
sess_6abbb402,usr_0378,2026-07-03 08:08:04,2_Product_View,Home & Kitchen,
sess_92c9d037,usr_0765,2026-07-09 11:48:11,2_Product_View,Clothing,
sess_a3cbc8d1,usr_0293,04/07/2026 23:11:38,2_Product_View,Electronics,
sess_41aa1200,usr_0091,2026-07-02 02:37:14,2_Product_View,Books,
sess_1613dd1e,usr_1136,2026-07-04 07:46:47,1_Landing,Books,
sess_0affa373,usr_1214,2026-07-04 06:10:48,1_Landing,Clothing,
sess_eba61c46,usr_1663,2026-07-08 17:37:56,3_Add_to_Cart,Electronics,
sess_6918d0bd,usr_1520,2026-07-01 11:30:40,1_Landing,Books,
sess_abb34ad3,usr_0886,2026-07-08 08:23:11,1_Landing,Clothing,
sess_72adedb0,usr_1407,2026-07-05 10:58:11,2_Product_View,Home & Kitchen,
sess_592fb457,usr_2014,2026-07-06 07:36:12,1_Landing,Home & Kitchen,
sess_6e37fb01,usr_1626,2026-07-07 15:59:53,2_Product_View,Books,
sess_eba6bb6b,usr_2039,2026-07-01 12:23:03,1_Landing,Clothing,
sess_bc996a78,usr_2662,2026-07-08 12:19:36,1_Landing,Books,
sess_f27f9f08,usr_1568,2026-07-09T06:49:40Z,1_Landing,Clothing,
sess_ab1d13ba,usr_2066,2026-07-03T04:59:22Z,2_Product_View,Home & Kitchen,
sess_099377b3,usr_1127,2026-07-04 08:09:33,3_Add_to_Cart,Electronics,
sess_ac92b0a8,usr_2466,2026-07-10 12:15:52,1_Landing,Electronics,
sess_695de88f,usr_0250,2026-07-03T20:13:11Z,2_Product_View,Books,
sess_681b5c1b,usr_0582,2026-07-02 08:23:14,1_Landing,Clothing,
sess_cd23530c,usr_0084,08/07/2026 20:45:31,1_Landing,Clothing,
sess_67838aba,usr_0857,2026-07-10 16:05:56,2_Product_View,Clothing,
sess_320930f6,usr_2346,2026-07-04 05:53:01,2_Product_View,Books,
sess_70a14a26,usr_0906,2026-07-09 23:36:01,1_Landing,Home & Kitchen,
sess_b179609e,usr_2482,2026-07-07 03:05:47,2_Product_View,Books,
sess_c7d4b08e,usr_1502,2026-07-01 23:15:52,1_Landing,Electronics,
sess_56cf0928,usr_2210,2026-07-06 17:58:09,2_Product_View,Home & Kitchen,
sess_3901f520,usr_1146,04/07/2026 07:26:45,2_Product_View,Home & Kitchen,
sess_25a7db0c,usr_0486,2026-07-10 22:36:52,1_Landing,Electronics,
sess_21a190cd,usr_2410,2026-07-05 09:36:36,2_Product_View,Books,
sess_ee4d1866,usr_0561,02/07/2026 23:43:09,1_Landing,Books,
sess_f0da4e44,usr_0607,2026-07-02 06:32:25,1_Landing,Clothing,
sess_909c8ca4,usr_0039,2026-07-08 17:45:27,1_Landing,Clothing,
sess_197e2c35,usr_0495,2026-07-08 02:16:04,2_Product_View,Clothing,
sess_d1bea2cc,usr_2640,2026-07-09 21:54:47,1_Landing,Home & Kitchen,
sess_32109591,usr_2440,2026-07-04 13:42:33,3_Add_to_Cart,Books,
sess_8433de39,usr_1677,2026-07-06 23:55:15,1_Landing,Books,
sess_570d51dc,usr_0915,2026-07-02 02:01:49,1_Landing,Books,
sess_ed042b48,usr_0311,09/07/2026 14:35:02,2_Product_View,Clothing,
sess_212f1b5c,usr_0030,2026-07-06 01:19:31,2_Product_View,Electronics,
sess_723f242c,usr_1950,2026-07-03 10:13:31,1_Landing,Clothing,
sess_65df8057,usr_0450,06/07/2026 19:41:24,2_Product_View,Electronics,
sess_4f336b07,usr_1263,2026-07-06 02:44:10,2_Product_View,Books,
sess_e781bcb7,usr_0446,2026-07-06 14:00:16,1_Landing,Electronics,
sess_081712b9,usr_0810,2026-07-06 17:00:43,1_Landing,Clothing,
sess_c972cccd,usr_2381,2026-07-10 02:44:43,3_Add_to_Cart,Home & Kitchen,
sess_4b542604,usr_1999,2026-07-10 13:18:44,3_Add_to_Cart,Clothing,
sess_faf7081c,usr_0445,2026-07-06 23:10:25,2_Product_View,Clothing,
sess_72b14e39,usr_2691,2026-07-08 09:05:48,2_Product_View,Books,
sess_991d225f,usr_2519,2026-07-10T23:32:59Z,1_Landing,Electronics,
sess_821993f2,usr_0384,03/07/2026 13:43:48,2_Product_View,Clothing,
sess_c556db71,usr_0145,2026-07-02 15:39:26,1_Landing,Books,
sess_7254e2be,usr_1212,2026-07-03 16:01:40,2_Product_View,Electronics,
sess_99194480,usr_2602,2026-07-07 00:23:46,1_Landing,Books,
sess_e5dc7066,usr_0223,06/07/2026 11:28:48,1_Landing,Books,
sess_bcf761d6,usr_0235,2026-07-03 20:19:39,1_Landing,Home & Kitchen,
sess_542958f4,usr_1341,2026-07-09 06:46:04,2_Product_View,Clothing,
sess_303af2a5,usr_1332,2026-07-03 05:30:47,1_Landing,Books,
sess_35c9d178,usr_0217,07/07/2026 10:11:31,1_Landing,Books,
sess_9282ae1b,usr_1139,2026-07-05 23:00:31,1_Landing,Clothing,
sess_13f0affd,usr_2368,2026-07-03 09:12:56,2_Product_View,Electronics,
sess_fe9b5302,usr_1850,2026-07-02 07:05:41,2_Product_View,Electronics,
sess_22fa9a5e,usr_1680,2026-07-04 14:46:04,1_Landing,Clothing,
sess_d36337e5,usr_1713,10/07/2026 13:49:46,1_Landing,Books,
sess_1d5ed6aa,usr_0290,2026-07-01 09:29:43,1_Landing,Electronics,
sess_b1e60f9b,usr_2584,07/07/2026 18:10:28,2_Product_View,Home & Kitchen,
sess_4ffcd8e1,usr_0119,2026-07-06 23:30:45,1_Landing,Electronics,
sess_f7010b38,usr_2164,2026-07-04 23:13:13,1_Landing,Clothing,
sess_45644c37,usr_0183,05/07/2026 18:08:51,2_Product_View,Home & Kitchen,
sess_8dccc9c2,usr_2135,2026-07-06 08:57:42,3_Add_to_Cart,Electronics,
sess_5ca9df15,usr_0608,2026-07-03 12:40:00,1_Landing,Electronics,
sess_969028b1,usr_1572,2026-07-09 12:59:52,3_Add_to_Cart,Electronics,
sess_61bd8af7,usr_1486,2026-07-02 14:30:16,2_Product_View,Clothing,
sess_7ac1c966,usr_1678,2026-07-03 09:04:57,1_Landing,Home & Kitchen,
sess_d7e06d98,usr_1649,2026-07-02 17:06:08,1_Landing,Clothing,
sess_55f37575,usr_0759,2026-07-06 04:49:55,1_Landing,Home & Kitchen,
sess_89eefff8,usr_0668,2026-07-03 09:13:49,3_Add_to_Cart,Home & Kitchen,
sess_e7e1aa57,usr_1528,2026-07-06 14:09:22,3_Add_to_Cart,Home & Kitchen,
sess_99ddb00c,usr_2133,2026-07-09T19:11:19Z,2_Product_View,Electronics,
sess_ae1914c4,usr_2772,2026-07-01 10:10:07,1_Landing,Books,
sess_ae182f26,usr_2309,2026-07-07 17:20:01,1_Landing,Home & Kitchen,
sess_01e48c47,usr_2081,2026-07-04 19:51:10,1_Landing,Home & Kitchen,
sess_ed315c46,usr_0279,2026-07-02 20:58:18,1_Landing,Home & Kitchen,
sess_ab086441,usr_1256,03/07/2026 16:46:56,1_Landing,Electronics,
sess_cb026813,usr_2774,2026-07-01 17:16:39,2_Product_View,Electronics,
sess_62d82857,usr_0658,2026-07-08 22:50:02,1_Landing,Home & Kitchen,
sess_67b3667a,usr_1612,2026-07-03 18:57:48,2_Product_View,Home & Kitchen,
sess_4b08ac18,usr_1727,2026-07-03 03:41:26,1_Landing,Electronics,
sess_e26008c6,usr_1053,2026-07-07T17:10:48Z,4_Purchase,Clothing,126.84
sess_4899c8fd,usr_1175,2026-07-04T23:38:09Z,3_Add_to_Cart,Home & Kitchen,
sess_aac26bc9,usr_1367,2026-07-07 22:46:45,3_Add_to_Cart,Clothing,
sess_9870dc9c,usr_2788,02/07/2026 19:16:01,2_Product_View,Clothing,
sess_6e9e4c8c,usr_0828,08/07/2026 12:04:50,1_Landing,Clothing,
sess_cc2696a0,usr_0774,2026-07-07 18:26:15,1_Landing,Books,
sess_d9705bd8,usr_0072,2026-07-05 13:16:53,1_Landing,Books,
sess_026d165a,usr_2018,02/07/2026 23:51:09,2_Product_View,Clothing,
sess_729da37a,usr_0688,2026-07-05 02:48:01,3_Add_to_Cart,Home & Kitchen,
sess_a12ec69e,usr_1087,2026-07-04T03:14:47Z,3_Add_to_Cart,Home & Kitchen,
sess_7cecb17d,usr_0632,2026-07-06 20:00:31,2_Product_View,Home & Kitchen,
sess_0756ccbe,usr_1637,2026-07-03 15:26:58,4_Purchase,Clothing,106.16
sess_90809069,usr_0464,2026-07-02 12:49:42,2_Product_View,Electronics,
sess_63f6a88a,usr_2175,2026-07-02T02:56:20Z,3_Add_to_Cart,Books,
sess_1f276e18,usr_0969,2026-07-09 08:09:53,2_Product_View,Electronics,
sess_0992ea60,usr_1469,05/07/2026 14:32:31,4_Purchase,Electronics,494.51
sess_1c2a2ab8,usr_1287,2026-07-04 10:27:30,1_Landing,Clothing,
sess_5f0fa012,usr_1927,2026-07-05 08:13:09,1_Landing,Electronics,
sess_8c6b4981,usr_2153,2026-07-09T02:37:29Z,1_Landing,Books,
sess_ce2e2a18,usr_1015,2026-07-07 17:01:00,1_Landing,Electronics,
sess_e5362d30,usr_1306,2026-07-03 14:11:52,1_Landing,Books,
sess_780d5085,usr_2564,2026-07-04 22:53:02,2_Product_View,Clothing,
sess_9a4a625b,usr_2720,2026-07-06 19:43:24,1_Landing,Electronics,
sess_f9e49dcb,usr_0693,2026-07-10 18:37:55,2_Product_View,Books,
sess_ff74f425,usr_0376,2026-07-01 04:07:54,2_Product_View,Books,
sess_1f06a92c,usr_1617,2026-07-02 23:15:19,1_Landing,Books,
sess_6523f752,usr_1363,2026-07-02 23:49:19,2_Product_View,Clothing,
sess_2e43efcd,usr_0533,2026-07-08 00:33:47,1_Landing,Clothing,
sess_af58c64b,usr_1160,2026-07-03 02:42:48,1_Landing,Books,
sess_5f8f6ced,usr_2339,2026-07-01 17:55:11,1_Landing,Books,
sess_9b7b155f,usr_0532,2026-07-02 13:23:05,3_Add_to_Cart,Home & Kitchen,
sess_22fa9a5e,usr_1680,2026-07-04 14:47:47,2_Product_View,Clothing,
sess_adda24e1,usr_0973,2026-07-08 23:26:59,1_Landing,Books,
sess_821f98ce,usr_2405,2026-07-02 02:26:03,1_Landing,Clothing,
sess_0992ea60,usr_1469,2026-07-05 14:07:36,1_Landing,Electronics,
sess_40ace0b3,usr_2241,2026-07-05 09:36:11,1_Landing,Electronics,
sess_dfb41c5f,usr_1830,05/07/2026 09:06:22,1_Landing,Electronics,
sess_bcf761d6,usr_0235,2026-07-03T20:46:15Z,4_Purchase,Home & Kitchen,272.56
sess_e23dc555,usr_2446,2026-07-07 04:15:54,1_Landing,Electronics,
sess_473bc0ec,usr_1043,2026-07-07 01:25:48,1_Landing,Clothing,
sess_a012a218,usr_0680,2026-07-08 22:42:27,1_Landing,Home & Kitchen,
sess_23c0b05c,usr_1945,2026-07-04T11:08:34Z,2_Product_View,Home & Kitchen,
sess_65766eb2,usr_2526,2026-07-05 13:13:28,3_Add_to_Cart,Books,
sess_48677cb2,usr_1422,2026-07-08 04:02:36,2_Product_View,Clothing,
sess_c2d9dd67,usr_0454,2026-07-04T03:01:13Z,1_Landing,Books,
sess_578bc1b5,usr_1091,2026-07-09 23:50:17,1_Landing,Clothing,
sess_141d5ae2,usr_0125,2026-07-06 21:54:34,1_Landing,Electronics,
sess_9f814e98,usr_2076,2026-07-07 23:30:31,2_Product_View,Home & Kitchen,
sess_d7299bb7,usr_1371,2026-07-02 03:21:07,2_Product_View,Electronics,
sess_a12ec69e,usr_1087,2026-07-04T03:20:44Z,4_Purchase,Home & Kitchen,217.13
sess_7c086790,usr_0841,2026-07-04 04:40:17,1_Landing,Clothing,
sess_5cab7af8,usr_2061,02/07/2026 04:48:46,2_Product_View,Electronics,
sess_7e349f81,usr_1655,2026-07-10 12:58:11,1_Landing,Electronics,
sess_416aea2e,usr_0144,2026-07-09 13:37:47,1_Landing,Home & Kitchen,
sess_54eed59d,usr_0611,2026-07-03 20:31:28,1_Landing,Electronics,
sess_8d067933,usr_2017,2026-07-06T22:48:04Z,2_Product_View,Clothing,
sess_99b1ca3c,usr_1036,2026-07-09 01:41:11,3_Add_to_Cart,Electronics,
sess_54c9ba5e,usr_0957,2026-07-08 17:28:39,2_Product_View,Books,
sess_4fb1cd57,usr_1084,2026-07-09 02:50:56,1_Landing,Books,
sess_08e47539,usr_1582,2026-07-01T15:16:26Z,1_Landing,Clothing,
sess_aa027e95,usr_0817,2026-07-10T20:06:58Z,1_Landing,Clothing,
sess_45805adb,usr_1192,2026-07-03 08:38:29,1_Landing,Electronics,
sess_946e5983,usr_2561,2026-07-05 05:25:02,1_Landing,Books,
sess_eb44b34e,usr_0598,2026-07-08 21:08:57,1_Landing,Electronics,
sess_5d71f396,usr_2439,2026-07-06 07:44:59,1_Landing,Books,
sess_39b5968f,usr_2595,2026-07-03 14:02:02,2_Product_View,Books,
sess_b86bbfca,usr_1495,2026-07-08 09:50:54,1_Landing,Books,
sess_d57cc522,usr_1846,2026-07-08 05:06:05,4_Purchase,Electronics,946.33
sess_75c12017,usr_0307,2026-07-05 04:12:21,1_Landing,Books,
sess_38ec08c0,usr_0923,2026-07-07 06:56:30,4_Purchase,Books,36.71
sess_ccce586e,usr_2316,2026-07-10 16:30:35,1_Landing,Electronics,
sess_855a52d6,usr_1984,2026-07-08T08:46:58Z,2_Product_View,Electronics,
sess_016613f0,usr_1535,2026-07-09 08:00:40,2_Product_View,Clothing,
sess_5c8a54aa,usr_2789,08/07/2026 00:37:38,3_Add_to_Cart,Home & Kitchen,
sess_3ab99a1e,usr_0251,2026-07-10 10:41:38,2_Product_View,Home & Kitchen,
sess_dd9b3def,usr_1432,2026-07-03 21:55:24,2_Product_View,Electronics,
sess_4399d4aa,usr_0132,2026-07-02 07:46:20,4_Purchase,Books,40.02
sess_8e55c9ae,usr_1447,2026-07-01 15:19:00,1_Landing,Electronics,
sess_11116cfd,usr_1257,2026-07-10 09:35:17,1_Landing,Home & Kitchen,
sess_01b8a5ec,usr_2136,2026-07-07 17:06:16,1_Landing,Home & Kitchen,
sess_24c89581,usr_1421,05/07/2026 13:25:19,2_Product_View,Electronics,
sess_15eab0f6,usr_2588,2026-07-02 13:37:25,2_Product_View,Clothing,
sess_ac7db9c6,usr_0049,2026-07-01T04:01:18Z,2_Product_View,Home & Kitchen,
sess_03b5f0bb,usr_0580,2026-07-09 04:38:52,2_Product_View,Clothing,
sess_7d1c02ca,usr_2057,2026-07-07 14:45:29,1_Landing,Books,
sess_f1da1f56,usr_0482,09/07/2026 20:49:44,2_Product_View,Home & Kitchen,
sess_946eb690,usr_1763,2026-07-06 05:16:21,1_Landing,Home & Kitchen,
sess_f0756cfb,usr_1244,2026-07-09 14:54:56,2_Product_View,Electronics,
sess_664e9db6,usr_1673,2026-07-04T20:01:39Z,1_Landing,Books,
sess_b14b0f90,usr_2394,2026-07-01 23:51:05,2_Product_View,Electronics,
sess_c8e53853,usr_1218,2026-07-06T12:58:45Z,1_Landing,Electronics,
sess_f5b140b8,usr_0520,2026-07-09 19:03:00,1_Landing,Clothing,
sess_2215567e,usr_2652,2026-07-02 19:55:41,1_Landing,Electronics,
sess_0f18dd60,usr_2455,2026-07-10 20:10:19,2_Product_View,Clothing,
sess_71c5461e,usr_0208,2026-07-03T09:31:36Z,2_Product_View,Clothing,
sess_cb20fa7b,usr_0656,2026-07-10T15:16:12Z,3_Add_to_Cart,Home & Kitchen,
sess_b22e88b9,usr_1525,2026-07-06 17:45:02,1_Landing,Electronics,
sess_5562a64d,usr_2545,2026-07-10 19:57:11,1_Landing,Home & Kitchen,
sess_59e5597f,usr_0283,2026-07-03 11:05:46,2_Product_View,Clothing,
sess_6220c593,usr_0240,2026-07-06 19:09:20,1_Landing,Clothing,
sess_f04e9ba8,usr_1905,2026-07-01 23:43:05,1_Landing,Books,
sess_4dd4ac41,usr_0067,2026-07-10 12:30:00,1_Landing,Electronics,
sess_fa2e7300,usr_2246,2026-07-10 19:50:54,1_Landing,Home & Kitchen,
sess_e26008c6,usr_1053,2026-07-07T17:10:48Z,4_Purchase,Clothing,126.84
sess_548dceb8,usr_2333,09/07/2026 07:26:16,1_Landing,Electronics,
sess_d8d899a1,usr_1575,2026-07-04T19:54:19Z,1_Landing,Books,
sess_e11ee2c6,usr_0302,2026-07-08T07:24:15Z,4_Purchase,Clothing,138.45
sess_fe606d23,usr_1380,2026-07-03T13:08:06Z,3_Add_to_Cart,Books,
sess_cd77578a,usr_1426,2026-07-02 21:05:55,2_Product_View,Books,
sess_47f46148,usr_0248,2026-07-10 21:48:07,3_Add_to_Cart,Home & Kitchen,
sess_4ecd3cee,usr_2129,2026-07-02 15:20:48,2_Product_View,Home & Kitchen,
sess_928f2c25,usr_1352,2026-07-08 11:46:49,3_Add_to_Cart,Clothing,
sess_f6088902,usr_1766,2026-07-02 07:39:38,2_Product_View,Clothing,
sess_50fd13dd,usr_0773,06/07/2026 17:41:04,1_Landing,Electronics,
sess_4c7a69b7,usr_0360,2026-07-08T18:47:49Z,1_Landing,Clothing,
sess_49bdad8a,usr_0617,2026-07-07 18:09:22,2_Product_View,Books,
sess_f5b140b8,usr_0520,2026-07-09T19:06:32Z,2_Product_View,Clothing,
sess_e81970d8,usr_2305,2026-07-09T19:02:22Z,2_Product_View,Clothing,
sess_80d326e6,usr_2235,2026-07-03 21:41:17,2_Product_View,Books,
sess_d447fe02,usr_2750,2026-07-07 07:54:14,1_Landing,Books,
sess_3e4b9162,usr_1484,2026-07-07 18:38:38,2_Product_View,Home & Kitchen,
sess_a97fb60b,usr_1851,2026-07-04 13:42:51,2_Product_View,Electronics,
sess_349a9fd1,usr_2491,2026-07-10 15:02:33,1_Landing,Home & Kitchen,
sess_fcb55dc6,usr_1508,2026-07-08 20:48:29,1_Landing,Clothing,
sess_d65e6189,usr_2768,2026-07-09 06:51:38,1_Landing,Electronics,
sess_0ac26919,usr_1935,2026-07-06 02:26:21,1_Landing,Home & Kitchen,
sess_1baf3d3c,usr_1005,2026-07-02 09:31:51,1_Landing,Clothing,
sess_5055b0e4,usr_0851,2026-07-02 10:22:01,2_Product_View,Clothing,
sess_7e2f5ed4,usr_0168,2026-07-09 06:27:49,2_Product_View,Electronics,
sess_6a6fa361,usr_2711,2026-07-02 14:54:03,1_Landing,Electronics,
sess_62159b0b,usr_1054,2026-07-07 04:36:56,2_Product_View,Electronics,
sess_866160b5,usr_1960,2026-07-04 02:27:14,2_Product_View,Clothing,
sess_b2a710e9,usr_1918,2026-07-08 08:42:05,2_Product_View,Home & Kitchen,
sess_ea9541cd,usr_1189,07/07/2026 02:15:33,3_Add_to_Cart,Electronics,
sess_0f3cba49,usr_1234,2026-07-07 13:43:53,1_Landing,Clothing,
sess_9fc980a4,usr_2216,2026-07-04 16:33:35,3_Add_to_Cart,Home & Kitchen,
sess_33fe39b8,usr_2353,2026-07-04 22:47:46,1_Landing,Home & Kitchen,
sess_197a5804,usr_1357,2026-07-03 20:13:20,1_Landing,Books,
sess_15f410b6,usr_0362,2026-07-08 17:13:27,1_Landing,Electronics,
sess_73d149c2,usr_0385,2026-07-02 18:46:24,1_Landing,Clothing,
sess_62c688bf,usr_0141,2026-07-04 15:01:39,1_Landing,Electronics,
sess_c2556a2a,usr_0153,01/07/2026 05:23:36,2_Product_View,Home & Kitchen,
sess_27f35ec4,usr_1400,2026-07-04 17:04:24,1_Landing,Home & Kitchen,
sess_b9ddf5a7,usr_0838,2026-07-06 17:10:28,1_Landing,Clothing,
sess_bfd06412,usr_1073,2026-07-02 08:03:20,1_Landing,Books,
sess_6bf01b51,usr_1912,2026-07-10 23:45:37,2_Product_View,Books,
sess_c81fb56f,usr_0942,2026-07-06 12:17:08,3_Add_to_Cart,Electronics,
sess_00c79257,usr_0636,08/07/2026 09:16:35,1_Landing,Home & Kitchen,
sess_2df4116b,usr_2625,2026-07-07 16:51:40,1_Landing,Clothing,
sess_ece90816,usr_2533,04/07/2026 10:52:58,1_Landing,Home & Kitchen,
sess_57e3b5aa,usr_0031,09/07/2026 02:56:54,2_Product_View,Electronics,
sess_1fac31a1,usr_1414,2026-07-08 21:18:03,2_Product_View,Books,
sess_ae501fcb,usr_0355,2026-07-10 04:36:24,1_Landing,Books,
sess_2cecdc9a,usr_1939,2026-07-01T20:53:44Z,1_Landing,Electronics,
sess_c9288228,usr_0517,08/07/2026 15:15:00,3_Add_to_Cart,Clothing,
sess_48ba9c24,usr_2481,2026-07-07 12:07:02,1_Landing,Books,
sess_4dd44ef6,usr_1464,2026-07-09 03:15:13,1_Landing,Electronics,
sess_f4dcdf77,usr_1201,2026-07-08 21:12:13,3_Add_to_Cart,Books,
sess_b2b405b2,usr_0370,2026-07-08 04:36:40,1_Landing,Books,
sess_386d5159,usr_2704,2026-07-05T01:28:57Z,2_Product_View,Clothing,
sess_0f45040e,usr_1278,04/07/2026 09:02:08,1_Landing,Electronics,
sess_a5e19660,usr_2469,2026-07-07 11:26:59,2_Product_View,Electronics,
sess_7ac1c966,usr_1678,2026-07-03 09:04:57,1_Landing,Home & Kitchen,
sess_3d38be2f,usr_0988,2026-07-01 08:49:23,3_Add_to_Cart,Electronics,
sess_591ac183,usr_2514,2026-07-08 03:57:56,3_Add_to_Cart,Clothing,
sess_72c94e2b,usr_0559,2026-07-03 17:38:42,2_Product_View,Electronics,
sess_b4e0e66a,usr_1003,2026-07-04 01:51:41,1_Landing,Clothing,
sess_2f1c01f7,usr_0757,04/07/2026 16:19:11,1_Landing,Home & Kitchen,
sess_e6462d45,usr_2161,2026-07-09 10:40:15,2_Product_View,Clothing,
sess_f5eca90d,usr_1827,2026-07-03 06:49:52,2_Product_View,Electronics,
sess_230aed81,usr_2048,2026-07-04 20:02:37,3_Add_to_Cart,Clothing,
sess_94e04c98,usr_0496,2026-07-07 00:02:34,1_Landing,Books,
sess_9de3db83,usr_1443,2026-07-10 03:41:40,2_Product_View,Home & Kitchen,
sess_1c6d0271,usr_2637,2026-07-04 10:28:48,1_Landing,Books,
sess_47294a32,usr_2212,2026-07-09 19:07:34,2_Product_View,Home & Kitchen,
sess_c50578dd,usr_1798,2026-07-06 19:38:52,2_Product_View,Books,
sess_ae1b45f8,usr_2724,2026-07-03 19:08:01,1_Landing,Electronics,
sess_7eb1d5a7,usr_0171,2026-07-01 07:25:38,1_Landing,Home & Kitchen,
sess_919d3916,usr_1816,2026-07-03 02:55:39,2_Product_View,Books,
sess_3668ea5c,usr_0462,03/07/2026 01:27:05,1_Landing,Clothing,
sess_53438a44,usr_2646,2026-07-07 02:20:46,1_Landing,Home & Kitchen,
sess_fc3efcda,usr_0020,2026-07-04T02:21:01Z,1_Landing,Clothing,
sess_e3945cb3,usr_1752,2026-07-02 00:38:30,3_Add_to_Cart,Clothing,
sess_f3ea4626,usr_2681,2026-07-05 13:09:18,2_Product_View,Books,
sess_71ce325d,usr_0222,2026-07-04 20:23:23,1_Landing,Electronics,
sess_71b8bec7,usr_1546,2026-07-02T07:30:04Z,2_Product_View,Home & Kitchen,
sess_6e37fb01,usr_1626,2026-07-07 16:11:00,4_Purchase,Books,47.06
sess_3810e835,usr_1321,2026-07-03 02:27:30,2_Product_View,Home & Kitchen,
sess_51036dcd,usr_1549,2026-07-02 11:18:10,1_Landing,Home & Kitchen,
sess_c6a510cf,usr_1389,2026-07-03 16:47:16,1_Landing,Electronics,
sess_4a8c489f,usr_1573,2026-07-05 02:04:04,1_Landing,Clothing,
sess_2c0f1749,usr_1157,2026-07-04 12:02:00,1_Landing,Books,
sess_095ad4bc,usr_1168,2026-07-07 20:20:00,1_Landing,Electronics,
sess_53583db1,usr_2083,2026-07-09 13:31:57,1_Landing,Clothing,
sess_abd43fff,usr_0538,2026-07-09 10:45:47,1_Landing,Home & Kitchen,
sess_2764cdda,usr_0429,2026-07-09 15:22:58,1_Landing,Books,
sess_ea6e6ccc,usr_1395,2026-07-07 03:37:50,1_Landing,Home & Kitchen,
sess_b65297ad,usr_1038,2026-07-07 00:15:53,1_Landing,Books,
sess_f3bf3950,usr_1282,01/07/2026 22:04:08,2_Product_View,Clothing,
sess_d48a681f,usr_1429,2026-07-01T03:11:32Z,1_Landing,Home & Kitchen,
sess_3aa0ae72,usr_1672,2026-07-03 22:09:32,2_Product_View,Books,
sess_d8b9a9d8,usr_2213,2026-07-06 07:35:44,1_Landing,Electronics,
sess_955c33f6,usr_1135,2026-07-08 20:32:48,1_Landing,Electronics,
sess_b4fd590e,usr_0566,2026-07-01 17:55:35,1_Landing,Home & Kitchen,
sess_c9b23d3c,usr_2784,06/07/2026 22:27:29,3_Add_to_Cart,Books,
sess_1b6aacd9,usr_0391,2026-07-01 18:04:00,1_Landing,Electronics,
sess_324203c1,usr_2684,2026-07-01 17:27:51,1_Landing,Books,
sess_4e3520fb,usr_0085,2026-07-07 23:35:21,1_Landing,Home & Kitchen,
sess_69acafb5,usr_2791,2026-07-09 07:28:21,3_Add_to_Cart,Clothing,
sess_3d4057c3,usr_2117,2026-07-09 03:30:42,1_Landing,Books,
sess_4325dfc4,usr_1394,2026-07-07 16:29:11,2_Product_View,Books,
sess_2f1c01f7,usr_0757,2026-07-04 16:32:13,2_Product_View,Home & Kitchen,
sess_ddd51657,usr_0367,2026-07-05 18:33:37,2_Product_View,Home & Kitchen,
sess_fcfda8a7,usr_2599,2026-07-10 18:52:55,3_Add_to_Cart,Electronics,
sess_45275720,usr_0595,2026-07-03T23:43:21Z,1_Landing,Home & Kitchen,
sess_15c68778,usr_1504,2026-07-05 04:41:07,2_Product_View,Clothing,
sess_4acbbbb3,usr_2088,2026-07-03 02:29:38,1_Landing,Home & Kitchen,
sess_095ad4bc,usr_1168,2026-07-07 20:28:14,2_Product_View,Electronics,
sess_4e1f0280,usr_0244,2026-07-09 14:31:56,1_Landing,Books,
sess_c08ca53b,usr_1496,2026-07-01 01:01:49,1_Landing,Clothing,
sess_c8bc5100,usr_0226,2026-07-03 22:28:05,1_Landing,Books,
sess_40295ad2,usr_1986,2026-07-04 19:29:43,2_Product_View,Books,
sess_c352cad7,usr_0777,2026-07-10 15:22:23,3_Add_to_Cart,Electronics,
sess_ca71f6e8,usr_2375,2026-07-01 04:30:59,1_Landing,Clothing,
sess_2ab16ada,usr_0012,2026-07-07T19:39:28Z,2_Product_View,Books,
sess_cb49fbd9,usr_0396,2026-07-09 16:50:52,1_Landing,Home & Kitchen,
sess_ec9b963b,usr_0237,2026-07-04T18:35:35Z,2_Product_View,Home & Kitchen,
sess_ec03b357,usr_1309,2026-07-09 04:46:48,1_Landing,Electronics,
sess_90a20731,usr_0564,2026-07-07 12:56:16,2_Product_View,Books,
sess_6c166978,usr_0045,2026-07-01 15:14:12,1_Landing,Books,
sess_d879d34c,usr_2080,2026-07-10 06:25:27,1_Landing,Books,
sess_ef252d0b,usr_1664,2026-07-03T19:37:10Z,1_Landing,Electronics,
sess_4af61af7,usr_1799,2026-07-06 05:14:57,2_Product_View,Books,
sess_39cfba32,usr_0790,2026-07-10 05:44:00,2_Product_View,Books,
sess_54785179,usr_1800,09/07/2026 17:24:35,3_Add_to_Cart,Home & Kitchen,
sess_9245fe3d,usr_2457,2026-07-04 16:16:14,1_Landing,Electronics,
sess_8405be6d,usr_1963,10/07/2026 13:35:44,1_Landing,Electronics,
sess_edb760fd,usr_0932,2026-07-08 03:07:16,1_Landing,Clothing,
sess_d2af0271,usr_0435,2026-07-09 09:11:31,1_Landing,Books,
sess_17aef968,usr_0807,2026-07-09 20:38:35,2_Product_View,Electronics,
sess_ff0db983,usr_0457,2026-07-03 22:42:06,1_Landing,Electronics,
sess_067f13ba,usr_2448,2026-07-07 10:51:58,2_Product_View,Clothing,
sess_57e94960,usr_0050,2026-07-07 19:42:19,2_Product_View,Home & Kitchen,
sess_bf202b75,usr_1399,2026-07-03T11:15:04Z,1_Landing,Books,
sess_103e132d,usr_0718,2026-07-09 19:30:45,1_Landing,Clothing,
sess_812dcc12,usr_2600,01/07/2026 11:34:15,1_Landing,Home & Kitchen,
sess_1f16da5a,usr_1444,2026-07-08T21:09:33Z,1_Landing,Clothing,
sess_fe5d613b,usr_1046,2026-07-08 20:27:35,2_Product_View,Books,
sess_fa0cc517,usr_2598,2026-07-10 13:09:40,1_Landing,Electronics,
sess_067f13ba,usr_2448,2026-07-07 10:44:18,1_Landing,Clothing,
sess_59e5597f,usr_0283,2026-07-03 10:54:33,1_Landing,Clothing,
sess_0c1290b7,usr_2397,2026-07-10 15:59:58,1_Landing,Home & Kitchen,
sess_390a8df7,usr_2031,2026-07-08 14:09:47,1_Landing,Books,
sess_fa10ddac,usr_1500,2026-07-06 06:21:27,1_Landing,Home & Kitchen,
sess_510ab232,usr_1992,2026-07-04T22:28:51Z,1_Landing,Books,
sess_cc301334,usr_1622,2026-07-04 10:57:22,2_Product_View,Home & Kitchen,
sess_6e37fb01,usr_1626,2026-07-07 16:07:12,3_Add_to_Cart,Books,
sess_41aa1200,usr_0091,2026-07-02T02:41:05Z,3_Add_to_Cart,Books,
sess_868de0ff,usr_2035,2026-07-03 12:13:13,1_Landing,Books,
sess_72c94e2b,usr_0559,2026-07-03 17:34:00,1_Landing,Electronics,
sess_b11210a6,usr_0570,2026-07-09 14:57:25,3_Add_to_Cart,Electronics,
sess_4069c6b8,usr_0938,2026-07-07 15:56:49,2_Product_View,Home & Kitchen,
sess_55f37575,usr_0759,2026-07-06 04:59:38,2_Product_View,Home & Kitchen,
sess_0fc8b06e,usr_0407,03/07/2026 00:59:26,1_Landing,Clothing,
sess_7ae53581,usr_0674,01/07/2026 04:11:55,1_Landing,Electronics,
sess_c452a280,usr_2739,2026-07-10 13:46:08,1_Landing,Electronics,
sess_dcf7607d,usr_0189,2026-07-06 02:28:24,2_Product_View,Electronics,
sess_58293a81,usr_2172,2026-07-04 06:19:46,2_Product_View,Clothing,
sess_7b209bef,usr_0717,2026-07-10 07:17:27,2_Product_View,Clothing,
sess_6b7bce4d,usr_2374,2026-07-09T10:48:22Z,2_Product_View,Home & Kitchen,
sess_6e37fb01,usr_1626,2026-07-07 16:07:12,3_Add_to_Cart,Books,
sess_535b79d1,usr_1072,2026-07-07 03:37:06,4_Purchase,Home & Kitchen,184.09
sess_9efb1906,usr_0814,2026-07-02 22:32:14,3_Add_to_Cart,Clothing,
sess_a5e2c123,usr_1818,2026-07-07 06:55:11,2_Product_View,Clothing,
sess_96e65073,usr_1861,2026-07-04 20:04:17,2_Product_View,Electronics,
sess_94aeb2e2,usr_1739,2026-07-07 01:35:22,3_Add_to_Cart,Clothing,
sess_a247ccf0,usr_1877,03/07/2026 06:30:51,2_Product_View,Clothing,
sess_cf6d2402,usr_0963,2026-07-07 06:14:34,2_Product_View,Clothing,
sess_61bd8af7,usr_1486,02/07/2026 14:39:35,3_Add_to_Cart,Clothing,
sess_0272b528,usr_1566,2026-07-01 18:04:13,3_Add_to_Cart,Books,
sess_c06984f8,usr_0815,2026-07-06T08:29:55Z,3_Add_to_Cart,Books,
sess_65af210f,usr_1347,2026-07-08 04:49:38,4_Purchase,Home & Kitchen,41.0
sess_371a9f46,usr_1288,2026-07-07 07:28:10,3_Add_to_Cart,Home & Kitchen,
sess_ef47798b,usr_0614,2026-07-05 12:22:42,1_Landing,Electronics,
sess_9c56c054,usr_2504,2026-07-06 09:07:30,2_Product_View,Home & Kitchen,
sess_27968479,usr_1423,2026-07-06 08:21:58,3_Add_to_Cart,Books,
sess_6fad14dc,usr_1232,2026-07-05 14:49:54,2_Product_View,Electronics,
sess_a6202059,usr_1291,2026-07-04 20:38:08,4_Purchase,Home & Kitchen,73.32
sess_a360623c,usr_0749,2026-07-02 21:21:21,1_Landing,Electronics,
sess_04a68a9b,usr_1176,2026-07-06 04:17:20,1_Landing,Books,
sess_9b75122f,usr_0494,2026-07-08 08:13:48,1_Landing,Electronics,
sess_c12a945c,usr_0257,2026-07-03 14:58:34,1_Landing,Home & Kitchen,
sess_ec0f58f5,usr_0418,2026-07-07 16:03:43,1_Landing,Home & Kitchen,
sess_f464eb80,usr_0799,05/07/2026 15:23:37,3_Add_to_Cart,Electronics,
sess_081712b9,usr_0810,2026-07-06 17:02:43,2_Product_View,Clothing,
sess_c88be640,usr_0220,03/07/2026 22:41:17,2_Product_View,Books,
sess_c25b98c1,usr_0313,2026-07-09 09:01:32,1_Landing,Home & Kitchen,
sess_c352cad7,usr_0777,10/07/2026 15:14:12,2_Product_View,Electronics,
sess_4739cf1a,usr_1587,2026-07-07 00:23:53,2_Product_View,Books,
sess_1ecdd50b,usr_0469,2026-07-01 10:52:50,1_Landing,Home & Kitchen,
sess_b4ed419f,usr_1576,09/07/2026 23:01:19,1_Landing,Books,
sess_e4a16834,usr_0953,09/07/2026 06:27:16,2_Product_View,Electronics,
sess_8e209ff1,usr_2390,2026-07-10 12:10:52,1_Landing,Clothing,
sess_b76cdf2a,usr_1532,2026-07-10 15:42:33,1_Landing,Electronics,
sess_ae1ec868,usr_2026,2026-07-09 12:07:02,3_Add_to_Cart,Home & Kitchen,
sess_7ec10246,usr_0597,2026-07-03 19:26:21,3_Add_to_Cart,Books,
sess_670bac74,usr_2089,2026-07-09 03:31:38,1_Landing,Clothing,
sess_dd010966,usr_0967,2026-07-10 01:53:47,1_Landing,Electronics,
sess_f842f022,usr_0477,2026-07-04 21:13:17,1_Landing,Clothing,
sess_c851c6b4,usr_2460,09/07/2026 10:56:16,1_Landing,Clothing,
sess_81f46e3d,usr_0387,05/07/2026 06:33:38,1_Landing,Electronics,
sess_725f07a8,usr_0004,02/07/2026 17:34:48,2_Product_View,Books,
sess_d04dc1a7,usr_0568,07/07/2026 20:57:46,2_Product_View,Clothing,
sess_b179609e,usr_2482,2026-07-07 03:15:20,4_Purchase,Books,45.4
sess_9bcc6044,usr_2447,2026-07-07 12:50:08,1_Landing,Home & Kitchen,
sess_0e38d916,usr_2619,04/07/2026 14:36:53,2_Product_View,Clothing,
sess_3368b854,usr_0321,2026-07-09 19:00:59,3_Add_to_Cart,Home & Kitchen,
sess_f975a13f,usr_1478,2026-07-02 05:46:57,1_Landing,Clothing,
sess_5989f639,usr_0736,2026-07-04 06:45:10,2_Product_View,Books,
sess_0a00727d,usr_1187,2026-07-03 22:43:58,3_Add_to_Cart,Home & Kitchen,
sess_499add35,usr_1397,2026-07-06T19:11:14Z,2_Product_View,Home & Kitchen,
sess_52e32bfb,usr_0684,2026-07-08 14:25:00,1_Landing,Home & Kitchen,
sess_4b15be32,usr_2418,2026-07-06 23:24:22,1_Landing,Clothing,
sess_47d67788,usr_1301,2026-07-09 03:11:04,2_Product_View,Clothing,
sess_bcb9e661,usr_0751,2026-07-08T01:41:08Z,1_Landing,Books,
sess_066927cb,usr_1056,2026-07-07 05:22:01,2_Product_View,Books,
sess_d8baf7f7,usr_1883,2026-07-03 04:39:19,1_Landing,Electronics,
sess_939c3a3f,usr_1530,2026-07-04 13:07:50,3_Add_to_Cart,Home & Kitchen,
sess_38a39d9e,usr_0327,2026-07-03 21:56:06,3_Add_to_Cart,Books,
sess_8aa13d37,usr_0216,2026-07-05 11:55:49,1_Landing,Clothing,
sess_711ae77c,usr_1822,2026-07-07 12:44:30,1_Landing,Books,
sess_45227169,usr_1764,2026-07-09 14:42:06,1_Landing,Books,
sess_5741d8ac,usr_2627,2026-07-01 19:53:05,2_Product_View,Clothing,
sess_15539b8a,usr_2757,2026-07-01 12:57:30,1_Landing,Home & Kitchen,
sess_bcb9e661,usr_0751,2026-07-08 01:52:37,2_Product_View,Books,
sess_c06984f8,usr_0815,2026-07-06 08:38:11,4_Purchase,Books,13.01
sess_2c80f390,usr_1159,2026-07-08 08:54:48,2_Product_View,Clothing,
sess_fe972300,usr_0424,2026-07-02 01:29:03,1_Landing,Home & Kitchen,
sess_7704065f,usr_0555,2026-07-09T20:00:07Z,1_Landing,Books,
sess_c81fb56f,usr_0942,2026-07-06 12:06:27,1_Landing,Electronics,
sess_76e6be37,usr_2269,2026-07-05 00:42:32,4_Purchase,Electronics,940.38
sess_c6d4bb0b,usr_0732,2026-07-03 04:11:49,1_Landing,Clothing,
sess_08553f18,usr_0891,2026-07-08 01:13:44,2_Product_View,Electronics,
sess_5c0ee6fd,usr_2147,2026-07-02 10:13:28,1_Landing,Books,
sess_7db9ca82,usr_0432,2026-07-04 19:10:44,2_Product_View,Electronics,
sess_d0156c4c,usr_0763,2026-07-10 09:45:09,2_Product_View,Electronics,
sess_3250c770,usr_2413,04/07/2026 12:43:10,2_Product_View,Clothing,
sess_f0756cfb,usr_1244,2026-07-09 14:58:01,3_Add_to_Cart,Electronics,
sess_0633c402,usr_2795,2026-07-09 10:15:21,2_Product_View,Home & Kitchen,
sess_f3bf3950,usr_1282,2026-07-01 22:15:14,4_Purchase,Clothing,72.91
sess_017e4756,usr_2243,2026-07-10 18:51:24,1_Landing,Books,
sess_7f014b22,usr_0346,04/07/2026 16:30:22,1_Landing,Books,
sess_71065e68,usr_1527,2026-07-02 20:27:56,1_Landing,Books,
sess_6b7bce4d,usr_2374,2026-07-09 10:34:23,1_Landing,Home & Kitchen,
sess_5adc2d87,usr_0088,2026-07-02T06:18:14Z,1_Landing,Home & Kitchen,
sess_bd5ddfce,usr_0142,2026-07-10T07:41:04Z,1_Landing,Home & Kitchen,
sess_ec24c241,usr_1780,2026-07-05 01:24:53,1_Landing,Home & Kitchen,
sess_e0fb6744,usr_1270,2026-07-03 11:07:21,1_Landing,Books,
sess_f8ea4d9d,usr_1428,2026-07-08 06:10:50,1_Landing,Home & Kitchen,
sess_968a4398,usr_1473,2026-07-08 19:57:43,2_Product_View,Books,
sess_26b08cbd,usr_1920,2026-07-10 16:11:07,2_Product_View,Books,
sess_d779b1ff,usr_2311,2026-07-02 15:38:30,1_Landing,Electronics,
sess_a5e19660,usr_2469,2026-07-07 11:11:17,1_Landing,Electronics,
sess_be613327,usr_2683,2026-07-09 22:48:46,2_Product_View,Home & Kitchen,
sess_66e060bd,usr_2198,2026-07-04 07:26:38,1_Landing,Books,
sess_a25b5c0d,usr_1121,2026-07-04 17:24:44,1_Landing,Clothing,
sess_38ec08c0,usr_0923,07/07/2026 06:48:07,3_Add_to_Cart,Books,
sess_2c95bc50,usr_1558,2026-07-01 07:21:29,3_Add_to_Cart,Electronics,
sess_34a04ae4,usr_0100,01/07/2026 05:50:19,1_Landing,Electronics,
sess_f139be27,usr_2110,2026-07-07 18:04:38,3_Add_to_Cart,Clothing,
sess_4c988029,usr_2707,2026-07-07 12:54:32,2_Product_View,Home & Kitchen,
sess_e6bec45d,usr_2376,2026-07-04T17:44:23Z,3_Add_to_Cart,Books,
sess_c5a0bb39,usr_2354,2026-07-09 11:19:14,2_Product_View,Home & Kitchen,
sess_6e536ee1,usr_0032,2026-07-02 18:25:42,2_Product_View,Books,
sess_c99f66f8,usr_1047,2026-07-07 07:05:40,2_Product_View,Home & Kitchen,
sess_6650d2cf,usr_2277,2026-07-03T02:00:53Z,1_Landing,Clothing,
sess_034b4e08,usr_2415,2026-07-03 19:51:36,2_Product_View,Home & Kitchen,
sess_2b4f1d74,usr_1362,2026-07-07 11:58:44,1_Landing,Clothing,
sess_0e31b1c4,usr_1977,04/07/2026 12:19:52,1_Landing,Home & Kitchen,
sess_9dfa45f7,usr_2723,05/07/2026 05:47:29,4_Purchase,Clothing,134.59
sess_937294c9,usr_1724,2026-07-09 16:52:18,1_Landing,Home & Kitchen,
sess_35ffc2ef,usr_0652,2026-07-01 17:32:39,2_Product_View,Clothing,
sess_e2245403,usr_2240,2026-07-10 01:32:23,1_Landing,Electronics,
sess_90081972,usr_0631,2026-07-03 14:07:44,1_Landing,Books,
sess_c50578dd,usr_1798,2026-07-06 19:31:40,1_Landing,Books,
sess_eea103ec,usr_1802,2026-07-05 19:40:33,2_Product_View,Electronics,
sess_8a1ae8d7,usr_0098,2026-07-02T21:14:59Z,1_Landing,Books,
sess_16437e11,usr_0697,2026-07-07 13:30:00,2_Product_View,Electronics,
sess_125c20ab,usr_1864,2026-07-08 04:29:34,1_Landing,Books,
sess_ef1bba3e,usr_0052,2026-07-03 00:08:45,2_Product_View,Home & Kitchen,
sess_b5c0b64e,usr_2792,2026-07-04 12:08:42,1_Landing,Electronics,
sess_84785e37,usr_1482,2026-07-02 18:01:40,1_Landing,Clothing,
sess_162cb9d5,usr_1150,2026-07-09T10:58:36Z,1_Landing,Clothing,
sess_035ecba2,usr_2003,2026-07-03 21:23:42,2_Product_View,Electronics,
sess_519f34d9,usr_0868,2026-07-09 21:23:56,1_Landing,Electronics,
sess_6e89b10b,usr_1542,2026-07-10 19:39:06,1_Landing,Home & Kitchen,
sess_70179a15,usr_1524,2026-07-01 17:57:30,2_Product_View,Home & Kitchen,
sess_04b4ebc8,usr_1564,2026-07-03 14:33:07,2_Product_View,Electronics,
sess_9761ad81,usr_1642,2026-07-09 11:49:30,1_Landing,Books,
sess_05c8dd18,usr_1392,2026-07-05 08:30:12,1_Landing,Clothing,
sess_4739cf1a,usr_1587,2026-07-07 00:18:07,1_Landing,Books,
sess_67801dd2,usr_2242,2026-07-05 19:01:55,2_Product_View,Books,
sess_be671632,usr_1579,2026-07-08 07:40:29,2_Product_View,Electronics,
sess_61b1679d,usr_1590,03/07/2026 16:45:53,1_Landing,Clothing,
sess_0c9c54ad,usr_1845,2026-07-07 08:53:57,1_Landing,Books,
sess_141d5ae2,usr_0125,2026-07-06 22:01:14,2_Product_View,Electronics,
sess_0cf8611a,usr_0173,2026-07-02 12:57:16,2_Product_View,Home & Kitchen,
sess_34a472ef,usr_1836,2026-07-08 00:31:06,1_Landing,Electronics,
sess_2c385743,usr_1322,10/07/2026 20:21:08,1_Landing,Books,
sess_20a0edc1,usr_0229,2026-07-04 15:07:52,2_Product_View,Clothing,
sess_111ea1d6,usr_2148,2026-07-06 13:24:42,1_Landing,Home & Kitchen,
sess_12e08d71,usr_0241,2026-07-06 12:08:48,1_Landing,Home & Kitchen,
sess_c2f4bb6d,usr_0567,2026-07-09 17:05:19,1_Landing,Books,
sess_c2b4bd8a,usr_0400,04/07/2026 23:54:23,3_Add_to_Cart,Electronics,
sess_47b03a7b,usr_2215,2026-07-01 09:43:40,1_Landing,Home & Kitchen,
sess_41aa1ee2,usr_0955,2026-07-04 13:21:08,2_Product_View,Electronics,
sess_75b01aab,usr_2236,2026-07-07T18:14:58Z,2_Product_View,Clothing,
sess_0823f1b3,usr_0010,2026-07-10 14:01:45,2_Product_View,Home & Kitchen,
sess_ad0c6fc8,usr_1599,2026-07-09 12:42:31,3_Add_to_Cart,Clothing,
sess_903368a5,usr_2227,2026-07-04 05:52:46,1_Landing,Books,
sess_230aed81,usr_2048,2026-07-04 20:05:47,4_Purchase,Clothing,101.42
sess_4fb1cd57,usr_1084,2026-07-09 03:10:37,4_Purchase,Books,42.24
sess_b0a62d23,usr_0655,04/07/2026 02:11:08,1_Landing,Books,
sess_35ffc2ef,usr_0652,2026-07-01 17:23:12,1_Landing,Clothing,
sess_9d629fa0,usr_2687,2026-07-04 06:24:55,2_Product_View,Electronics,
sess_6496fdc9,usr_2075,2026-07-08 04:59:06,1_Landing,Clothing,
sess_0cf47aa8,usr_1148,2026-07-07 22:52:49,2_Product_View,Home & Kitchen,
sess_93090cc1,usr_2233,2026-07-01 01:12:55,1_Landing,Books,
sess_0ff816e5,usr_1879,2026-07-03 17:41:24,2_Product_View,Books,
sess_59490631,usr_2659,2026-07-03T07:09:46Z,2_Product_View,Home & Kitchen,
sess_81b5daab,usr_2722,2026-07-10 23:08:53,2_Product_View,Home & Kitchen,
sess_b7773e6d,usr_2313,2026-07-02 11:08:02,3_Add_to_Cart,Books,
sess_016613f0,usr_1535,2026-07-09 08:10:37,4_Purchase,Clothing,26.0
sess_00c7e40f,usr_2297,2026-07-07 17:09:54,1_Landing,Books,
sess_0ce309fb,usr_2546,06/07/2026 07:58:23,1_Landing,Home & Kitchen,
sess_0616c41c,usr_0304,2026-07-08 17:41:22,1_Landing,Books,
sess_a556e21e,usr_1122,2026-07-01 19:37:12,1_Landing,Clothing,
sess_78ceb1ba,usr_2359,2026-07-01 19:52:12,1_Landing,Clothing,
sess_2071b6e4,usr_1775,2026-07-07 05:45:41,2_Product_View,Clothing,
sess_bd138f8a,usr_0796,2026-07-09 18:26:13,2_Product_View,Electronics,
sess_a0a74b49,usr_1593,2026-07-10 23:27:22,2_Product_View,Books,
sess_c1c64f0d,usr_2502,2026-07-05 02:42:12,2_Product_View,Clothing,
sess_ec4a73f0,usr_0194,2026-07-06 19:11:49,2_Product_View,Electronics,
sess_b9df7abb,usr_1733,2026-07-01T12:55:02Z,3_Add_to_Cart,Books,
sess_21181f18,usr_0096,2026-07-04 05:35:04,1_Landing,Clothing,
sess_955cd30d,usr_0169,2026-07-01 04:21:53,2_Product_View,Electronics,
sess_dfdad39d,usr_2378,2026-07-06 10:16:55,1_Landing,Electronics,
sess_62b4bdf3,usr_0423,2026-07-03 02:57:54,1_Landing,Books,
sess_c9b21749,usr_2252,2026-07-01 11:26:56,1_Landing,Home & Kitchen,
sess_f6c64cbd,usr_0192,07/07/2026 16:34:26,3_Add_to_Cart,Electronics,
sess_eab1e36a,usr_1048,2026-07-04 02:32:35,1_Landing,Home & Kitchen,
sess_a17b65f1,usr_2718,2026-07-04 09:34:12,2_Product_View,Clothing,
sess_51ab71ca,usr_1630,2026-07-03 14:00:42,1_Landing,Books,
sess_94c38b18,usr_1323,2026-07-07 13:35:31,1_Landing,Clothing,
sess_4b3d7a7d,usr_1417,2026-07-02 02:31:03,1_Landing,Clothing,
sess_9c395ab1,usr_1790,2026-07-07 22:47:02,1_Landing,Books,
sess_72f8169a,usr_1080,2026-07-01 06:01:49,4_Purchase,Home & Kitchen,265.92
sess_ef2b415e,usr_1561,2026-07-09 21:25:23,3_Add_to_Cart,Books,
sess_d2ad84d3,usr_1835,2026-07-09 20:12:18,1_Landing,Books,
sess_50c0be79,usr_1711,2026-07-04 04:07:03,3_Add_to_Cart,Clothing,
sess_5a4b36e0,usr_0900,04/07/2026 05:53:24,1_Landing,Clothing,
sess_d2ee3f35,usr_0895,2026-07-07 04:45:54,1_Landing,Home & Kitchen,
sess_5d3a6f09,usr_1831,2026-07-02T15:23:36Z,2_Product_View,Clothing,
sess_d4c16fba,usr_0337,2026-07-06 04:08:47,2_Product_View,Books,
sess_9e031efe,usr_1206,2026-07-02 00:29:55,1_Landing,Home & Kitchen,
sess_499add35,usr_1397,2026-07-06 19:06:38,1_Landing,Home & Kitchen,
sess_a36060d0,usr_0245,2026-07-04 06:42:53,2_Product_View,Books,
sess_7a998591,usr_0026,2026-07-09 03:03:41,1_Landing,Books,
sess_38ec08c0,usr_0923,07/07/2026 06:48:07,3_Add_to_Cart,Books,
sess_8a490ce0,usr_2155,2026-07-09 16:53:29,3_Add_to_Cart,Clothing,
sess_573ddf18,usr_2266,2026-07-08 19:30:53,2_Product_View,Books,
sess_3a5ec0c9,usr_1620,08/07/2026 08:05:31,1_Landing,Home & Kitchen,
sess_b6a9bb1f,usr_1450,2026-07-07 13:25:57,1_Landing,Clothing,
sess_f6435174,usr_0397,2026-07-06 04:47:49,1_Landing,Clothing,
sess_7aada659,usr_1946,2026-07-10 20:42:32,1_Landing,Books,
sess_af0cdf23,usr_2421,2026-07-01 08:40:21,3_Add_to_Cart,Books,
sess_2c28898f,usr_2642,2026-07-04 11:41:03,1_Landing,Home & Kitchen,
sess_46849201,usr_2553,2026-07-07 10:16:08,1_Landing,Clothing,
sess_a7d5c7cd,usr_2478,2026-07-01 13:14:28,2_Product_View,Books,
sess_733cada0,usr_1917,2026-07-02 00:28:23,1_Landing,Books,
sess_729da37a,usr_0688,2026-07-05 02:41:11,2_Product_View,Home & Kitchen,
sess_45d05d64,usr_1167,2026-07-10 06:59:34,1_Landing,Clothing,
sess_c745e783,usr_2437,2026-07-02 10:21:37,1_Landing,Home & Kitchen,
sess_2482c8fd,usr_1355,2026-07-06 14:47:56,3_Add_to_Cart,Electronics,
sess_b865464c,usr_2237,2026-07-10 06:51:52,3_Add_to_Cart,Clothing,
sess_5f4093ca,usr_1070,2026-07-02 04:19:26,1_Landing,Home & Kitchen,
sess_ddd51657,usr_0367,2026-07-05 18:17:54,1_Landing,Home & Kitchen,
sess_c851c6b4,usr_2460,2026-07-09 11:09:33,2_Product_View,Clothing,
sess_732a906a,usr_2350,2026-07-03 18:35:58,1_Landing,Home & Kitchen,
sess_cbf36f1c,usr_2614,2026-07-04 03:58:43,1_Landing,Books,
sess_5741d8ac,usr_2627,2026-07-01 19:41:11,1_Landing,Clothing,
sess_4b51eba6,usr_1002,2026-07-01 20:52:14,2_Product_View,Home & Kitchen,
sess_d1ab919b,usr_1197,2026-07-05 23:13:59,1_Landing,Clothing,
sess_b041d4d6,usr_0262,2026-07-05 01:34:13,2_Product_View,Clothing,
sess_3110ff45,usr_0977,2026-07-10 21:26:50,1_Landing,Clothing,
sess_4cac072b,usr_1342,2026-07-10 15:07:03,2_Product_View,Electronics,
sess_1765e5ab,usr_1601,09/07/2026 14:31:44,1_Landing,Books,
sess_58986865,usr_0744,2026-07-08 23:44:38,1_Landing,Electronics,
sess_6523f752,usr_1363,2026-07-02 23:42:37,1_Landing,Clothing,
sess_08ef0d8c,usr_1760,2026-07-07 20:03:50,1_Landing,Electronics,
sess_c81a8a5a,usr_1460,2026-07-06 19:06:52,1_Landing,Electronics,
sess_da26d021,usr_0403,2026-07-05 02:53:11,3_Add_to_Cart,Home & Kitchen,
sess_019fb16e,usr_0433,03/07/2026 07:37:20,1_Landing,Clothing,
sess_c524e05f,usr_0800,2026-07-10 23:09:42,1_Landing,Clothing,
sess_9a4d1098,usr_1271,2026-07-09 03:23:32,2_Product_View,Clothing,
sess_e8e17fd7,usr_1436,2026-07-06 14:00:52,1_Landing,Home & Kitchen,
sess_70d3f6f6,usr_2044,2026-07-05 17:30:27,1_Landing,Clothing,
sess_59a5bfe6,usr_2416,2026-07-10 22:21:19,3_Add_to_Cart,Books,
sess_50883972,usr_2052,2026-07-09 13:10:32,1_Landing,Home & Kitchen,
sess_9def8712,usr_0971,2026-07-04T05:58:28Z,1_Landing,Home & Kitchen,
sess_9d727540,usr_0105,2026-07-09 20:39:25,2_Product_View,Books,
sess_c81fb56f,usr_0942,2026-07-06 12:21:45,4_Purchase,Electronics,130.69
sess_b0a62d23,usr_0655,2026-07-04 02:22:37,2_Product_View,Books,
sess_c2f4bb6d,usr_0567,09/07/2026 17:18:16,2_Product_View,Books,
sess_63cdf926,usr_0292,2026-07-10 00:25:15,2_Product_View,Books,
sess_6979b796,usr_0550,2026-07-03 05:48:59,2_Product_View,Electronics,
sess_164e6716,usr_0018,2026-07-09 04:17:52,2_Product_View,Electronics,
sess_b3ce4b26,usr_2577,02/07/2026 13:32:07,3_Add_to_Cart,Electronics,
sess_992ececd,usr_2319,08/07/2026 17:31:25,2_Product_View,Books,
sess_562c806f,usr_1240,2026-07-05 18:08:06,1_Landing,Books,
sess_aa027e95,usr_0817,2026-07-10 20:12:04,2_Product_View,Clothing,
sess_372c18c0,usr_2027,2026-07-04 17:39:01,1_Landing,Books,
sess_d848f2b4,usr_0888,02/07/2026 00:29:28,2_Product_View,Home & Kitchen,
sess_0f459638,usr_2005,2026-07-01 13:02:55,1_Landing,Books,
sess_c1c64f0d,usr_2502,2026-07-05 02:38:45,1_Landing,Clothing,
sess_841a592e,usr_2530,2026-07-02 03:29:49,1_Landing,Electronics,
sess_8712ced0,usr_2706,2026-07-03 10:38:02,1_Landing,Clothing,
sess_259332ca,usr_0627,2026-07-03 03:19:29,2_Product_View,Home & Kitchen,
sess_fb9486ec,usr_1462,2026-07-03 08:01:02,2_Product_View,Books,
sess_28fdd726,usr_2150,2026-07-08 15:17:27,1_Landing,Clothing,
sess_de1d89fb,usr_0547,09/07/2026 01:11:42,2_Product_View,Home & Kitchen,
sess_cb0e6935,usr_0359,2026-07-08 05:05:36,1_Landing,Books,
sess_d8017c8f,usr_2250,2026-07-06 21:42:38,1_Landing,Clothing,
sess_ef6a90e6,usr_0762,2026-07-06 15:09:44,2_Product_View,Electronics,
sess_75c2449e,usr_2206,2026-07-07 09:17:49,2_Product_View,Home & Kitchen,
sess_31d0f630,usr_0334,06/07/2026 13:52:52,1_Landing,Books,
sess_8288e0da,usr_2037,2026-07-07 02:32:39,2_Product_View,Books,
sess_9e86a1a5,usr_1948,2026-07-04T19:11:22Z,3_Add_to_Cart,Clothing,
sess_a5c4c721,usr_2403,2026-07-01 02:45:52,1_Landing,Books,
sess_902f7744,usr_2472,2026-07-03 17:35:27,2_Product_View,Electronics,
sess_4b2063f5,usr_1510,2026-07-05 19:31:55,2_Product_View,Electronics,
sess_c2d9dd67,usr_0454,2026-07-04 03:06:18,2_Product_View,Books,
sess_41fec555,usr_0642,2026-07-02 02:17:02,2_Product_View,Books,
sess_3aa0ae72,usr_1672,2026-07-03 22:09:32,2_Product_View,Books,
sess_bf9ba8c5,usr_0041,2026-07-06 06:43:15,1_Landing,Electronics,
sess_e4d7c0f8,usr_1604,2026-07-07 11:11:59,1_Landing,Clothing,
sess_e8bc7f25,usr_2299,2026-07-09 00:37:31,2_Product_View,Home & Kitchen,
sess_4899c8fd,usr_1175,2026-07-04 23:29:51,2_Product_View,Home & Kitchen,
sess_57b16696,usr_0426,05/07/2026 14:56:09,1_Landing,Home & Kitchen,
sess_79bfec60,usr_1634,2026-07-10 12:34:04,1_Landing,Books,
sess_e178b5d5,usr_2251,2026-07-09 04:42:57,1_Landing,Clothing,
sess_19b102b9,usr_2746,2026-07-04T17:25:12Z,1_Landing,Home & Kitchen,
sess_87c9a77f,usr_2567,2026-07-01 21:33:38,3_Add_to_Cart,Books,
sess_13489a95,usr_1365,2026-07-06 04:09:22,3_Add_to_Cart,Books,
sess_7ac0314b,usr_1113,2026-07-04 22:14:29,1_Landing,Electronics,
sess_35643ecf,usr_0848,2026-07-01 03:47:03,1_Landing,Books,
sess_cb2cc3ea,usr_2361,2026-07-07 01:40:09,1_Landing,Clothing,
sess_ad567d18,usr_0160,2026-07-06 04:46:52,2_Product_View,Home & Kitchen,
sess_c8bf27bc,usr_2615,2026-07-09 20:56:47,3_Add_to_Cart,Electronics,
sess_bf3ab100,usr_1118,2026-07-01 21:08:24,1_Landing,Electronics,
sess_b14b0f90,usr_2394,2026-07-01 23:41:16,1_Landing,Electronics,
sess_c1ee7ede,usr_0167,2026-07-02 04:47:40,1_Landing,Books,
sess_fe606d23,usr_1380,2026-07-03 13:04:34,2_Product_View,Books,
sess_8d374522,usr_0165,2026-07-10 21:57:01,2_Product_View,Electronics,
sess_799ad7d2,usr_0420,2026-07-01 01:53:49,1_Landing,Electronics,
sess_071c5fee,usr_1638,2026-07-07 05:10:25,1_Landing,Home & Kitchen,
sess_095e6e08,usr_1137,08/07/2026 10:50:05,1_Landing,Books,
sess_a2f3452e,usr_1182,2026-07-03 23:22:30,2_Product_View,Home & Kitchen,
sess_4fcecb54,usr_1544,2026-07-09 00:05:57,3_Add_to_Cart,Books,
sess_1613dd1e,usr_1136,2026-07-04 07:51:20,2_Product_View,Books,
sess_bdd48e60,usr_0366,2026-07-10 11:34:17,1_Landing,Electronics,
sess_1baf3d3c,usr_1005,2026-07-02 09:55:57,3_Add_to_Cart,Clothing,
sess_7e299155,usr_0143,2026-07-02 04:19:17,3_Add_to_Cart,Books,
sess_4e3520fb,usr_0085,2026-07-07 23:43:38,2_Product_View,Home & Kitchen,
sess_b5d7c5a3,usr_2438,2026-07-02 19:11:49,2_Product_View,Electronics,
sess_b12d94dd,usr_2492,07/07/2026 13:38:36,2_Product_View,Clothing,
sess_59977f4c,usr_1032,2026-07-02 10:29:42,2_Product_View,Electronics,
sess_5110067f,usr_0264,2026-07-04 02:01:32,3_Add_to_Cart,Clothing,
sess_65c72e60,usr_1479,2026-07-03 10:06:44,1_Landing,Electronics,
sess_94930ee9,usr_1681,2026-07-07 02:50:26,1_Landing,Books,
sess_10c110aa,usr_1819,2026-07-03 17:51:53,3_Add_to_Cart,Books,
sess_8b73d48c,usr_1647,2026-07-10 21:23:16,1_Landing,Electronics,
sess_8570946e,usr_0328,07/07/2026 10:33:40,3_Add_to_Cart,Clothing,
sess_f22bd80e,usr_0641,2026-07-07 19:22:24,2_Product_View,Electronics,
sess_cd47701e,usr_2629,2026-07-04 07:09:10,1_Landing,Home & Kitchen,
sess_1e453e11,usr_1307,2026-07-10 15:46:11,1_Landing,Clothing,
sess_5b2e9f0e,usr_2369,2026-07-09 04:59:21,1_Landing,Books,
sess_2482c8fd,usr_1355,2026-07-06 14:44:10,2_Product_View,Electronics,
sess_7bf83725,usr_0455,2026-07-05 12:30:31,1_Landing,Electronics,
sess_80de8d1a,usr_0215,2026-07-09 15:16:02,1_Landing,Books,
sess_8dccc9c2,usr_2135,2026-07-06 08:47:03,1_Landing,Electronics,
sess_0254d4e0,usr_2524,2026-07-01 23:36:42,2_Product_View,Books,
sess_c452a280,usr_2739,2026-07-10 13:57:19,2_Product_View,Electronics,
sess_85bcb08a,usr_0726,2026-07-08 05:27:18,1_Landing,Home & Kitchen,
sess_c1ea2746,usr_2799,02/07/2026 14:07:22,1_Landing,Home & Kitchen,
sess_ce03cf47,usr_0626,2026-07-04 06:53:15,1_Landing,Clothing,
sess_8b0ebd7d,usr_0879,2026-07-09 20:21:26,1_Landing,Clothing,
sess_f70abf38,usr_0993,2026-07-08 13:07:57,1_Landing,Clothing,
sess_ec4a73f0,usr_0194,2026-07-06 19:11:49,2_Product_View,Electronics,
sess_c31827c2,usr_1619,2026-07-05T04:36:20Z,1_Landing,Clothing,
sess_7ade2fc0,usr_1688,2026-07-01 08:08:41,2_Product_View,Home & Kitchen,
sess_d29a4745,usr_1758,2026-07-06 22:29:42,1_Landing,Home & Kitchen,
sess_552f0736,usr_2449,2026-07-03 03:11:09,1_Landing,Clothing,
sess_5f993792,usr_2284,2026-07-04 12:33:49,1_Landing,Books,
sess_eef384fb,usr_2226,2026-07-04 07:25:33,1_Landing,Home & Kitchen,
sess_a48caba4,usr_1768,2026-07-03 21:27:36,2_Product_View,Clothing,
sess_01c920bd,usr_1261,2026-07-05 13:33:45,1_Landing,Home & Kitchen,
sess_36df7082,usr_2721,2026-07-02 19:49:55,1_Landing,Home & Kitchen,
sess_01f0435c,usr_2794,2026-07-03 13:59:03,2_Product_View,Books,
sess_2cd593d2,usr_1396,2026-07-03 06:54:58,2_Product_View,Home & Kitchen,
sess_0fac56ed,usr_2558,2026-07-09T08:15:00Z,1_Landing,Books,
sess_6101d5ec,usr_1632,2026-07-08 22:15:48,1_Landing,Books,
sess_7254e2be,usr_1212,2026-07-03 15:50:05,1_Landing,Electronics,
sess_01eca3c6,usr_0912,2026-07-08 19:33:48,1_Landing,Clothing,
sess_025306a8,usr_0713,2026-07-05 22:45:57,1_Landing,Clothing,
sess_ae1f9337,usr_2244,09/07/2026 20:51:31,2_Product_View,Home & Kitchen,
sess_689703d5,usr_2725,2026-07-03 18:34:02,2_Product_View,Clothing,
sess_768098cb,usr_1859,2026-07-01T04:57:06Z,1_Landing,Home & Kitchen,
sess_0bc583fe,usr_1654,2026-07-01 11:55:14,3_Add_to_Cart,Clothing,
sess_f6088902,usr_1766,2026-07-02 07:45:57,3_Add_to_Cart,Clothing,
sess_c7cad80d,usr_0090,2026-07-02 00:36:18,1_Landing,Books,
sess_b991ece7,usr_0996,2026-07-03 23:32:52,1_Landing,Clothing,
sess_bbad40c8,usr_0572,2026-07-10 21:30:20,2_Product_View,Home & Kitchen,
sess_243a18bf,usr_2182,2026-07-09 15:38:45,2_Product_View,Electronics,
sess_668549af,usr_1533,2026-07-04 11:14:29,1_Landing,Home & Kitchen,
sess_bb42521c,usr_0987,2026-07-04 22:44:04,3_Add_to_Cart,Books,
sess_27f35ec4,usr_1400,04/07/2026 17:08:57,2_Product_View,Home & Kitchen,
sess_7368a249,usr_0151,2026-07-05 04:11:41,2_Product_View,Electronics,
sess_57d906af,usr_1231,2026-07-07 03:00:58,4_Purchase,Books,40.61
sess_cb20fa7b,usr_0656,2026-07-10 15:23:40,4_Purchase,Home & Kitchen,223.59
sess_57e3b5aa,usr_0031,09/07/2026 02:54:11,1_Landing,Electronics,
sess_fb1ec6cc,usr_1916,2026-07-10 03:38:08,1_Landing,Books,
sess_588379dc,usr_0662,2026-07-05 15:40:19,1_Landing,Electronics,
sess_2aa0d680,usr_1451,2026-07-10T04:43:49Z,1_Landing,Home & Kitchen,
sess_2c95bc50,usr_1558,2026-07-01 07:13:20,2_Product_View,Electronics,
sess_919a77dd,usr_1658,02/07/2026 07:14:01,1_Landing,Home & Kitchen,
sess_0d06072c,usr_0908,01/07/2026 09:21:05,2_Product_View,Home & Kitchen,
sess_8ce923b0,usr_0678,2026-07-02 06:33:06,1_Landing,Home & Kitchen,
sess_ec0f58f5,usr_0418,2026-07-07 16:25:48,3_Add_to_Cart,Home & Kitchen,
sess_5fee4859,usr_1254,2026-07-07 04:27:35,3_Add_to_Cart,Clothing,
sess_5989f639,usr_0736,2026-07-04 07:01:27,4_Purchase,Books,32.89
sess_b44ad4c7,usr_1911,2026-07-04 03:01:25,1_Landing,Clothing,
sess_8aaf6ad7,usr_1691,2026-07-05 11:46:32,1_Landing,Electronics,
sess_e7455615,usr_0115,2026-07-02 08:49:50,1_Landing,Clothing,
sess_242ae15d,usr_0040,2026-07-09 01:53:23,1_Landing,Clothing,
sess_712c6fac,usr_1155,2026-07-04T15:32:52Z,2_Product_View,Electronics,
sess_21706830,usr_0846,2026-07-08 05:10:42,1_Landing,Books,
sess_e7737bcf,usr_2041,2026-07-08T04:18:09Z,1_Landing,Home & Kitchen,
sess_f58f2604,usr_1142,2026-07-06 18:40:51,1_Landing,Clothing,
sess_197a5804,usr_1357,2026-07-03 20:30:59,3_Add_to_Cart,Books,
sess_d5f58c46,usr_2539,2026-07-01 14:18:02,1_Landing,Home & Kitchen,
sess_c61b6b95,usr_1922,2026-07-02T14:24:49Z,1_Landing,Home & Kitchen,
sess_8c90a7d7,usr_0507,2026-07-06T22:35:49Z,2_Product_View,Clothing,
sess_7c43a84b,usr_2756,2026-07-06 05:29:47,1_Landing,Clothing,
sess_62f4156f,usr_2425,2026-07-10 18:18:31,2_Product_View,Books,
sess_7a8ae3f9,usr_1196,2026-07-08 00:05:54,2_Product_View,Home & Kitchen,
sess_563dd9f6,usr_2462,02/07/2026 03:30:19,3_Add_to_Cart,Clothing,
sess_ef6a90e6,usr_0762,2026-07-06 14:56:02,1_Landing,Electronics,
sess_c28c525d,usr_0485,2026-07-06 21:08:46,1_Landing,Books,
sess_763a72e7,usr_1988,2026-07-05 18:11:41,2_Product_View,Electronics,
sess_e6462d45,usr_2161,2026-07-09 10:31:14,1_Landing,Clothing,
sess_069ac76c,usr_0884,2026-07-03 22:44:57,1_Landing,Clothing,
sess_c60b03bc,usr_0776,2026-07-07 18:50:21,1_Landing,Books,
sess_8caf1e2d,usr_1487,2026-07-04 09:59:53,1_Landing,Electronics,
sess_7c72072b,usr_2285,2026-07-06 00:41:07,3_Add_to_Cart,Electronics,
sess_6eed11d4,usr_0206,2026-07-02 09:15:19,1_Landing,Books,
sess_ce80063c,usr_0710,2026-07-07T00:45:19Z,3_Add_to_Cart,Home & Kitchen,
sess_2dd6f120,usr_1219,2026-07-09 13:55:53,3_Add_to_Cart,Books,
sess_664e3092,usr_0070,2026-07-03 14:58:08,1_Landing,Books,
sess_8e426cae,usr_2263,01/07/2026 01:15:05,2_Product_View,Home & Kitchen,
sess_818ae98d,usr_0858,04/07/2026 10:43:14,2_Product_View,Clothing,
sess_4d547fe8,usr_1729,2026-07-09 15:18:36,1_Landing,Home & Kitchen,
sess_ff222592,usr_1648,2026-07-09 08:21:26,4_Purchase,Electronics,554.71
sess_d7bd5acd,usr_1932,2026-07-07 20:20:25,1_Landing,Electronics,
sess_ac8540fb,usr_0525,2026-07-09T17:13:41Z,1_Landing,Home & Kitchen,
sess_24c89581,usr_1421,2026-07-05 13:10:43,1_Landing,Electronics,
sess_7f276d87,usr_1377,2026-07-01 00:01:09,1_Landing,Books,
sess_74433506,usr_0649,2026-07-09T20:47:04Z,2_Product_View,Books,
sess_ad0c0a96,usr_0471,2026-07-08 07:07:40,2_Product_View,Clothing,
sess_720508ff,usr_1803,2026-07-09 04:42:17,1_Landing,Clothing,
sess_62375380,usr_2234,2026-07-06 12:40:51,2_Product_View,Clothing,
sess_226faa62,usr_2518,2026-07-07 18:35:36,1_Landing,Books,
sess_488f52b1,usr_0316,05/07/2026 22:07:35,2_Product_View,Clothing,
sess_e20b27f4,usr_1833,2026-07-06 02:13:56,2_Product_View,Electronics,
sess_2108679e,usr_0249,2026-07-04 19:32:25,1_Landing,Clothing,
sess_dff24612,usr_0474,2026-07-05 11:52:29,1_Landing,Clothing,
sess_71c5461e,usr_0208,2026-07-03 09:27:00,1_Landing,Clothing,
sess_637b1cce,usr_2775,2026-07-01 18:01:29,2_Product_View,Clothing,
sess_6fc54b2b,usr_2505,2026-07-08 01:20:27,1_Landing,Home & Kitchen,
sess_70635763,usr_2402,2026-07-10 18:58:07,1_Landing,Home & Kitchen,
sess_7eca594b,usr_1009,2026-07-08 09:09:08,1_Landing,Electronics,
sess_c99f66f8,usr_1047,2026-07-07 07:05:40,2_Product_View,Home & Kitchen,
sess_a3607f19,usr_0382,2026-07-03 15:04:14,1_Landing,Books,
sess_e94e2e7e,usr_0880,2026-07-10 21:44:33,1_Landing,Books,
sess_0080adee,usr_0951,2026-07-09 06:05:56,2_Product_View,Books,
sess_d990ae6d,usr_0531,2026-07-02T08:39:12Z,1_Landing,Books,
sess_2c80f390,usr_1159,2026-07-08 08:53:10,1_Landing,Clothing,
sess_e316e0c1,usr_1547,2026-07-05 10:24:20,1_Landing,Books,
sess_6d6abed1,usr_1616,02/07/2026 05:22:26,2_Product_View,Clothing,
sess_a6202059,usr_1291,2026-07-04T20:30:16Z,3_Add_to_Cart,Home & Kitchen,
sess_701f9ae9,usr_0299,2026-07-01 17:29:50,2_Product_View,Books,
sess_56597f2f,usr_2432,05/07/2026 19:34:36,1_Landing,Clothing,
sess_712c6fac,usr_1155,2026-07-04 15:26:48,1_Landing,Electronics,
sess_66022e36,usr_1052,06/07/2026 09:18:42,1_Landing,Clothing,
sess_f6f6810e,usr_0545,2026-07-04 16:50:50,1_Landing,Books,
sess_c9777734,usr_0837,2026-07-01 18:16:30,2_Product_View,Clothing,
sess_bb921f34,usr_1153,2026-07-07 07:19:26,2_Product_View,Clothing,
sess_4d8cb848,usr_1584,2026-07-09 15:20:41,1_Landing,Books,
sess_3f56eb4f,usr_1116,2026-07-01 00:12:12,1_Landing,Home & Kitchen,
sess_81d48b18,usr_1682,2026-07-10 20:34:45,1_Landing,Electronics,
sess_38a39d9e,usr_0327,2026-07-03 21:51:21,2_Product_View,Books,
sess_a7009ba5,usr_2694,01/07/2026 04:01:08,1_Landing,Clothing,
sess_519f34d9,usr_0868,2026-07-09 21:31:19,2_Product_View,Electronics,
sess_b3a6635c,usr_2386,02/07/2026 02:02:12,2_Product_View,Home & Kitchen,
sess_85eb9988,usr_2479,2026-07-10 17:59:13,1_Landing,Electronics,
sess_ae182f26,usr_2309,2026-07-07 17:33:32,2_Product_View,Home & Kitchen,
sess_7587c1d4,usr_1173,2026-07-08 02:21:01,1_Landing,Home & Kitchen,
sess_4a70daed,usr_2554,2026-07-05 03:39:37,2_Product_View,Clothing,
sess_0089dfb0,usr_1108,2026-07-05 18:56:34,1_Landing,Home & Kitchen,
sess_71cbde54,usr_2357,2026-07-01 04:41:36,1_Landing,Electronics,
sess_99c7b757,usr_1255,2026-07-02 10:40:05,1_Landing,Books,
sess_9b770a0d,usr_0033,2026-07-05 06:48:10,2_Product_View,Home & Kitchen,
sess_1ddaeb13,usr_1913,2026-07-06T03:04:20Z,1_Landing,Electronics,
sess_721a8e4b,usr_1880,2026-07-02 21:30:30,3_Add_to_Cart,Clothing,
sess_cb28e6ad,usr_1598,2026-07-09 14:27:42,1_Landing,Clothing,
sess_cb8ab9e3,usr_2610,2026-07-08 08:08:15,1_Landing,Electronics,
sess_2c28898f,usr_2642,2026-07-04 11:41:03,1_Landing,Home & Kitchen,
sess_6e595b43,usr_1027,2026-07-10 22:42:29,1_Landing,Home & Kitchen,
sess_acc5a16c,usr_0994,2026-07-08 11:45:35,1_Landing,Electronics,
sess_f3565b30,usr_1721,2026-07-02 01:46:49,2_Product_View,Electronics,
sess_34a19427,usr_1652,2026-07-06 20:48:30,2_Product_View,Electronics,
sess_57e94960,usr_0050,2026-07-07T19:32:07Z,1_Landing,Home & Kitchen,
sess_03d4202e,usr_0512,2026-07-02 01:20:43,3_Add_to_Cart,Electronics,
sess_66d13ee2,usr_0522,2026-07-04 02:29:28,1_Landing,Books,
sess_fc454ff1,usr_1149,2026-07-05 06:00:09,1_Landing,Books,
sess_60ac3b83,usr_0417,2026-07-04 10:09:05,1_Landing,Electronics,
sess_645c99d3,usr_1412,2026-07-01 03:03:19,1_Landing,Home & Kitchen,
sess_573ddf18,usr_2266,2026-07-08 19:18:25,1_Landing,Books,
sess_556ce535,usr_0042,2026-07-09 13:39:47,1_Landing,Home & Kitchen,
sess_e188398c,usr_2095,07/07/2026 06:00:21,2_Product_View,Home & Kitchen,
sess_e6bec45d,usr_2376,2026-07-04 17:41:56,2_Product_View,Books,
sess_1d51066b,usr_1784,2026-07-07 01:40:06,1_Landing,Books,
sess_e1b3f45a,usr_0703,2026-07-08 15:01:21,1_Landing,Home & Kitchen,
sess_54eed59d,usr_0611,2026-07-03 20:46:10,2_Product_View,Electronics,
sess_69c85bb0,usr_0310,2026-07-09 02:10:02,3_Add_to_Cart,Electronics,
sess_e188398c,usr_2095,2026-07-07 05:52:31,1_Landing,Home & Kitchen,
sess_a3d488c5,usr_0714,2026-07-10 05:20:04,1_Landing,Clothing,
sess_2eabb57d,usr_0284,2026-07-02 16:32:23,2_Product_View,Books,
sess_84508f69,usr_0271,2026-07-08 20:34:33,1_Landing,Home & Kitchen,
sess_864958eb,usr_0675,2026-07-08 16:41:07,2_Product_View,Books,
sess_5a011593,usr_2658,2026-07-04 03:45:26,2_Product_View,Home & Kitchen,
sess_6697e9d8,usr_0021,2026-07-02 01:59:38,2_Product_View,Clothing,
sess_8d3f83cf,usr_2606,2026-07-07 07:00:38,2_Product_View,Electronics,
sess_914723aa,usr_0952,2026-07-05 20:48:49,2_Product_View,Books,
sess_9e6f85a2,usr_1311,2026-07-03 08:10:25,4_Purchase,Electronics,371.47
sess_d012630d,usr_1838,2026-07-06 23:08:58,2_Product_View,Clothing,
sess_39cfba32,usr_0790,2026-07-10 05:29:32,1_Landing,Books,
sess_42f5b5d6,usr_0374,09/07/2026 18:08:36,1_Landing,Home & Kitchen,
sess_903368a5,usr_2227,2026-07-04 05:57:24,2_Product_View,Books,
sess_21947705,usr_1472,2026-07-05 21:19:59,1_Landing,Clothing,
sess_c364bc6b,usr_0743,2026-07-06 16:41:58,3_Add_to_Cart,Home & Kitchen,
sess_98cf484d,usr_2732,2026-07-03 03:06:50,2_Product_View,Clothing,
sess_41aa1200,usr_0091,2026-07-02 02:25:31,1_Landing,Books,
sess_19e1bcc1,usr_1646,2026-07-07 01:29:18,1_Landing,Books,
sess_4b7c2c1a,usr_2050,2026-07-09 17:46:25,1_Landing,Books,
sess_0e31b1c4,usr_1977,2026-07-04 12:30:58,2_Product_View,Home & Kitchen,
sess_da26d021,usr_0403,2026-07-05 02:48:20,2_Product_View,Home & Kitchen,
sess_5e99b567,usr_0818,2026-07-01T15:09:41Z,1_Landing,Books,
sess_2cac2ca4,usr_1703,2026-07-02 06:38:19,2_Product_View,Home & Kitchen,
sess_34ad0bc4,usr_2158,09/07/2026 13:46:18,3_Add_to_Cart,Home & Kitchen,
sess_69c85bb0,usr_0310,2026-07-09 02:08:36,2_Product_View,Electronics,
sess_0080adee,usr_0951,2026-07-09 06:14:09,3_Add_to_Cart,Books,
sess_1183315f,usr_2617,2026-07-03 13:56:57,1_Landing,Home & Kitchen,
sess_95862bba,usr_1893,2026-07-09 03:18:20,3_Add_to_Cart,Home & Kitchen,
sess_ca4f2a92,usr_2125,2026-07-02 04:53:06,1_Landing,Books,
sess_dacdca00,usr_1343,2026-07-07 16:12:20,1_Landing,Home & Kitchen,
sess_f3565b30,usr_1721,2026-07-02 01:40:21,1_Landing,Electronics,
sess_9e85b08d,usr_0322,2026-07-03 18:15:36,1_Landing,Home & Kitchen,
sess_4ee1cb04,usr_2734,05/07/2026 00:16:08,2_Product_View,Books,
sess_dc3f1968,usr_2029,2026-07-02 07:54:26,1_Landing,Electronics,
sess_01bc54e9,usr_2655,04/07/2026 02:18:41,2_Product_View,Books,
sess_71fe65ee,usr_0541,2026-07-09 09:56:54,1_Landing,Books,
sess_111ea1d6,usr_2148,2026-07-06T13:30:10Z,2_Product_View,Home & Kitchen,
sess_df8f97c9,usr_2105,2026-07-10 08:37:33,3_Add_to_Cart,Clothing,
sess_7b1e5385,usr_0054,2026-07-08 14:37:33,2_Product_View,Home & Kitchen,
sess_b22e88b9,usr_1525,2026-07-06 17:51:08,2_Product_View,Electronics,
sess_371a9f46,usr_1288,2026-07-07 07:21:57,2_Product_View,Home & Kitchen,
sess_99ddb00c,usr_2133,2026-07-09 18:55:44,1_Landing,Electronics,
sess_62c6d76f,usr_2483,2026-07-04T20:07:27Z,2_Product_View,Home & Kitchen,
sess_a0a74b49,usr_1593,2026-07-10 23:37:03,3_Add_to_Cart,Books,
sess_f9fe8f89,usr_0630,2026-07-01 17:00:29,2_Product_View,Clothing,
sess_6488ec19,usr_1707,2026-07-05 17:24:53,2_Product_View,Home & Kitchen,
sess_08a3bb33,usr_1814,2026-07-08 08:47:21,2_Product_View,Clothing,
sess_bad2fb2b,usr_1225,2026-07-08 04:38:18,1_Landing,Books,
sess_5cab7af8,usr_2061,2026-07-02 04:47:45,1_Landing,Electronics,
sess_1370f207,usr_1725,2026-07-02 22:45:47,1_Landing,Clothing,
sess_393a52a8,usr_0063,2026-07-08 08:48:15,1_Landing,Books,
sess_8fc4d735,usr_2398,2026-07-02 06:29:37,1_Landing,Clothing,
sess_90074af2,usr_1348,2026-07-02 00:09:49,1_Landing,Books,
sess_3e4b9162,usr_1484,2026-07-07 18:34:55,1_Landing,Home & Kitchen,
sess_a9ceff21,usr_1275,2026-07-07 04:20:38,3_Add_to_Cart,Clothing,
sess_d31b4cfa,usr_2167,2026-07-08T06:50:26Z,1_Landing,Electronics,
sess_29c5ac8e,usr_0881,2026-07-08 09:36:08,1_Landing,Books,
sess_9fe36473,usr_1413,2026-07-05 22:22:54,3_Add_to_Cart,Books,
sess_5a346900,usr_0254,2026-07-03T21:15:02Z,1_Landing,Books,
sess_0be5aa9d,usr_0859,2026-07-07 01:02:30,1_Landing,Electronics,
sess_30fbe445,usr_0027,2026-07-02 07:10:26,1_Landing,Electronics,
sess_3369ca0e,usr_0787,2026-07-07 04:18:55,1_Landing,Home & Kitchen,
sess_eb2635a4,usr_1970,10/07/2026 05:13:11,3_Add_to_Cart,Clothing,
sess_15166aea,usr_2690,2026-07-03 19:08:01,3_Add_to_Cart,Home & Kitchen,
sess_6d540c06,usr_1662,2026-07-08 23:41:58,3_Add_to_Cart,Clothing,
sess_bffb33fd,usr_0936,2026-07-01T13:56:58Z,1_Landing,Electronics,
sess_eea2d5f5,usr_1613,2026-07-02 07:13:07,3_Add_to_Cart,Electronics,
sess_c5ab5e3c,usr_2256,2026-07-09 16:06:10,2_Product_View,Electronics,
sess_38f4000f,usr_1100,2026-07-09 07:22:14,3_Add_to_Cart,Home & Kitchen,
sess_65e76cfe,usr_0339,2026-07-07 21:31:08,1_Landing,Electronics,
sess_ce8c8163,usr_1924,2026-07-09 04:50:17,1_Landing,Books,
sess_3363ace4,usr_0619,2026-07-08 12:36:30,1_Landing,Home & Kitchen,
sess_3cd8a48c,usr_0055,2026-07-02 09:38:47,2_Product_View,Clothing,
sess_d6e45486,usr_1378,06/07/2026 05:43:39,2_Product_View,Home & Kitchen,
sess_72b14e39,usr_2691,2026-07-08 09:18:41,4_Purchase,Books,40.61
sess_f139be27,usr_2110,2026-07-07 17:46:21,1_Landing,Clothing,
sess_31beb0a1,usr_2685,04/07/2026 08:48:25,2_Product_View,Home & Kitchen,
sess_8ae6ba1f,usr_1651,2026-07-09 18:37:28,3_Add_to_Cart,Clothing,
sess_e5479321,usr_0618,2026-07-06 03:51:32,1_Landing,Home & Kitchen,
sess_31db07d4,usr_0285,2026-07-09 14:43:51,1_Landing,Electronics,
sess_dc92631b,usr_1233,2026-07-04 07:12:53,3_Add_to_Cart,Clothing,
sess_ab0516ea,usr_0275,2026-07-09 10:05:25,1_Landing,Books,
sess_15c68778,usr_1504,2026-07-05 04:38:25,1_Landing,Clothing,
sess_952b92a8,usr_0437,2026-07-03 10:45:11,1_Landing,Clothing,
sess_7c3ae1d9,usr_2345,2026-07-06 17:19:17,1_Landing,Clothing,
sess_3c698a58,usr_0705,2026-07-01 14:41:00,1_Landing,Home & Kitchen,
sess_e0092682,usr_2322,2026-07-03 16:08:19,1_Landing,Home & Kitchen,
sess_f6ecacf7,usr_1260,2026-07-10 13:45:29,1_Landing,Clothing,
sess_143f1d19,usr_1062,2026-07-10T04:48:08Z,1_Landing,Books,
sess_72f8169a,usr_1080,2026-07-01 05:52:39,2_Product_View,Home & Kitchen,
sess_be60bd95,usr_0984,2026-07-08 12:08:27,1_Landing,Home & Kitchen,
sess_cb0e6935,usr_0359,2026-07-08 05:24:04,3_Add_to_Cart,Books,
sess_a1030d70,usr_2512,2026-07-01 15:04:03,1_Landing,Home & Kitchen,
sess_cf027333,usr_1507,2026-07-05 02:23:12,2_Product_View,Books,
sess_e4910f15,usr_0345,2026-07-06 00:30:06,1_Landing,Clothing,
sess_dc5df948,usr_1266,2026-07-07 00:39:12,1_Landing,Electronics,
sess_dc305b71,usr_0909,2026-07-05 21:44:44,1_Landing,Home & Kitchen,
sess_e11ee2c6,usr_0302,2026-07-08 06:55:58,1_Landing,Clothing,
sess_85053e59,usr_1625,2026-07-03 11:19:10,1_Landing,Electronics,
sess_6dbb4adf,usr_1383,03/07/2026 07:41:57,1_Landing,Home & Kitchen,
sess_01b30f1f,usr_2544,2026-07-02 02:49:25,2_Product_View,Home & Kitchen,
sess_af58c64b,usr_1160,2026-07-03 02:47:57,2_Product_View,Books,
sess_af1be02c,usr_2254,2026-07-10 11:55:24,3_Add_to_Cart,Books,
sess_695de88f,usr_0250,2026-07-03 20:20:50,3_Add_to_Cart,Books,
sess_1bf5a92a,usr_2496,2026-07-03 00:17:56,2_Product_View,Clothing,
sess_5b84d044,usr_0159,2026-07-07 14:56:14,1_Landing,Clothing,
sess_84b5492e,usr_1715,2026-07-08 09:34:36,2_Product_View,Home & Kitchen,
sess_9f8f76ef,usr_1765,2026-07-09 08:04:50,1_Landing,Home & Kitchen,
sess_94b2c8ec,usr_0133,2026-07-05 07:50:03,2_Product_View,Books,
sess_59490631,usr_2659,2026-07-03 07:11:35,3_Add_to_Cart,Home & Kitchen,
sess_e53f933c,usr_2411,2026-07-09 17:06:06,4_Purchase,Home & Kitchen,
sess_6e11dd45,usr_0689,2026-07-10 03:38:41,1_Landing,Books,
sess_19d3118a,usr_0985,2026-07-05 23:56:18,3_Add_to_Cart,Clothing,
sess_9bf4702c,usr_0772,2026-07-05 11:38:36,1_Landing,Clothing,
sess_342fb440,usr_2186,2026-07-09 02:51:31,2_Product_View,Books,
sess_d012630d,usr_1838,2026-07-06 23:18:01,3_Add_to_Cart,Clothing,
sess_53438a44,usr_2646,2026-07-07 02:34:24,3_Add_to_Cart,Home & Kitchen,
sess_f4dcdf77,usr_1201,2026-07-08 21:14:34,4_Purchase,Books,6.33
sess_f4254596,usr_1199,2026-07-05 23:39:06,3_Add_to_Cart,Books,
sess_dc3f1968,usr_2029,2026-07-02 07:54:26,1_Landing,Electronics,
sess_00e97d2f,usr_1570,09/07/2026 12:55:45,1_Landing,Clothing,
sess_5f47825b,usr_0948,2026-07-10 03:37:21,1_Landing,Electronics,
sess_480a92a8,usr_1856,2026-07-08 01:00:06,2_Product_View,Home & Kitchen,
sess_8171f853,usr_0478,2026-07-01 15:58:08,1_Landing,Electronics,
sess_436f1fa0,usr_2433,2026-07-09 18:06:15,2_Product_View,Electronics,
sess_b6e3a564,usr_0095,2026-07-04 20:13:16,1_Landing,Electronics,
sess_df9deae8,usr_0146,2026-07-01 22:28:07,2_Product_View,Home & Kitchen,
sess_97657b3c,usr_2360,2026-07-08 02:16:21,2_Product_View,Books,
sess_3901f520,usr_1146,2026-07-04 07:18:42,1_Landing,Home & Kitchen,
sess_6236bd81,usr_0148,2026-07-02 21:13:41,1_Landing,Books,
sess_212f1b5c,usr_0030,2026-07-06 01:03:37,1_Landing,Electronics,
sess_ebb241a4,usr_2468,2026-07-10 07:37:51,4_Purchase,Home & Kitchen,143.35
sess_d2444e66,usr_0369,2026-07-04 04:45:20,1_Landing,Clothing,
sess_fd5bf8ca,usr_0809,2026-07-10 06:33:21,1_Landing,Clothing,
sess_1ffcd7f9,usr_1610,2026-07-01 14:43:39,2_Product_View,Electronics,
sess_ef2b415e,usr_1561,2026-07-09 21:16:52,2_Product_View,Books,
sess_bc7bb3b6,usr_1904,2026-07-10 13:05:43,1_Landing,Electronics,
sess_778e2444,usr_0761,2026-07-01 09:59:02,1_Landing,Electronics,
sess_2bb39ebe,usr_1295,2026-07-01 18:03:50,1_Landing,Home & Kitchen,
sess_9b73789a,usr_0071,2026-07-07 19:01:40,4_Purchase,Electronics,251.08
sess_24690700,usr_0381,2026-07-01T00:44:21Z,1_Landing,Books,
sess_8bbc31ae,usr_1069,01/07/2026 10:41:44,2_Product_View,Books,
sess_5d3a6f09,usr_1831,2026-07-02 15:12:38,1_Landing,Clothing,
sess_841489be,usr_0870,2026-07-03 10:15:34,1_Landing,Clothing,
sess_6b7bce4d,usr_2374,2026-07-09 10:34:23,1_Landing,Home & Kitchen,
sess_5655d515,usr_1105,2026-07-08T16:21:37Z,1_Landing,Electronics,
sess_cd60ba0d,usr_0079,2026-07-03 13:23:03,2_Product_View,Books,
sess_0895f3eb,usr_1130,2026-07-07 11:58:32,2_Product_View,Books,
sess_13599b34,usr_0188,2026-07-06 11:58:18,1_Landing,Clothing,
sess_7785bb72,usr_1068,2026-07-10 14:12:16,2_Product_View,Clothing,
sess_8b04dbb1,usr_1248,2026-07-10 17:32:13,1_Landing,Home & Kitchen,
sess_5532c2c1,usr_0434,2026-07-10 00:56:20,2_Product_View,Home & Kitchen,
sess_e07cee91,usr_1959,2026-07-10 22:35:17,1_Landing,Books,
sess_85eb9988,usr_2479,2026-07-10 18:01:15,2_Product_View,Electronics,
sess_77cf3a0d,usr_1588,2026-07-09 10:51:06,2_Product_View,Home & Kitchen,
sess_dcf7607d,usr_0189,2026-07-06 02:21:06,1_Landing,Electronics,
sess_672d265c,usr_2287,2026-07-06 17:28:59,1_Landing,Electronics,
sess_644e4b9f,usr_1198,2026-07-01 05:52:31,1_Landing,Home & Kitchen,
sess_f38af763,usr_0657,2026-07-01 15:27:12,2_Product_View,Clothing,
sess_9a2fdde0,usr_1010,04/07/2026 16:36:22,2_Product_View,Home & Kitchen,
sess_7f1b9cbd,usr_0724,2026-07-04 16:34:25,1_Landing,Electronics,
sess_3071e61e,usr_1409,2026-07-01 07:06:12,2_Product_View,Electronics,
sess_f7010b38,usr_2164,2026-07-04 23:14:29,2_Product_View,Clothing,
sess_067f13ba,usr_2448,2026-07-07T11:04:20Z,4_Purchase,Clothing,108.8
sess_592fea62,usr_0911,07/07/2026 14:58:04,1_Landing,Electronics,
sess_002b0091,usr_1388,02/07/2026 10:22:30,1_Landing,Electronics,
sess_96c9878f,usr_0584,2026-07-06 03:45:33,1_Landing,Electronics,
sess_bafe36b2,usr_2367,2026-07-08 20:56:42,1_Landing,Clothing,
sess_edb760fd,usr_0932,2026-07-08 03:11:56,2_Product_View,Clothing,
sess_409624b3,usr_1848,2026-07-02 03:25:52,1_Landing,Home & Kitchen,
sess_68147c14,usr_0425,2026-07-08 00:30:56,2_Product_View,Books,
sess_3cbc5fac,usr_1346,2026-07-02 22:14:56,1_Landing,Electronics,
sess_d4e4f0af,usr_0606,2026-07-03 11:35:35,1_Landing,Books,
sess_9b9cd466,usr_0082,2026-07-08 06:22:51,1_Landing,Clothing,
sess_15166aea,usr_2690,2026-07-03 18:55:17,1_Landing,Home & Kitchen,
sess_27f35ec4,usr_1400,2026-07-04 17:18:14,3_Add_to_Cart,Home & Kitchen,
sess_b86bf0e7,usr_0470,04/07/2026 04:19:47,1_Landing,Electronics,
sess_6126aecf,usr_2082,2026-07-02 02:05:50,1_Landing,Electronics,
sess_4e945688,usr_0019,2026-07-05 12:42:41,1_Landing,Clothing,
sess_74760d16,usr_0643,2026-07-08T11:47:37Z,1_Landing,Home & Kitchen,
sess_b77d4a0d,usr_0560,07/07/2026 03:13:34,1_Landing,Clothing,
sess_89ee9385,usr_0730,2026-07-02 02:07:45,1_Landing,Clothing,
sess_d0ec97a5,usr_1106,2026-07-10 07:06:52,2_Product_View,Electronics,
sess_8cfff945,usr_2429,09/07/2026 16:21:09,2_Product_View,Home & Kitchen,
sess_3da902f2,usr_2020,2026-07-09 10:09:16,1_Landing,Books,
sess_0307d2d6,usr_0604,2026-07-07 11:25:52,3_Add_to_Cart,Home & Kitchen,
sess_cd47701e,usr_2629,2026-07-04 07:21:59,2_Product_View,Home & Kitchen,
sess_ee726af4,usr_2366,2026-07-01T09:36:12Z,1_Landing,Clothing,
sess_32f98efa,usr_0523,2026-07-02 15:28:20,1_Landing,Books,
sess_e5421a39,usr_1227,2026-07-05 22:48:04,3_Add_to_Cart,Electronics,
sess_a023ca06,usr_0149,2026-07-03 18:13:04,1_Landing,Clothing,
sess_e83e85ae,usr_1318,2026-07-02 00:55:59,1_Landing,Home & Kitchen,
sess_a208a8c8,usr_0746,2026-07-08T05:56:39Z,1_Landing,Books,
sess_a99c9005,usr_0139,2026-07-02 12:00:16,1_Landing,Home & Kitchen,
sess_34b01c92,usr_2391,2026-07-05 14:02:03,3_Add_to_Cart,Books,
sess_6dbac320,usr_1299,05/07/2026 07:30:10,3_Add_to_Cart,Home & Kitchen,
sess_bd2b8e4b,usr_2451,07/07/2026 00:28:03,3_Add_to_Cart,Electronics,
sess_f3ea4626,usr_2681,2026-07-05 12:59:04,1_Landing,Books,
sess_cf1b753b,usr_0930,2026-07-04 13:46:31,1_Landing,Electronics,
sess_868de0ff,usr_2035,03/07/2026 12:20:30,2_Product_View,Books,
sess_0f18dd60,usr_2455,2026-07-10 19:56:22,1_Landing,Clothing,
sess_93881cbe,usr_2140,2026-07-10T23:59:08Z,2_Product_View,Home & Kitchen,
sess_eb54dded,usr_1004,02/07/2026 12:32:00,3_Add_to_Cart,Books,
sess_1000f6de,usr_2165,2026-07-02 10:59:15,1_Landing,Clothing,
sess_668549af,usr_1533,2026-07-04 11:17:13,2_Product_View,Home & Kitchen,
sess_aa0acda9,usr_0677,2026-07-06 22:03:52,1_Landing,Books,
sess_7b9e61e8,usr_1269,2026-07-03 02:23:53,1_Landing,Clothing,
sess_ea4edfc6,usr_1360,2026-07-07 16:13:42,1_Landing,Books,
sess_c745e783,usr_2437,2026-07-02 10:28:28,2_Product_View,Home & Kitchen,
sess_93ffca6b,usr_1635,2026-07-04 19:18:10,2_Product_View,Electronics,
sess_c1c64f0d,usr_2502,05/07/2026 02:45:21,3_Add_to_Cart,Clothing,
sess_11dc164a,usr_1868,2026-07-08 14:24:29,1_Landing,Books,
sess_1fac31a1,usr_1414,2026-07-08T21:07:33Z,1_Landing,Books,
sess_34582e84,usr_1384,2026-07-05 21:23:51,4_Purchase,Books,31.82
sess_ef5e8440,usr_0127,2026-07-03 22:19:57,1_Landing,Books,
sess_a289ddd4,usr_0252,2026-07-01T11:29:20Z,2_Product_View,Books,
sess_644e4b9f,usr_1198,2026-07-01 05:55:20,2_Product_View,Home & Kitchen,
sess_f8ddbb91,usr_0044,2026-07-04 08:10:50,1_Landing,Books,
sess_79d59892,usr_1978,01/07/2026 00:01:18,1_Landing,Clothing,
sess_c36a8804,usr_0373,2026-07-06 03:03:46,3_Add_to_Cart,Books,
sess_b51ce03f,usr_1107,2026-07-04 04:51:02,1_Landing,Clothing,
sess_21062263,usr_2289,2026-07-09 18:34:49,1_Landing,Electronics,
sess_c13ba535,usr_0695,2026-07-08 17:22:43,2_Product_View,Clothing,
sess_460f4b68,usr_2571,2026-07-02 17:24:38,1_Landing,Clothing,
sess_4b542604,usr_1999,2026-07-10 13:07:35,1_Landing,Clothing,
sess_bc0f58ce,usr_1847,2026-07-05T17:18:18Z,1_Landing,Books,
sess_588379dc,usr_0662,2026-07-05 15:55:22,2_Product_View,Electronics,
sess_560cf983,usr_2764,2026-07-05T04:37:55Z,1_Landing,Books,
sess_7293446c,usr_0589,2026-07-04 13:51:21,1_Landing,Electronics,
sess_0080adee,usr_0951,2026-07-09 05:56:01,1_Landing,Books,
sess_b16c24bf,usr_2257,2026-07-09 10:36:21,1_Landing,Clothing,
sess_28aeb2a7,usr_1300,2026-07-05 01:41:15,1_Landing,Clothing,
sess_b32dc00e,usr_2796,2026-07-03 23:03:31,3_Add_to_Cart,Home & Kitchen,
sess_85bcb08a,usr_0726,2026-07-08 05:29:02,2_Product_View,Home & Kitchen,
sess_fa21f195,usr_2566,2026-07-02 11:58:58,1_Landing,Clothing,
sess_45644c37,usr_0183,2026-07-05 18:03:22,1_Landing,Home & Kitchen,
sess_49a91d54,usr_2630,2026-07-10 07:00:33,2_Product_View,Clothing,
sess_7890f9d1,usr_2115,2026-07-04 02:49:49,1_Landing,Electronics,
sess_758ccde9,usr_0202,2026-07-07 02:58:14,1_Landing,Clothing,
sess_aea8cebd,usr_2585,2026-07-08 09:24:55,1_Landing,Electronics,
sess_a247ccf0,usr_1877,2026-07-03 06:19:53,1_Landing,Clothing,
sess_5e1c77cd,usr_0480,05/07/2026 06:29:19,1_Landing,Books,
sess_9e86a1a5,usr_1948,2026-07-04 18:47:47,1_Landing,Clothing,
sess_6274bcf1,usr_0006,2026-07-03 14:24:17,1_Landing,Clothing,
sess_6de07041,usr_0110,2026-07-01 06:23:03,2_Product_View,Books,
sess_d79804e3,usr_2162,2026-07-10 04:14:26,1_Landing,Electronics,
sess_568d8832,usr_0332,2026-07-06 08:28:33,3_Add_to_Cart,Electronics,
sess_9d727540,usr_0105,2026-07-09 20:28:58,1_Landing,Books,
sess_aea8cebd,usr_2585,2026-07-08 09:39:05,2_Product_View,Electronics,
sess_9939fa5c,usr_2097,2026-07-06 19:10:34,2_Product_View,Books,
sess_1baf3d3c,usr_1005,2026-07-02T09:45:49Z,2_Product_View,Clothing,
sess_a4f65e4f,usr_2422,2026-07-07 08:44:10,2_Product_View,Clothing,
sess_df2f95b8,usr_1314,2026-07-03 00:58:14,1_Landing,Books,
sess_76e6be37,usr_2269,2026-07-05T00:25:59Z,1_Landing,Electronics,
sess_0bcb5a7e,usr_0294,2026-07-03 16:18:14,1_Landing,Electronics,
sess_8e05b793,usr_1039,2026-07-05 16:22:53,2_Product_View,Home & Kitchen,
sess_e7e1aa57,usr_1528,2026-07-06 14:13:20,4_Purchase,Home & Kitchen,185.54
sess_427aff7e,usr_2222,2026-07-07 03:35:08,1_Landing,Home & Kitchen,
sess_230aed81,usr_2048,04/07/2026 19:53:23,1_Landing,Clothing,
sess_457fa6a9,usr_2004,07/07/2026 20:23:14,1_Landing,Clothing,
sess_10c110aa,usr_1819,2026-07-03T17:54:32Z,4_Purchase,Books,7.86
sess_a281ce73,usr_0354,2026-07-02 07:19:07,1_Landing,Home & Kitchen,
sess_1b6aacd9,usr_0391,2026-07-01 18:05:59,2_Product_View,Electronics,
sess_df91a848,usr_1523,04/07/2026 03:50:57,2_Product_View,Electronics,
sess_c9288228,usr_0517,2026-07-08 15:07:56,1_Landing,Clothing,
sess_9efb1906,usr_0814,2026-07-02 22:11:16,1_Landing,Clothing,
sess_9e6f85a2,usr_1311,2026-07-03 08:00:43,2_Product_View,Electronics,
sess_338edd3d,usr_1466,2026-07-10 03:27:09,1_Landing,Books,
sess_067f13ba,usr_2448,2026-07-07 11:02:20,3_Add_to_Cart,Clothing,
sess_ee010b3a,usr_2532,2026-07-07 01:54:45,2_Product_View,Books,
sess_79e443ff,usr_1668,2026-07-03 05:49:49,1_Landing,Home & Kitchen,
sess_edbd5c53,usr_0755,2026-07-10 19:24:11,1_Landing,Clothing,
sess_3490d00a,usr_1071,2026-07-10T10:11:01Z,1_Landing,Electronics,
sess_b5eebe1a,usr_1134,2026-07-01 09:18:52,1_Landing,Home & Kitchen,
sess_38f4000f,usr_1100,2026-07-09T07:13:37Z,2_Product_View,Home & Kitchen,
sess_26b08cbd,usr_1920,2026-07-10 15:56:01,1_Landing,Books,
sess_b810cdcb,usr_1050,2026-07-01 11:16:40,1_Landing,Electronics,
sess_a34453ec,usr_2314,2026-07-04 13:34:17,3_Add_to_Cart,Electronics,
sess_47294a32,usr_2212,2026-07-09 18:52:33,1_Landing,Home & Kitchen,
sess_2f958925,usr_0806,2026-07-05 14:34:26,2_Product_View,Electronics,
sess_01f80a38,usr_0256,2026-07-03 16:25:05,2_Product_View,Electronics,
sess_ad567d18,usr_0160,2026-07-06 04:43:59,1_Landing,Home & Kitchen,
sess_59b6f251,usr_1900,2026-07-08 05:32:00,1_Landing,Electronics,
sess_89ad77d0,usr_1425,2026-07-04 09:12:25,1_Landing,Books,
sess_226faa62,usr_2518,2026-07-07 19:00:18,3_Add_to_Cart,Books,
sess_269ad96b,usr_2538,06/07/2026 20:52:23,2_Product_View,Clothing,
sess_2a338806,usr_0104,2026-07-05 18:02:48,1_Landing,Electronics,
sess_34582e84,usr_1384,2026-07-05 21:06:57,2_Product_View,Books,
sess_31db07d4,usr_0285,2026-07-09 14:45:16,2_Product_View,Electronics,
sess_4ccc854f,usr_0180,2026-07-02 04:16:12,1_Landing,Clothing,
sess_d9740430,usr_2384,2026-07-08 05:41:35,4_Purchase,Electronics,875.01
sess_92698cf9,usr_1737,2026-07-05 08:14:06,3_Add_to_Cart,Books,
sess_00e97d2f,usr_1570,2026-07-09 13:08:55,2_Product_View,Clothing,
sess_dda23d53,usr_2194,07/07/2026 15:02:32,1_Landing,Home & Kitchen,
sess_11c6adcd,usr_0535,2026-07-07 19:58:44,1_Landing,Books,
sess_fc552b22,usr_1461,2026-07-04 16:09:35,1_Landing,Electronics,
sess_a3607f19,usr_0382,2026-07-03 15:23:28,3_Add_to_Cart,Books,
sess_e53f933c,usr_2411,2026-07-09T16:47:59Z,1_Landing,Home & Kitchen,
sess_cfd6bbbc,usr_2191,2026-07-05 08:13:43,2_Product_View,Home & Kitchen,
sess_0d571bc2,usr_1971,2026-07-05 17:42:10,1_Landing,Electronics,
sess_bcf2257d,usr_0720,2026-07-02T05:59:28Z,1_Landing,Clothing,
sess_8ba5ae08,usr_1621,2026-07-03 02:03:13,2_Product_View,Books,
sess_e25fcef6,usr_1929,2026-07-08 20:46:30,4_Purchase,Clothing,76.2
sess_169d991a,usr_0102,2026-07-09 17:33:24,2_Product_View,Home & Kitchen,
sess_28b55ef7,usr_0816,2026-07-10 12:15:15,2_Product_View,Clothing,
sess_034b4e08,usr_2415,2026-07-03 19:42:27,1_Landing,Home & Kitchen,
sess_cbf3a586,usr_0878,2026-07-05 06:04:01,1_Landing,Electronics,
sess_f8ea4d9d,usr_1428,2026-07-08 06:22:08,2_Product_View,Home & Kitchen,
sess_3d36fe72,usr_1687,2026-07-08 08:14:06,4_Purchase,Books,6.61
sess_fa9ac03c,usr_1919,2026-07-10 19:15:52,1_Landing,Clothing,
sess_447e454f,usr_1058,2026-07-10 13:12:09,2_Product_View,Electronics,
sess_9c39fb5f,usr_2517,2026-07-09 18:57:03,2_Product_View,Electronics,
sess_15f410b6,usr_0362,2026-07-08 17:28:08,2_Product_View,Electronics,
sess_72c6c3e4,usr_1308,2026-07-02 04:04:27,1_Landing,Clothing,
sess_fc3efcda,usr_0020,2026-07-04 02:28:23,3_Add_to_Cart,Clothing,
sess_327453d4,usr_2423,2026-07-05 17:25:34,1_Landing,Clothing,
sess_cc7c0f96,usr_0449,2026-07-01 10:22:37,3_Add_to_Cart,Home & Kitchen,
sess_b8934e45,usr_2740,2026-07-03 02:31:44,4_Purchase,Clothing,146.3
sess_01f80a38,usr_0256,2026-07-03 16:13:35,1_Landing,Electronics,
sess_f62ca567,usr_1128,2026-07-06 08:35:05,1_Landing,Clothing,
sess_12c56823,usr_0066,2026-07-02 13:26:21,1_Landing,Clothing,
sess_1ae6be7f,usr_1129,2026-07-04 18:08:56,2_Product_View,Home & Kitchen,
sess_1fd8e419,usr_2046,2026-07-09 05:30:00,2_Product_View,Clothing,
sess_1e453e11,usr_1307,2026-07-10 15:47:30,2_Product_View,Clothing,
sess_e8790bff,usr_0233,2026-07-03 13:32:58,1_Landing,Clothing,
sess_1370f207,usr_1725,2026-07-02T23:00:10Z,2_Product_View,Clothing,
sess_eea2d5f5,usr_1613,2026-07-02 06:52:48,1_Landing,Electronics,
sess_0191e21c,usr_0298,2026-07-09 11:02:39,4_Purchase,Books,43.59
sess_de85f663,usr_0224,2026-07-09 03:25:02,2_Product_View,Books,
sess_1edb23eb,usr_1403,2026-07-01 08:37:00,3_Add_to_Cart,Books,
sess_adb1a56d,usr_2626,2026-07-03 01:22:29,2_Product_View,Books,
sess_6d9b8359,usr_0156,2026-07-07 21:06:31,1_Landing,Books,
sess_07216df4,usr_1158,2026-07-09 21:15:45,1_Landing,Electronics,
sess_fea0fb78,usr_2292,2026-07-10T22:44:16Z,1_Landing,Books,
sess_7ee11464,usr_0225,2026-07-08 06:07:08,1_Landing,Home & Kitchen,
sess_f2e44539,usr_2578,03/07/2026 01:40:13,1_Landing,Electronics,
sess_03285795,usr_0451,2026-07-10T13:10:03Z,1_Landing,Clothing,
sess_3ea308a4,usr_1490,2026-07-01 10:46:39,3_Add_to_Cart,Electronics,
sess_4a11c024,usr_1794,2026-07-06T15:07:31Z,3_Add_to_Cart,Electronics,
sess_28f1ef63,usr_1164,2026-07-04 12:01:02,3_Add_to_Cart,Clothing,
sess_b22e88b9,usr_1525,2026-07-06 17:51:08,2_Product_View,Electronics,
sess_63d5b50a,usr_0506,05/07/2026 04:00:18,2_Product_View,Electronics,
sess_061f7979,usr_2160,2026-07-02 12:41:21,3_Add_to_Cart,Home & Kitchen,
sess_1870d6a4,usr_0747,2026-07-04 19:33:01,2_Product_View,Electronics,
sess_d594fe28,usr_2786,2026-07-06 05:19:02,1_Landing,Books,
sess_076b7a23,usr_2583,2026-07-06 23:05:06,2_Product_View,Electronics,
sess_9e3e1e59,usr_2612,05/07/2026 20:48:34,2_Product_View,Electronics,
sess_9b0f55b9,usr_1796,2026-07-06 19:34:47,1_Landing,Home & Kitchen,
sess_921606a6,usr_1892,2026-07-03 11:46:16,1_Landing,Home & Kitchen,
sess_d75df83a,usr_1465,01/07/2026 03:23:17,2_Product_View,Books,
sess_3859b2d0,usr_2705,2026-07-03 21:40:35,2_Product_View,Books,
sess_f38af763,usr_0657,2026-07-01 15:13:21,1_Landing,Clothing,
sess_d5ea2d6a,usr_2726,2026-07-04 01:23:19,2_Product_View,Books,
sess_db5d50c7,usr_2591,10/07/2026 16:52:44,2_Product_View,Electronics,
sess_9b28dd47,usr_0978,2026-07-08 23:19:08,2_Product_View,Books,
sess_38555919,usr_1964,05/07/2026 11:20:08,2_Product_View,Electronics,
sess_43baaa0b,usr_2146,2026-07-02 18:03:34,2_Product_View,Home & Kitchen,
sess_72a1b032,usr_0184,06/07/2026 09:04:41,1_Landing,Electronics,
sess_cebace88,usr_0991,2026-07-09T10:40:28Z,2_Product_View,Home & Kitchen,
sess_495c65fb,usr_0585,2026-07-07T20:45:40Z,3_Add_to_Cart,Clothing,
sess_5d3a6f09,usr_1831,2026-07-02 15:32:35,3_Add_to_Cart,Clothing,
sess_67f958f3,usr_1605,2026-07-04 14:33:52,2_Product_View,Electronics,
sess_30b91afd,usr_0028,2026-07-03 12:00:24,1_Landing,Electronics,
sess_438e9549,usr_0089,05/07/2026 01:07:15,2_Product_View,Clothing,
sess_81a08ee6,usr_0081,2026-07-08 18:41:13,2_Product_View,Clothing,
sess_e3945cb3,usr_1752,2026-07-02T00:30:01Z,2_Product_View,Clothing,
sess_f29dc517,usr_2495,2026-07-10 02:42:22,3_Add_to_Cart,Books,
sess_4d5a47ba,usr_2006,2026-07-03 15:47:31,2_Product_View,Clothing,
sess_32794a35,usr_2579,2026-07-03T08:06:23Z,3_Add_to_Cart,Home & Kitchen,
sess_72b14e39,usr_2691,2026-07-08 09:11:51,3_Add_to_Cart,Books,
sess_2b1523f3,usr_0690,2026-07-01 10:22:56,1_Landing,Electronics,
sess_968a4398,usr_1473,2026-07-08 19:42:11,1_Landing,Books,
sess_db5d50c7,usr_2591,2026-07-10 16:51:25,1_Landing,Electronics,
sess_841d8ba2,usr_0593,2026-07-05T02:13:28Z,1_Landing,Electronics,
sess_479fb467,usr_1728,2026-07-09 11:01:36,1_Landing,Electronics,
sess_4903bdae,usr_2308,2026-07-02 07:55:32,1_Landing,Home & Kitchen,
sess_96c47680,usr_0845,05/07/2026 01:12:07,1_Landing,Clothing,
sess_a289ddd4,usr_0252,2026-07-01 11:30:58,3_Add_to_Cart,Books,
sess_90e45053,usr_0078,2026-07-01 13:52:31,1_Landing,Home & Kitchen,
sess_eba61c46,usr_1663,2026-07-08 17:31:28,2_Product_View,Electronics,
sess_5a011593,usr_2658,2026-07-04 03:45:26,2_Product_View,Home & Kitchen,
sess_dcf2f10a,usr_1349,2026-07-08 03:34:30,2_Product_View,Electronics,
sess_e56280d9,usr_2073,2026-07-01 18:19:51,1_Landing,Books,
sess_ab28e86a,usr_0047,2026-07-01 21:26:29,2_Product_View,Clothing,
sess_e8fe677e,usr_1404,2026-07-01 20:50:54,1_Landing,Home & Kitchen,
sess_1e7d151e,usr_1696,2026-07-04 11:31:29,1_Landing,Electronics,
sess_179ba274,usr_2431,2026-07-02 15:48:47,1_Landing,Books,
sess_60ef4a48,usr_0898,2026-07-07 05:06:11,3_Add_to_Cart,Books,
sess_8b3f7f63,usr_2763,2026-07-06 10:14:38,1_Landing,Clothing,
sess_9fe36473,usr_1413,2026-07-05 22:19:06,2_Product_View,Books,
sess_abf7783a,usr_0843,2026-07-06T13:00:35Z,1_Landing,Home & Kitchen,
sess_d9705bd8,usr_0072,2026-07-05 13:18:40,2_Product_View,Books,
sess_7c3ae1d9,usr_2345,2026-07-06 17:28:03,2_Product_View,Clothing,
sess_c524e05f,usr_0800,2026-07-10 23:34:19,4_Purchase,Clothing,19.47
sess_9e3e1e59,usr_2612,2026-07-05 20:56:26,3_Add_to_Cart,Electronics,
sess_d5c27955,usr_1339,02/07/2026 03:04:23,1_Landing,Home & Kitchen,
sess_13489a95,usr_1365,2026-07-06 04:00:29,2_Product_View,Books,
sess_49bc7912,usr_1110,2026-07-01 07:32:52,1_Landing,Clothing,
sess_70179a15,usr_1524,2026-07-01 17:45:14,1_Landing,Home & Kitchen,
sess_751f9017,usr_1887,2026-07-06 05:03:41,1_Landing,Books,
sess_2f290e1b,usr_0934,2026-07-10 21:30:15,2_Product_View,Books,
sess_c81806aa,usr_2388,2026-07-09 16:43:22,1_Landing,Home & Kitchen,
sess_648d5c62,usr_2200,03/07/2026 02:03:17,1_Landing,Clothing,
sess_3a33e413,usr_0154,2026-07-09 18:06:28,1_Landing,Home & Kitchen,
sess_902f7744,usr_2472,2026-07-03 17:29:32,1_Landing,Electronics,
sess_a87f1201,usr_2296,2026-07-01T19:28:17Z,1_Landing,Clothing,
sess_4cef22b7,usr_2395,10/07/2026 23:00:21,2_Product_View,Electronics,
sess_47f46148,usr_0248,2026-07-10 21:39:07,1_Landing,Home & Kitchen,
sess_fc1018b5,usr_0097,2026-07-05 01:14:18,1_Landing,Books,
sess_d1a26178,usr_0725,2026-07-09 12:35:00,2_Product_View,Electronics,
sess_450a7fc7,usr_0576,2026-07-02 01:09:09,2_Product_View,Electronics,
sess_02477dbf,usr_0440,2026-07-07 18:09:31,2_Product_View,Home & Kitchen,
sess_0f6e6c96,usr_0152,2026-07-03 00:22:50,1_Landing,Electronics,
sess_b1d3888b,usr_0947,2026-07-08 20:54:50,1_Landing,Clothing,
sess_5203687d,usr_1989,2026-07-01 09:49:30,2_Product_View,Clothing,
sess_7733fa54,usr_1018,2026-07-05 02:11:00,2_Product_View,Books,
sess_32109591,usr_2440,2026-07-04 13:47:11,4_Purchase,Books,7.51
sess_c352cad7,usr_0777,2026-07-10 15:07:37,1_Landing,Electronics,
sess_57b16696,usr_0426,2026-07-05 15:06:48,2_Product_View,Home & Kitchen,
sess_7733fa54,usr_1018,2026-07-05 02:08:08,1_Landing,Books,
sess_55a4c2f6,usr_1037,2026-07-09 15:58:18,2_Product_View,Books,
sess_3b722f25,usr_2011,09/07/2026 15:24:48,1_Landing,Books,
sess_e6358a6f,usr_1653,2026-07-02 13:13:09,2_Product_View,Home & Kitchen,
sess_f04e9ba8,usr_1905,2026-07-01 23:57:03,2_Product_View,Books,
sess_801cc313,usr_0779,2026-07-06 15:41:42,1_Landing,Books,
sess_34a04ae4,usr_0100,2026-07-01T06:04:55Z,2_Product_View,Electronics,
sess_eb54dded,usr_1004,2026-07-02 12:16:11,1_Landing,Books,
sess_becbf31d,usr_1944,2026-07-09 11:32:24,1_Landing,Home & Kitchen,
sess_2dd6f120,usr_1219,09/07/2026 13:51:14,1_Landing,Books,
sess_66694374,usr_2025,2026-07-04 02:14:50,4_Purchase,Books,15.37
sess_e304923d,usr_0683,2026-07-07 23:29:51,2_Product_View,Books,
sess_db2b792b,usr_1123,2026-07-03T10:30:35Z,3_Add_to_Cart,Home & Kitchen,
sess_06058875,usr_2616,2026-07-06 23:54:16,3_Add_to_Cart,Electronics,
sess_65e76cfe,usr_0339,2026-07-07 21:35:24,2_Product_View,Electronics,
sess_cd23530c,usr_0084,2026-07-08 20:46:36,2_Product_View,Clothing,
sess_38555919,usr_1964,2026-07-05 11:05:38,1_Landing,Electronics,
sess_f5b25efa,usr_1640,2026-07-01 05:20:08,1_Landing,Books,
sess_42d5f31a,usr_1717,2026-07-05 00:52:45,1_Landing,Books,
sess_9c6e13db,usr_0135,2026-07-02 09:24:55,2_Product_View,Clothing,
sess_7e299155,usr_0143,2026-07-02 04:02:02,1_Landing,Books,
sess_0e50b27d,usr_1615,10/07/2026 14:05:07,1_Landing,Electronics,
sess_a102e1aa,usr_0503,2026-07-01 01:51:14,2_Product_View,Electronics,
sess_5203687d,usr_1989,01/07/2026 09:38:21,1_Landing,Clothing,
sess_76f6f772,usr_2009,2026-07-01 11:29:16,2_Product_View,Clothing,
sess_e4cd6034,usr_2331,2026-07-04 02:08:12,1_Landing,Clothing,
sess_a7d5c7cd,usr_2478,2026-07-01 12:58:52,1_Landing,Books,
sess_4399d4aa,usr_0132,2026-07-02 07:30:20,2_Product_View,Books,
sess_fb134879,usr_2185,2026-07-03 07:48:19,2_Product_View,Clothing,
sess_0254d4e0,usr_2524,2026-07-01 23:27:28,1_Landing,Books,
sess_4899c8fd,usr_1175,2026-07-04 23:27:48,1_Landing,Home & Kitchen,
sess_7920ceee,usr_2404,2026-07-07 21:09:33,2_Product_View,Clothing,
sess_a6e4cde9,usr_0051,06/07/2026 13:04:42,1_Landing,Clothing,
sess_cf1c1550,usr_0704,2026-07-07 19:07:42,3_Add_to_Cart,Electronics,
sess_471e3f0a,usr_0106,2026-07-02 15:22:26,1_Landing,Books,
sess_c994cdff,usr_1683,2026-07-07 23:49:02,1_Landing,Home & Kitchen,
sess_c8c79737,usr_0036,2026-07-09 10:14:50,2_Product_View,Electronics,
sess_f1ab6ef8,usr_1793,2026-07-05 11:57:00,2_Product_View,Books,
sess_176e9d22,usr_2382,2026-07-08 13:13:54,4_Purchase,Home & Kitchen,275.21
sess_088b99dd,usr_0232,2026-07-08 14:43:33,1_Landing,Electronics,
sess_a17b65f1,usr_2718,2026-07-04 09:44:05,3_Add_to_Cart,Clothing,
sess_e97f2444,usr_0276,2026-07-03 15:31:44,3_Add_to_Cart,Clothing,
sess_d594fe28,usr_2786,2026-07-06 05:32:51,2_Product_View,Books,
sess_b44ad4c7,usr_1911,2026-07-04 03:24:05,4_Purchase,Clothing,89.16
sess_63f6a88a,usr_2175,2026-07-02 02:51:36,2_Product_View,Books,
sess_e7290b7e,usr_1095,2026-07-07 06:21:05,1_Landing,Electronics,
sess_e999b54e,usr_2045,2026-07-01 06:55:25,3_Add_to_Cart,Clothing,
sess_5208cb87,usr_1358,2026-07-04T01:27:38Z,2_Product_View,Books,
sess_abe404d9,usr_0326,2026-07-08 07:22:35,1_Landing,Books,
sess_f384d3ec,usr_0353,2026-07-05 19:37:05,1_Landing,Clothing,
sess_e361e02d,usr_1975,2026-07-04 20:54:26,2_Product_View,Electronics,
sess_ea2f324e,usr_1509,08/07/2026 01:23:09,2_Product_View,Electronics,
sess_57d906af,usr_1231,2026-07-07T02:33:46Z,1_Landing,Books,
sess_103e132d,usr_0718,2026-07-09 19:45:49,4_Purchase,Clothing,70.16
sess_68059285,usr_0621,2026-07-04 10:28:06,2_Product_View,Clothing,
sess_171b2224,usr_2364,02/07/2026 03:54:08,4_Purchase,Electronics,375.79
sess_bb42521c,usr_0987,2026-07-04 22:24:45,1_Landing,Books,
sess_66ff06c6,usr_2195,05/07/2026 07:24:22,1_Landing,Electronics,
sess_4e68b864,usr_2470,2026-07-05T13:18:26Z,2_Product_View,Home & Kitchen,
sess_acaf36f1,usr_0157,2026-07-02 02:23:55,2_Product_View,Books,
sess_27968479,usr_1423,2026-07-06 08:07:59,1_Landing,Books,
sess_7f3fdf52,usr_0721,2026-07-06 14:56:15,1_Landing,Books,
sess_bd1f1b5f,usr_1623,2026-07-08 04:29:37,1_Landing,Clothing,
sess_2f6dc107,usr_1534,2026-07-10 07:28:50,1_Landing,Books,
sess_ec722824,usr_1477,2026-07-06 07:49:51,1_Landing,Books,
sess_c5f46747,usr_2023,2026-07-10 03:39:23,3_Add_to_Cart,Books,
sess_e78fa567,usr_1674,2026-07-10 18:46:26,1_Landing,Electronics,
sess_34f8eb0b,usr_2279,2026-07-08 23:57:05,2_Product_View,Home & Kitchen,
sess_92b60541,usr_2239,2026-07-07 01:26:42,3_Add_to_Cart,Clothing,
sess_5532c2c1,usr_0434,2026-07-10 01:01:13,3_Add_to_Cart,Home & Kitchen,
sess_17d8d0b4,usr_1320,2026-07-02 03:36:27,1_Landing,Books,
sess_e82bf019,usr_0342,02/07/2026 07:42:42,1_Landing,Electronics,
sess_05f8f307,usr_2317,2026-07-07 05:56:08,1_Landing,Home & Kitchen,
sess_4d430235,usr_2673,2026-07-05 18:43:35,2_Product_View,Home & Kitchen,
sess_61cf01d6,usr_1419,2026-07-05T22:29:41Z,1_Landing,Home & Kitchen,
sess_230aed81,usr_2048,2026-07-04 19:58:52,2_Product_View,Clothing,
sess_cd913c3b,usr_0163,2026-07-01 09:38:19,1_Landing,Books,
sess_f9e49dcb,usr_0693,2026-07-10 18:32:05,1_Landing,Books,
sess_32109591,usr_2440,2026-07-04 13:20:15,1_Landing,Books,
sess_a247ccf0,usr_1877,2026-07-03 06:39:21,3_Add_to_Cart,Clothing,
sess_2e3f6063,usr_2676,04/07/2026 18:56:48,2_Product_View,Books,
sess_d42f18ce,usr_2715,2026-07-04 17:36:05,2_Product_View,Clothing,
sess_6e772079,usr_2697,01/07/2026 05:18:46,2_Product_View,Clothing,
sess_57d906af,usr_1231,2026-07-07 02:46:45,2_Product_View,Books,
sess_0f6aa13c,usr_1980,2026-07-06 12:33:50,2_Product_View,Home & Kitchen,
sess_58749e26,usr_0172,2026-07-05 09:40:08,3_Add_to_Cart,Clothing,
sess_fc1cdf8c,usr_0824,2026-07-06T17:54:21Z,1_Landing,Electronics,
sess_ad311d18,usr_1679,2026-07-04 05:43:10,2_Product_View,Books,
sess_ab28e637,usr_0442,2026-07-04 21:43:38,2_Product_View,Home & Kitchen,
sess_a48caba4,usr_1768,2026-07-03 21:38:25,3_Add_to_Cart,Clothing,
sess_61f7653a,usr_1370,2026-07-02 05:46:29,3_Add_to_Cart,Home & Kitchen,
sess_0b3f1803,usr_1230,03/07/2026 00:35:25,1_Landing,Home & Kitchen,
sess_db9ac541,usr_1131,2026-07-02 10:04:37,2_Product_View,Home & Kitchen,
sess_a5580a2d,usr_2427,04/07/2026 22:34:52,2_Product_View,Clothing,
sess_131b366b,usr_1082,2026-07-04 21:34:23,3_Add_to_Cart,Home & Kitchen,
sess_43999e96,usr_2459,2026-07-09 01:44:15,2_Product_View,Books,
sess_81336c7a,usr_0037,2026-07-05 19:13:45,1_Landing,Home & Kitchen,
sess_5bbaf44e,usr_0093,2026-07-09 12:43:35,2_Product_View,Clothing,
sess_d877b754,usr_0960,2026-07-06 21:57:42,2_Product_View,Books,
sess_e5a50117,usr_2476,2026-07-05 05:17:08,1_Landing,Books,
sess_7a24ba5e,usr_2648,2026-07-07 08:01:36,1_Landing,Home & Kitchen,
sess_98b401c3,usr_2551,2026-07-04 18:54:18,1_Landing,Clothing,
sess_4f6232bd,usr_0247,2026-07-07 01:55:21,3_Add_to_Cart,Electronics,
sess_6ecbf8a9,usr_2205,09/07/2026 18:41:42,1_Landing,Clothing,
sess_c31827c2,usr_1619,2026-07-05 04:50:32,2_Product_View,Clothing,
sess_918df360,usr_0901,2026-07-10 09:31:35,1_Landing,Home & Kitchen,
sess_24529c42,usr_0647,2026-07-05 07:34:51,4_Purchase,Books,46.19
sess_34582e84,usr_1384,2026-07-05T21:03:17Z,1_Landing,Books,
sess_64c1c4f7,usr_1962,2026-07-05 22:45:26,4_Purchase,Electronics,819.84
sess_d6a3c491,usr_2761,2026-07-01 23:00:10,2_Product_View,Clothing,
sess_39cf03de,usr_0309,2026-07-04 00:02:56,2_Product_View,Books,
sess_d6db9cb5,usr_2647,2026-07-07 23:17:04,1_Landing,Electronics,
sess_d7299bb7,usr_1371,2026-07-02 03:05:41,1_Landing,Electronics,
sess_8fbf909c,usr_1596,2026-07-10 21:58:30,1_Landing,Home & Kitchen,
sess_0f529463,usr_2574,01/07/2026 05:44:21,2_Product_View,Electronics,
sess_5b4225a2,usr_2424,2026-07-10 01:56:27,1_Landing,Clothing,
sess_342fb440,usr_2186,2026-07-09T02:57:32Z,3_Add_to_Cart,Books,
sess_a3d488c5,usr_0714,2026-07-10 05:32:11,2_Product_View,Clothing,
sess_3a21b9d4,usr_1124,02/07/2026 15:50:42,1_Landing,Clothing,
sess_81d48b18,usr_1682,10/07/2026 20:43:37,2_Product_View,Electronics,
sess_d779b1ff,usr_2311,2026-07-02 15:43:03,2_Product_View,Electronics,
sess_0cbb1b96,usr_0441,08/07/2026 20:20:11,1_Landing,Books,
sess_03fb2587,usr_1026,2026-07-01 05:25:14,2_Product_View,Books,
sess_82d72eab,usr_2143,2026-07-05 20:40:56,2_Product_View,Books,
sess_a9d70843,usr_0177,2026-07-07 03:30:19,3_Add_to_Cart,Electronics,
sess_ca2ecfe4,usr_0592,01/07/2026 05:16:59,1_Landing,Clothing,
sess_01bc54e9,usr_2655,2026-07-04 02:35:11,4_Purchase,Books,22.52
sess_fb1ec6cc,usr_1916,2026-07-10 03:38:08,1_Landing,Books,
sess_74433506,usr_0649,2026-07-09T20:47:04Z,2_Product_View,Books,
sess_f506f3ca,usr_0968,2026-07-04 08:47:47,2_Product_View,Electronics,
sess_6b38133e,usr_0291,2026-07-09 12:58:23,2_Product_View,Books,
sess_c9cf3975,usr_1337,2026-07-04T14:01:43Z,2_Product_View,Home & Kitchen,
sess_4bf7bbdf,usr_0863,2026-07-03T22:29:54Z,1_Landing,Home & Kitchen,
sess_d2af0271,usr_0435,2026-07-09 09:12:45,2_Product_View,Books,
sess_6d6a2d18,usr_2091,08/07/2026 04:46:46,2_Product_View,Clothing,
sess_ef42df28,usr_1723,2026-07-03 18:32:38,3_Add_to_Cart,Clothing,
sess_243a18bf,usr_2182,2026-07-09 15:25:58,1_Landing,Electronics,
sess_bee5b0b9,usr_2396,2026-07-06 05:02:16,1_Landing,Electronics,
sess_d04dc1a7,usr_0568,07/07/2026 20:54:32,1_Landing,Clothing,
sess_affdae45,usr_0780,2026-07-03 21:09:28,1_Landing,Electronics,
sess_b6d4ba70,usr_1433,2026-07-04 15:07:02,1_Landing,Books,
sess_2e444776,usr_2383,2026-07-02 14:25:17,1_Landing,Clothing,
sess_dcf7607d,usr_0189,2026-07-06 02:28:24,2_Product_View,Electronics,
sess_21d3212b,usr_1585,2026-07-02 13:59:14,3_Add_to_Cart,Electronics,
sess_62f4156f,usr_2425,2026-07-10 18:04:27,1_Landing,Books,
sess_f1bb97df,usr_2733,2026-07-06 17:17:29,2_Product_View,Electronics,
sess_05c9e1c4,usr_2741,2026-07-09 18:49:55,1_Landing,Books,
sess_62159b0b,usr_1054,2026-07-07 04:30:13,1_Landing,Electronics,
sess_bb260619,usr_2330,2026-07-06 09:26:56,2_Product_View,Clothing,
sess_bf03f749,usr_0866,2026-07-07 22:29:21,2_Product_View,Electronics,
sess_625dcf49,usr_1281,2026-07-03 03:10:12,2_Product_View,Books,
sess_a9abc36c,usr_1562,2026-07-10 11:34:30,1_Landing,Books,
sess_995f1ff4,usr_0944,2026-07-10 16:57:26,1_Landing,Books,
sess_84fef1e6,usr_1049,2026-07-01 17:50:35,2_Product_View,Electronics,
sess_dc305b71,usr_0909,2026-07-05 22:01:44,4_Purchase,Home & Kitchen,238.07
sess_003b61dc,usr_1705,2026-07-08 20:12:37,1_Landing,Electronics,
sess_ba2bd33d,usr_2223,04/07/2026 22:42:44,3_Add_to_Cart,Electronics,
sess_2f958925,usr_0806,2026-07-05T14:24:43Z,1_Landing,Electronics,
sess_aadd0568,usr_0882,2026-07-03T08:20:19Z,2_Product_View,Home & Kitchen,
sess_a4f65e4f,usr_2422,2026-07-07T08:34:34Z,1_Landing,Clothing,
sess_752e5f25,usr_2100,2026-07-04 04:21:43,1_Landing,Clothing,
sess_4f71147f,usr_0246,2026-07-05 17:04:50,2_Product_View,Books,
sess_56fc35dc,usr_2604,2026-07-06 06:33:45,2_Product_View,Home & Kitchen,
sess_8ada9f19,usr_0511,2026-07-03 01:54:18,1_Landing,Electronics,
sess_79bfec60,usr_1634,2026-07-10 12:45:51,2_Product_View,Books,
sess_5f93147b,usr_2430,2026-07-05 15:17:55,4_Purchase,Home & Kitchen,27.91
sess_6af9bb16,usr_1180,2026-07-08 02:18:53,3_Add_to_Cart,Electronics,
sess_9b833254,usr_0716,2026-07-03 06:06:08,1_Landing,Home & Kitchen,
sess_0823f1b3,usr_0010,2026-07-10T13:57:37Z,1_Landing,Home & Kitchen,
sess_b4fd590e,usr_0566,2026-07-01 17:56:35,2_Product_View,Home & Kitchen,
sess_5e0b02ed,usr_2001,2026-07-06 07:55:30,1_Landing,Clothing,
sess_6a56faef,usr_0786,2026-07-03 06:35:24,1_Landing,Books,
sess_d9a14824,usr_2644,02/07/2026 20:58:13,3_Add_to_Cart,Home & Kitchen,
sess_b7773e6d,usr_2313,2026-07-02 10:57:06,2_Product_View,Books,
sess_f65f46a6,usr_0218,2026-07-09 08:51:05,1_Landing,Home & Kitchen,
sess_939c3a3f,usr_1530,2026-07-04 13:05:46,2_Product_View,Home & Kitchen,
sess_338edd3d,usr_1466,2026-07-10T03:30:18Z,2_Product_View,Books,
sess_0d62c725,usr_2293,2026-07-02 09:31:57,2_Product_View,Electronics,
sess_9c7af546,usr_1550,2026-07-05 08:38:48,1_Landing,Clothing,
sess_ebb241a4,usr_2468,2026-07-10 07:21:54,1_Landing,Home & Kitchen,
sess_50c0be79,usr_1711,2026-07-04 04:12:02,4_Purchase,Clothing,97.29
sess_8e29bda7,usr_2301,2026-07-01T21:16:21Z,2_Product_View,Electronics,
sess_fecdc748,usr_1574,2026-07-01 23:56:40,2_Product_View,Electronics,
sess_96c9878f,usr_0584,2026-07-06 03:45:33,1_Landing,Electronics,
sess_af4b7e73,usr_0562,2026-07-07 12:34:41,2_Product_View,Home & Kitchen,
sess_14ca0f82,usr_1578,07/07/2026 00:38:34,2_Product_View,Clothing,
sess_e8bc7f25,usr_2299,2026-07-09 00:37:31,2_Product_View,Home & Kitchen,
sess_745a80d1,usr_2151,2026-07-01 23:36:40,2_Product_View,Electronics,
sess_c7cad80d,usr_0090,2026-07-02T00:45:55Z,3_Add_to_Cart,Books,
sess_75c12017,usr_0307,2026-07-05 04:32:55,3_Add_to_Cart,Books,
sess_3368b854,usr_0321,09/07/2026 19:09:44,4_Purchase,Home & Kitchen,249.85
sess_eef384fb,usr_2226,04/07/2026 07:39:34,2_Product_View,Home & Kitchen,
sess_36da1914,usr_1923,2026-07-01 15:21:36,2_Product_View,Home & Kitchen,
sess_d6a3c491,usr_2761,2026-07-01 22:52:46,1_Landing,Clothing,
sess_12c7b864,usr_0164,2026-07-09 11:12:39,2_Product_View,Home & Kitchen,
sess_0de22edd,usr_2749,10/07/2026 19:12:47,2_Product_View,Clothing,
sess_004cb46a,usr_1953,2026-07-02 19:09:52,3_Add_to_Cart,Clothing,
sess_664e9db6,usr_1673,2026-07-04 20:12:18,2_Product_View,Books,
sess_7bfd20b7,usr_2373,2026-07-01T03:14:29Z,1_Landing,Books,
sess_0c3436ff,usr_0242,2026-07-10T13:15:55Z,1_Landing,Books,
sess_cb0e6935,usr_0359,2026-07-08 05:18:50,2_Product_View,Books,
sess_733cada0,usr_1917,2026-07-02 00:32:43,2_Product_View,Books,
sess_e26008c6,usr_1053,2026-07-07T16:56:52Z,2_Product_View,Clothing,
sess_3e878958,usr_2196,2026-07-09 04:25:24,1_Landing,Home & Kitchen,
sess_77a019dc,usr_0013,2026-07-09 08:55:08,2_Product_View,Electronics,
sess_ad740d72,usr_0331,2026-07-10 16:22:09,3_Add_to_Cart,Clothing,
sess_ca7ca509,usr_2435,06/07/2026 19:19:14,2_Product_View,Clothing,
sess_711ae77c,usr_1822,2026-07-07T12:50:41Z,2_Product_View,Books,
sess_89ee9385,usr_0730,2026-07-02 02:13:50,2_Product_View,Clothing,
sess_21d3212b,usr_1585,2026-07-02 13:44:04,1_Landing,Electronics,
sess_d447fe02,usr_2750,2026-07-07 08:13:49,3_Add_to_Cart,Books,
sess_aadd0568,usr_0882,2026-07-03 08:14:30,1_Landing,Home & Kitchen,
sess_da16cf49,usr_0871,2026-07-04 10:22:57,1_Landing,Clothing,
sess_3952673a,usr_1804,2026-07-04 07:28:41,1_Landing,Clothing,
sess_dcf2f10a,usr_1349,2026-07-08 03:29:20,1_Landing,Electronics,
sess_fe9b5302,usr_1850,2026-07-02 07:02:53,1_Landing,Electronics,
sess_15b139de,usr_1161,2026-07-04 22:02:57,1_Landing,Clothing,
sess_d198fded,usr_0709,2026-07-03 00:34:02,2_Product_View,Books,
sess_45378c1e,usr_1742,2026-07-08 08:32:07,1_Landing,Home & Kitchen,
sess_750e4610,usr_0080,2026-07-08 13:52:46,1_Landing,Books,
sess_b5ab2e56,usr_0269,2026-07-07 06:14:23,2_Product_View,Clothing,
sess_c9b23d3c,usr_2784,2026-07-06 22:07:03,1_Landing,Books,
sess_c8da1c93,usr_2318,07/07/2026 01:20:55,1_Landing,Books,
sess_928f2c25,usr_1352,2026-07-08 11:39:17,2_Product_View,Clothing,
sess_4b3d7a7d,usr_1417,2026-07-02 02:42:16,2_Product_View,Clothing,
sess_18706732,usr_0336,2026-07-05 23:55:30,2_Product_View,Home & Kitchen,
sess_ee4f8e97,usr_2467,2026-07-07 19:59:46,2_Product_View,Electronics,
sess_a71cfa0b,usr_1597,2026-07-03 05:33:52,2_Product_View,Clothing,
sess_93eb73bb,usr_0931,2026-07-07 11:30:42,1_Landing,Home & Kitchen,
sess_c9cf3975,usr_1337,2026-07-04 14:11:33,4_Purchase,Home & Kitchen,81.29
sess_535b79d1,usr_1072,2026-07-07 03:20:09,1_Landing,Home & Kitchen,
sess_ff222592,usr_1648,2026-07-09 08:11:18,1_Landing,Electronics,
sess_5747ffc7,usr_2742,2026-07-02 15:55:39,1_Landing,Electronics,
sess_535b79d1,usr_1072,2026-07-07 03:26:25,2_Product_View,Home & Kitchen,
sess_499f621f,usr_2622,2026-07-01 11:25:13,3_Add_to_Cart,Electronics,
sess_bd4f1606,usr_1854,2026-07-03 11:29:12,1_Landing,Home & Kitchen,
sess_e4a64dda,usr_0784,2026-07-09 11:07:55,1_Landing,Electronics,
sess_e3b0f5f2,usr_1553,2026-07-08 16:08:53,1_Landing,Books,
sess_5d9967c7,usr_1251,2026-07-02 17:16:16,1_Landing,Books,
sess_a9d70843,usr_0177,2026-07-07 03:24:32,2_Product_View,Electronics,
sess_65af210f,usr_1347,2026-07-08 04:21:18,1_Landing,Home & Kitchen,
sess_9bfe72f5,usr_1406,2026-07-06 20:15:55,2_Product_View,Electronics,
sess_cf028ef9,usr_2294,08/07/2026 02:38:33,2_Product_View,Electronics,
sess_b8934e45,usr_2740,03/07/2026 02:12:11,1_Landing,Clothing,
sess_d7b5f983,usr_2208,03/07/2026 11:48:23,1_Landing,Books,
sess_7006108c,usr_1210,2026-07-08 07:49:21,2_Product_View,Home & Kitchen,
sess_e91ff723,usr_0534,2026-07-09 06:09:23,3_Add_to_Cart,Books,
sess_230d37b2,usr_1184,2026-07-03 15:01:48,1_Landing,Books,
sess_76cf9230,usr_1855,2026-07-07 12:13:29,2_Product_View,Electronics,
sess_e01fb171,usr_2497,2026-07-09 18:35:53,1_Landing,Books,
sess_60ef4a48,usr_0898,2026-07-07 04:56:50,2_Product_View,Books,
sess_1e12a28b,usr_1292,2026-07-02 17:39:21,1_Landing,Electronics,
sess_0d06072c,usr_0908,2026-07-01 09:33:03,4_Purchase,Home & Kitchen,172.24
sess_7b2ec366,usr_0609,2026-07-08T19:31:28Z,2_Product_View,Clothing,
sess_e108d989,usr_0961,2026-07-02 18:47:32,1_Landing,Clothing,
sess_5cfb992e,usr_1031,2026-07-03 05:52:55,1_Landing,Home & Kitchen,
sess_03fb2587,usr_1026,01/07/2026 05:18:46,1_Landing,Books,
sess_e79b7cf4,usr_2508,2026-07-07 08:17:37,2_Product_View,Home & Kitchen,
sess_a4df2247,usr_0750,04/07/2026 10:53:21,1_Landing,Clothing,
sess_cd913c3b,usr_0163,2026-07-01 09:57:05,3_Add_to_Cart,Books,
sess_69e9623b,usr_0324,2026-07-09 23:37:45,3_Add_to_Cart,Electronics,
sess_31630c61,usr_1886,2026-07-06 08:22:29,2_Product_View,Clothing,
sess_f0a5c9bf,usr_0571,2026-07-06T04:48:20Z,2_Product_View,Home & Kitchen,
sess_cfe79d5d,usr_2540,2026-07-02T14:45:12Z,1_Landing,Books,
sess_b5319346,usr_2072,10/07/2026 07:14:52,1_Landing,Home & Kitchen,
sess_4b542604,usr_1999,2026-07-10 13:11:44,2_Product_View,Clothing,
sess_feebf4e7,usr_2543,2026-07-04 22:57:37,1_Landing,Electronics,
sess_c81a8a5a,usr_1460,2026-07-06 19:16:43,3_Add_to_Cart,Electronics,
sess_fa19200d,usr_2594,2026-07-10 13:36:32,3_Add_to_Cart,Clothing,
sess_41fec555,usr_0642,2026-07-02 02:22:40,3_Add_to_Cart,Books,
sess_21d3212b,usr_1585,2026-07-02 13:57:04,2_Product_View,Electronics,
sess_0f272dca,usr_2639,2026-07-02 19:18:16,1_Landing,Electronics,
sess_eb2635a4,usr_1970,2026-07-10 05:05:15,2_Product_View,Clothing,
sess_43b80bba,usr_0768,2026-07-08 18:08:05,1_Landing,Electronics,
sess_16437e11,usr_0697,2026-07-07 13:23:22,1_Landing,Electronics,
sess_ab8db36f,usr_2264,2026-07-01 14:38:22,2_Product_View,Home & Kitchen,
sess_35bbc9e4,usr_0519,2026-07-07T21:57:58Z,2_Product_View,Electronics,
sess_15c68778,usr_1504,2026-07-05 04:54:28,4_Purchase,Clothing,124.81
sess_69cd5854,usr_2204,2026-07-07 22:54:20,3_Add_to_Cart,Clothing,
sess_f0a20a66,usr_2587,2026-07-02 19:34:30,2_Product_View,Home & Kitchen,
sess_074476dc,usr_0463,2026-07-04 20:09:53,1_Landing,Books,
sess_5c9ec1ee,usr_2099,2026-07-10 11:21:00,1_Landing,Home & Kitchen,
sess_8992a4c0,usr_0853,2026-07-03 12:33:00,3_Add_to_Cart,Books,
sess_d2ee3f35,usr_0895,2026-07-07T04:53:17Z,2_Product_View,Home & Kitchen,
sess_f27f9f08,usr_1568,2026-07-09 07:17:54,4_Purchase,Clothing,123.33
sess_95390945,usr_0890,2026-07-10 21:25:50,2_Product_View,Home & Kitchen,
sess_b4f85e46,usr_0826,2026-07-07 03:40:44,1_Landing,Home & Kitchen,
sess_11a334ff,usr_1990,2026-07-04 15:31:15,1_Landing,Electronics,
sess_8aa13d37,usr_0216,2026-07-05 12:07:10,2_Product_View,Clothing,
sess_5d1955e7,usr_0927,2026-07-03 00:43:31,1_Landing,Home & Kitchen,
sess_01829a57,usr_1901,2026-07-02 06:26:22,3_Add_to_Cart,Electronics,
sess_e25fcef6,usr_1929,2026-07-08 20:38:52,3_Add_to_Cart,Clothing,
sess_da151f13,usr_2528,2026-07-09 10:59:20,2_Product_View,Electronics,
sess_d447fe02,usr_2750,2026-07-07 08:04:10,2_Product_View,Books,
sess_7ed7fd01,usr_1805,2026-07-01 09:15:01,1_Landing,Clothing,
sess_4517d042,usr_1133,2026-07-04 22:38:08,1_Landing,Home & Kitchen,
sess_d5ea2d6a,usr_2726,2026-07-04 01:09:37,1_Landing,Books,
sess_8ad519b8,usr_1685,2026-07-03 11:26:42,1_Landing,Electronics,
sess_d6a3c491,usr_2761,2026-07-01 23:07:44,3_Add_to_Cart,Clothing,
sess_3b64d85b,usr_1903,2026-07-01T02:31:22Z,1_Landing,Electronics,
sess_0d0a1131,usr_2371,06/07/2026 11:46:24,1_Landing,Clothing,
sess_5bdff321,usr_2748,2026-07-04 16:59:14,2_Product_View,Home & Kitchen,
sess_d9740430,usr_2384,08/07/2026 05:35:34,3_Add_to_Cart,Electronics,
sess_23bc4870,usr_1020,2026-07-08 00:59:46,2_Product_View,Books,
sess_8b3414bf,usr_1881,2026-07-01 18:53:29,2_Product_View,Clothing,
sess_b5eebe1a,usr_1134,2026-07-01 09:26:17,2_Product_View,Home & Kitchen,
sess_fb5eabb2,usr_0563,2026-07-02 12:13:15,2_Product_View,Electronics,
sess_4ace6830,usr_2549,2026-07-02 17:29:47,2_Product_View,Electronics,
sess_5d9d8ad5,usr_0410,2026-07-08 23:09:17,2_Product_View,Home & Kitchen,
sess_ba49ddd0,usr_2663,2026-07-06 13:50:04,2_Product_View,Books,
sess_e178b5d5,usr_2251,2026-07-09 04:44:50,2_Product_View,Clothing,
sess_bf03f749,usr_0866,2026-07-07T22:39:55Z,3_Add_to_Cart,Electronics,
sess_5e3d6f02,usr_1899,2026-07-08 19:57:54,2_Product_View,Clothing,
sess_09cef661,usr_0064,2026-07-09 15:43:00,2_Product_View,Home & Kitchen,
sess_7ade2fc0,usr_1688,2026-07-01 07:56:23,1_Landing,Home & Kitchen,
sess_4ace6830,usr_2549,2026-07-02 17:24:45,1_Landing,Electronics,
sess_17c5b470,usr_2743,2026-07-10 22:33:06,1_Landing,Home & Kitchen,
sess_f336b405,usr_0601,2026-07-07 04:16:30,1_Landing,Electronics,
sess_10c110aa,usr_1819,2026-07-03T17:43:37Z,1_Landing,Books,
sess_65df8057,usr_0450,2026-07-06 19:39:57,1_Landing,Electronics,
sess_b865464c,usr_2237,2026-07-10T06:45:55Z,2_Product_View,Clothing,
sess_ecd9b041,usr_1243,2026-07-02 05:55:38,1_Landing,Clothing,
sess_08ef0d8c,usr_1760,2026-07-07 20:06:50,2_Product_View,Electronics,
sess_abf700e5,usr_1514,2026-07-02 17:24:46,1_Landing,Electronics,
sess_5d9d8ad5,usr_0410,2026-07-08 23:05:37,1_Landing,Home & Kitchen,
sess_64939961,usr_0565,2026-07-03 09:43:56,1_Landing,Home & Kitchen,
sess_b0b6e3f9,usr_1782,2026-07-05T07:33:06Z,1_Landing,Books,
sess_ddd7c1fb,usr_1194,2026-07-01 04:15:26,3_Add_to_Cart,Clothing,
sess_672d265c,usr_2287,2026-07-06T17:34:24Z,2_Product_View,Electronics,
sess_3b3e1314,usr_1972,2026-07-08 03:20:46,1_Landing,Home & Kitchen,
sess_037d6e05,usr_0644,2026-07-02 06:13:24,2_Product_View,Home & Kitchen,
sess_871ac199,usr_0502,2026-07-07 20:16:49,1_Landing,Electronics,
sess_b3187108,usr_2323,2026-07-02 22:48:40,4_Purchase,Electronics,657.21
sess_140c50a9,usr_0892,08/07/2026 11:05:20,1_Landing,Clothing,
sess_5c80fb98,usr_1298,2026-07-04 05:20:23,3_Add_to_Cart,Home & Kitchen,
sess_7d4d665d,usr_0176,2026-07-10 14:53:44,1_Landing,Clothing,
sess_d43fdb9f,usr_2363,2026-07-07 14:48:42,1_Landing,Books,
sess_4dceed10,usr_1979,2026-07-02 08:34:49,2_Product_View,Electronics,
sess_58293a81,usr_2172,2026-07-04 06:22:48,3_Add_to_Cart,Clothing,
sess_3d81db1a,usr_0754,2026-07-02 04:17:53,1_Landing,Home & Kitchen,
sess_e50e367c,usr_2055,2026-07-07T20:58:59Z,2_Product_View,Clothing,
sess_4861fe28,usr_0629,2026-07-08 05:56:12,2_Product_View,Home & Kitchen,
sess_ad0c6fc8,usr_1599,2026-07-09 12:24:49,1_Landing,Clothing,
sess_5846eb3c,usr_1402,2026-07-06 06:12:03,1_Landing,Home & Kitchen,
sess_88da1676,usr_0588,2026-07-03 07:04:32,1_Landing,Books,
sess_cb352281,usr_1595,2026-07-09 18:41:49,1_Landing,Clothing,
sess_74d047ae,usr_0022,2026-07-09 04:46:59,1_Landing,Clothing,
sess_34b01c92,usr_2391,2026-07-05T14:05:47Z,4_Purchase,Books,
sess_d5348186,usr_2461,2026-07-05 20:29:21,1_Landing,Home & Kitchen,
sess_72b14e39,usr_2691,2026-07-08 09:04:29,1_Landing,Books,
sess_995f1ff4,usr_0944,2026-07-10 16:57:26,1_Landing,Books,
sess_e6d761c8,usr_1907,2026-07-08 10:00:43,2_Product_View,Home & Kitchen,
sess_be880030,usr_0804,2026-07-01 05:38:12,2_Product_View,Electronics,
sess_c3feb9eb,usr_0748,2026-07-01 20:35:23,3_Add_to_Cart,Clothing,
sess_f8a0f69a,usr_0745,2026-07-07 19:54:20,1_Landing,Home & Kitchen,
sess_b6a9bb1f,usr_1450,07/07/2026 13:31:55,2_Product_View,Clothing,
sess_fe511377,usr_2358,2026-07-01 02:19:12,1_Landing,Home & Kitchen,
sess_2d5dc1ad,usr_1060,2026-07-01 03:36:48,2_Product_View,Books,
sess_5c0ee6fd,usr_2147,2026-07-02 10:26:09,2_Product_View,Books,
sess_6979b796,usr_0550,2026-07-03 05:48:59,2_Product_View,Electronics,
sess_8aca695d,usr_2338,2026-07-07 21:35:15,1_Landing,Books,
sess_67c2094e,usr_0219,2026-07-07 20:03:36,3_Add_to_Cart,Electronics,
sess_4bd70df7,usr_0552,2026-07-08 18:47:42,2_Product_View,Home & Kitchen,
sess_ac785959,usr_2034,2026-07-03 22:04:38,1_Landing,Home & Kitchen,
sess_be880030,usr_0804,2026-07-01 05:29:25,1_Landing,Electronics,
sess_0b5186fb,usr_2282,2026-07-08 22:37:34,1_Landing,Electronics,
sess_fe9cc26e,usr_0805,2026-07-07 21:45:24,1_Landing,Clothing,
sess_2215567e,usr_2652,2026-07-02 19:59:27,2_Product_View,Electronics,
sess_b0c930bd,usr_0493,2026-07-03 10:58:16,2_Product_View,Books,
sess_139823ef,usr_0634,2026-07-07 08:28:11,1_Landing,Home & Kitchen,
sess_ddd7c1fb,usr_1194,2026-07-01 04:19:22,4_Purchase,Clothing,72.1
sess_15539b8a,usr_2757,2026-07-01 13:00:11,2_Product_View,Home & Kitchen,
sess_e66a2fd7,usr_1874,2026-07-06 20:12:28,2_Product_View,Books,
sess_f0fc112e,usr_2643,2026-07-08 07:25:14,4_Purchase,Clothing,80.55
sess_365f91b7,usr_1138,2026-07-04 14:35:02,2_Product_View,Books,
sess_b28c1dca,usr_2372,2026-07-01 06:51:50,2_Product_View,Electronics,
sess_22d7e01b,usr_0758,2026-07-08 16:01:51,1_Landing,Electronics,
sess_de85f663,usr_0224,2026-07-09 03:16:49,1_Landing,Books,
sess_f5fd16c9,usr_1208,2026-07-08 19:43:42,1_Landing,Home & Kitchen,
sess_b74dd9dd,usr_1754,2026-07-03 10:42:34,1_Landing,Home & Kitchen,
sess_01699b29,usr_1235,2026-07-09 20:25:17,2_Product_View,Electronics,
sess_81b494a0,usr_2781,04/07/2026 01:00:57,2_Product_View,Home & Kitchen,
sess_bbf37ec5,usr_2494,2026-07-09 13:35:35,1_Landing,Clothing,
sess_052c0e68,usr_0785,2026-07-06 22:33:38,2_Product_View,Books,
sess_cf52a74d,usr_2744,2026-07-02 23:50:28,2_Product_View,Clothing,
sess_d640e428,usr_0583,2026-07-07 15:58:29,1_Landing,Home & Kitchen,
sess_5f47825b,usr_0948,2026-07-10 03:37:21,1_Landing,Electronics,
sess_7785bb72,usr_1068,2026-07-10 14:05:51,1_Landing,Clothing,
sess_8d11780c,usr_0664,2026-07-01 19:05:51,4_Purchase,Electronics,637.71
sess_99ab2c5e,usr_1030,05/07/2026 07:14:57,2_Product_View,Books,
sess_b23ed72f,usr_2443,2026-07-03 00:52:50,1_Landing,Home & Kitchen,
sess_b12d94dd,usr_2492,07/07/2026 13:35:12,1_Landing,Clothing,
sess_961b39de,usr_1569,2026-07-06 17:09:04,2_Product_View,Home & Kitchen,
sess_6ca73df5,usr_0699,2026-07-10T04:28:02Z,1_Landing,Books,
sess_0af9cf1d,usr_2300,2026-07-07 23:39:21,1_Landing,Books,
sess_e295893d,usr_0207,02/07/2026 03:53:57,1_Landing,Books,
sess_d4a5c05e,usr_0475,2026-07-03T15:41:28Z,2_Product_View,Books,
sess_da26d021,usr_0403,2026-07-05 02:36:23,1_Landing,Home & Kitchen,
sess_9e6f85a2,usr_1311,2026-07-03T07:49:05Z,1_Landing,Electronics,
sess_39b5968f,usr_2595,2026-07-03 14:18:31,4_Purchase,Books,20.46
sess_75a498ac,usr_0126,2026-07-09 01:58:37,4_Purchase,Books,33.52
sess_5bbaf44e,usr_0093,2026-07-09 12:43:35,2_Product_View,Clothing,
sess_2dad8111,usr_1141,2026-07-09 09:33:39,2_Product_View,Books,
sess_69e9623b,usr_0324,2026-07-09 23:26:56,2_Product_View,Electronics,
sess_a8213920,usr_0907,2026-07-10 01:21:28,2_Product_View,Clothing,
sess_324203c1,usr_2684,2026-07-01 17:40:46,3_Add_to_Cart,Books,
sess_eb54dded,usr_1004,02/07/2026 12:32:00,3_Add_to_Cart,Books,
sess_3a3509de,usr_2568,2026-07-09 17:05:46,1_Landing,Home & Kitchen,
sess_61f7653a,usr_1370,2026-07-02 05:54:13,4_Purchase,Home & Kitchen,210.48
sess_6e0ecd09,usr_0009,2026-07-03 08:08:15,1_Landing,Books,
sess_15daaf7c,usr_0556,2026-07-04 20:39:58,1_Landing,Books,
sess_70a0785d,usr_1481,2026-07-04 23:10:27,1_Landing,Clothing,
sess_b8c3c7ac,usr_2633,2026-07-09 05:55:00,2_Product_View,Electronics,
sess_ef1bba3e,usr_0052,2026-07-02 23:57:19,1_Landing,Home & Kitchen,
sess_b5dd4ae1,usr_1179,2026-07-04 19:58:52,2_Product_View,Clothing,
sess_2ecd7d8f,usr_2259,2026-07-09 08:40:57,1_Landing,Home & Kitchen,
sess_59423c45,usr_0024,2026-07-07 15:07:27,2_Product_View,Books,
sess_b47bd98e,usr_0663,02/07/2026 07:46:42,3_Add_to_Cart,Clothing,
sess_ca8b6b3c,usr_0347,2026-07-02 09:02:51,1_Landing,Home & Kitchen,
sess_c5ab5e3c,usr_2256,2026-07-09 15:51:27,1_Landing,Electronics,
sess_4861fe28,usr_0629,2026-07-08 05:48:58,1_Landing,Home & Kitchen,
sess_35a482f8,usr_1023,2026-07-08T12:31:32Z,1_Landing,Electronics,
sess_65a37365,usr_0134,2026-07-02 20:49:04,2_Product_View,Clothing,
sess_de8c4599,usr_0802,2026-07-07 07:42:28,1_Landing,Books,
sess_73bdf79c,usr_1521,2026-07-07T01:50:08Z,3_Add_to_Cart,Clothing,
sess_d8c9faf0,usr_0939,2026-07-08 18:01:26,2_Product_View,Books,
sess_8a1f9d9d,usr_0340,2026-07-07 02:36:12,2_Product_View,Books,
sess_868de0ff,usr_2035,2026-07-03 12:26:27,3_Add_to_Cart,Books,
sess_92b60541,usr_2239,2026-07-07 01:24:00,2_Product_View,Clothing,
sess_fab4ca17,usr_1755,2026-07-08 23:57:08,2_Product_View,Books,
sess_c86bfd1d,usr_0578,2026-07-03 11:25:14,1_Landing,Books,
sess_64c1c4f7,usr_1962,05/07/2026 22:32:03,2_Product_View,Electronics,
sess_e4cd6034,usr_2331,04/07/2026 02:24:05,2_Product_View,Clothing,
sess_01f0435c,usr_2794,2026-07-03 14:05:38,3_Add_to_Cart,Books,
sess_5eff9e5b,usr_1787,2026-07-10 16:55:59,1_Landing,Books,
sess_349a9fd1,usr_2491,10/07/2026 15:09:22,2_Product_View,Home & Kitchen,
sess_2757edaa,usr_0681,2026-07-03 17:29:06,2_Product_View,Clothing,
sess_02a79edf,usr_1997,2026-07-08 12:48:54,2_Product_View,Home & Kitchen,
sess_e15c8316,usr_1541,05/07/2026 03:21:57,1_Landing,Clothing,
sess_cc15d2e0,usr_1463,2026-07-08 19:45:21,2_Product_View,Electronics,
sess_d4d30799,usr_1216,2026-07-04 23:32:24,2_Product_View,Home & Kitchen,
sess_3ac9c4cc,usr_2054,2026-07-02 20:11:01,3_Add_to_Cart,Home & Kitchen,
sess_68fef651,usr_2157,2026-07-08T16:00:09Z,1_Landing,Clothing,
sess_ed3b2366,usr_1302,2026-07-10 09:20:03,1_Landing,Books,
sess_1e7d151e,usr_1696,2026-07-04 11:53:24,3_Add_to_Cart,Electronics,
sess_c29b5f1a,usr_1361,2026-07-01 02:57:57,1_Landing,Clothing,
sess_cc5e797c,usr_2038,2026-07-08 05:10:14,1_Landing,Home & Kitchen,
sess_af73221e,usr_1345,2026-07-01 18:50:24,1_Landing,Clothing,
sess_597cc181,usr_1943,2026-07-07 06:09:34,1_Landing,Clothing,
sess_b86d8666,usr_2745,2026-07-03T22:00:03Z,1_Landing,Electronics,
sess_619a597f,usr_2542,2026-07-04 21:50:18,2_Product_View,Electronics,
sess_964f69df,usr_0035,09/07/2026 06:49:28,4_Purchase,Electronics,566.06
sess_9a2fdde0,usr_1010,2026-07-04 16:27:18,1_Landing,Home & Kitchen,
sess_97677e35,usr_0876,2026-07-03 06:33:40,1_Landing,Books,
sess_19de02a4,usr_1871,2026-07-01 06:13:21,1_Landing,Books,
sess_3dec5f49,usr_2730,2026-07-02 06:13:46,1_Landing,Home & Kitchen,
sess_921606a6,usr_1892,2026-07-03 11:54:34,2_Product_View,Home & Kitchen,
sess_b991ece7,usr_0996,2026-07-03 23:48:34,2_Product_View,Clothing,
sess_4b0ac814,usr_2113,2026-07-06 03:48:59,1_Landing,Clothing,
sess_6bf01b51,usr_1912,2026-07-10 23:45:37,2_Product_View,Books,
sess_decb7d4b,usr_2452,2026-07-01 00:48:57,1_Landing,Books,
sess_c06984f8,usr_0815,2026-07-06T08:23:52Z,2_Product_View,Books,
sess_3ac9c4cc,usr_2054,2026-07-02 20:02:49,2_Product_View,Home & Kitchen,
sess_d233def9,usr_1511,04/07/2026 12:13:24,2_Product_View,Clothing,
sess_30354710,usr_1690,2026-07-03T19:34:45Z,3_Add_to_Cart,Clothing,
sess_9d234392,usr_0436,2026-07-09 15:00:21,1_Landing,Electronics,
sess_9b231b78,usr_2387,2026-07-07 05:07:45,1_Landing,Clothing,
sess_ad740d72,usr_0331,2026-07-10 16:27:26,4_Purchase,Clothing,71.85
sess_a3dc1d2d,usr_1120,2026-07-02 03:09:56,1_Landing,Books,
sess_9e86a1a5,usr_1948,2026-07-04T19:11:22Z,3_Add_to_Cart,Clothing,
sess_317a963e,usr_2665,2026-07-10 13:39:11,1_Landing,Home & Kitchen,
sess_5a32e6d2,usr_0516,2026-07-06 19:01:55,1_Landing,Books,
sess_743417a4,usr_0280,2026-07-03 14:47:38,1_Landing,Books,
sess_1a36de11,usr_1982,2026-07-09 03:27:44,1_Landing,Books,
sess_7d36f334,usr_1771,01/07/2026 12:18:24,1_Landing,Home & Kitchen,
sess_1324b198,usr_0616,2026-07-06T08:14:38Z,1_Landing,Home & Kitchen,
sess_f4f48769,usr_2525,2026-07-05 17:35:32,2_Product_View,Home & Kitchen,
sess_7fd74156,usr_2576,2026-07-04 23:08:59,1_Landing,Home & Kitchen,
sess_cffddd3d,usr_0764,2026-07-05 04:20:52,2_Product_View,Electronics,
sess_d43fdb9f,usr_2363,2026-07-07 14:51:20,2_Product_View,Books,
sess_4d6424c9,usr_1925,2026-07-06 19:56:34,1_Landing,Books,
sess_be613327,usr_2683,09/07/2026 22:38:25,1_Landing,Home & Kitchen,
sess_39b6eaf1,usr_2106,2026-07-01 02:51:51,1_Landing,Books,
sess_8be84238,usr_0131,2026-07-05 21:40:47,2_Product_View,Books,
sess_5cf99b1e,usr_2660,2026-07-05T09:51:58Z,2_Product_View,Books,
sess_74abd8bf,usr_1744,2026-07-07 15:01:17,1_Landing,Electronics,
sess_d4fe029c,usr_1078,2026-07-03 00:03:59,1_Landing,Home & Kitchen,
sess_2da36df7,usr_1930,2026-07-06 00:07:03,1_Landing,Clothing,
sess_9b28dd47,usr_0978,2026-07-08T23:28:31Z,4_Purchase,Books,22.71
sess_6d6abed1,usr_1616,2026-07-02 05:23:39,3_Add_to_Cart,Clothing,
sess_e999b54e,usr_2045,2026-07-01 06:38:45,1_Landing,Clothing,
sess_ef18248c,usr_2377,07/07/2026 07:08:08,1_Landing,Electronics,
sess_342fb440,usr_2186,09/07/2026 03:00:21,4_Purchase,Books,6.23
sess_656957f0,usr_2489,2026-07-06 09:55:05,1_Landing,Books,
sess_63d5b50a,usr_0506,2026-07-05 03:50:06,1_Landing,Electronics,
sess_e7401eaa,usr_2007,2026-07-04 19:33:18,1_Landing,Clothing,
sess_e87c7918,usr_0913,2026-07-05 00:51:46,2_Product_View,Clothing,
sess_d82342ed,usr_0633,2026-07-07 06:26:44,1_Landing,Books,
sess_b3ce4b26,usr_2577,02/07/2026 13:28:20,2_Product_View,Electronics,
sess_f27f9f08,usr_1568,2026-07-09 07:00:19,2_Product_View,Clothing,
sess_66694374,usr_2025,2026-07-04 02:09:35,3_Add_to_Cart,Books,
sess_e79b7cf4,usr_2508,2026-07-07 08:25:48,3_Add_to_Cart,Home & Kitchen,
sess_184b1fcd,usr_0504,2026-07-03 06:50:09,2_Product_View,Books,
sess_58dc946f,usr_1115,2026-07-06T00:11:11Z,3_Add_to_Cart,Electronics,
sess_54785179,usr_1800,2026-07-09 17:13:37,2_Product_View,Home & Kitchen,
sess_3d4a50dd,usr_0460,2026-07-07 22:02:32,1_Landing,Electronics,
sess_d039ac4a,usr_2218,2026-07-10T02:40:43Z,1_Landing,Clothing,
sess_00cbaf8d,usr_0661,2026-07-09T21:19:29Z,2_Product_View,Electronics,
sess_ad740d72,usr_0331,10/07/2026 16:14:00,2_Product_View,Clothing,
sess_fc1cdf8c,usr_0824,2026-07-06 18:03:09,2_Product_View,Electronics,
sess_7e16b0fe,usr_0770,2026-07-03T19:16:58Z,1_Landing,Clothing,
sess_51e5308c,usr_0421,2026-07-04 12:34:48,2_Product_View,Clothing,
sess_fd27f05a,usr_0178,2026-07-03 02:41:52,2_Product_View,Home & Kitchen,
sess_1b319876,usr_0065,2026-07-03 04:14:24,1_Landing,Electronics,
sess_6236bd81,usr_0148,2026-07-02 21:14:44,2_Product_View,Books,
sess_ccad74a5,usr_0789,2026-07-02 04:41:51,1_Landing,Clothing,
sess_3a53e24d,usr_0509,2026-07-10 21:31:09,1_Landing,Electronics,
sess_5f445dff,usr_0190,07/07/2026 04:38:45,1_Landing,Home & Kitchen,
sess_cec5ec34,usr_1459,2026-07-01 02:03:17,1_Landing,Books,
sess_6ffac2fa,usr_0383,2026-07-07 04:51:19,2_Product_View,Clothing,
sess_3da9529b,usr_1885,2026-07-06 20:07:08,2_Product_View,Electronics,
sess_9939fa5c,usr_2097,2026-07-06 19:16:00,3_Add_to_Cart,Books,
sess_6b3461ac,usr_1624,2026-07-06 22:30:01,3_Add_to_Cart,Electronics,
sess_856f9299,usr_2499,2026-07-03 02:59:49,2_Product_View,Home & Kitchen,
sess_432f18c1,usr_2127,2026-07-04 09:34:52,1_Landing,Home & Kitchen,
sess_d198fded,usr_0709,2026-07-03 00:43:19,3_Add_to_Cart,Books,
sess_60e5e330,usr_1519,02/07/2026 09:36:42,1_Landing,Electronics,
sess_3a7eec16,usr_0847,2026-07-06 09:13:27,1_Landing,Electronics,
sess_726bbd84,usr_0989,2026-07-03 16:40:07,2_Product_View,Home & Kitchen,
sess_3aa0ae72,usr_1672,2026-07-03 21:58:06,1_Landing,Books,
sess_6bcb9018,usr_2771,2026-07-10 17:03:06,2_Product_View,Home & Kitchen,
sess_83747d6c,usr_2463,2026-07-11T00:07:54Z,2_Product_View,Books,
sess_95235f83,usr_2669,2026-07-07 09:15:05,1_Landing,Clothing,
sess_10c110aa,usr_1819,2026-07-03 17:45:16,2_Product_View,Books,
sess_93881cbe,usr_2140,2026-07-10 23:49:53,1_Landing,Home & Kitchen,
sess_c29b5f1a,usr_1361,2026-07-01 03:11:16,2_Product_View,Clothing,
sess_e8e17fd7,usr_1436,2026-07-06 14:13:13,2_Product_View,Home & Kitchen,
sess_68b0b5a7,usr_0025,2026-07-04 06:12:34,1_Landing,Electronics,
sess_9b770a0d,usr_0033,05/07/2026 06:53:39,3_Add_to_Cart,Home & Kitchen,
sess_c2b4bd8a,usr_0400,2026-07-04 23:32:00,1_Landing,Electronics,
sess_dc92631b,usr_1233,2026-07-04 07:02:47,2_Product_View,Clothing,
sess_c1e16c25,usr_1602,2026-07-09 13:55:45,2_Product_View,Electronics,
sess_8ef77097,usr_2267,2026-07-07 21:08:38,1_Landing,Books,
sess_bf73459a,usr_0394,2026-07-01 07:05:59,1_Landing,Clothing,
sess_c8912f48,usr_1517,2026-07-03 00:17:51,1_Landing,Clothing,
sess_13489a95,usr_1365,2026-07-06 04:00:29,2_Product_View,Books,
sess_21d3212b,usr_1585,2026-07-02 14:07:21,4_Purchase,Electronics,87.11
sess_db9ac541,usr_1131,2026-07-02 09:53:32,1_Landing,Home & Kitchen,
sess_6f21d283,usr_2132,2026-07-02 05:38:27,2_Product_View,Home & Kitchen,
sess_076b7a23,usr_2583,2026-07-06 22:50:38,1_Landing,Electronics,
sess_c0a2f3f5,usr_1832,2026-07-08 03:42:35,1_Landing,Books,
sess_58d02454,usr_2605,2026-07-07T12:59:46Z,1_Landing,Home & Kitchen,
sess_e4cee766,usr_1746,2026-07-08 01:03:38,1_Landing,Clothing,
sess_c81806aa,usr_2388,2026-07-09 16:55:49,2_Product_View,Home & Kitchen,
sess_a387007f,usr_0461,2026-07-02 14:11:10,1_Landing,Clothing,
sess_c9ee9bd6,usr_1109,2026-07-08 09:39:54,2_Product_View,Clothing,
sess_2d39ab60,usr_1837,2026-07-09 01:22:52,2_Product_View,Electronics,
sess_3c6ef31b,usr_1178,2026-07-04 06:34:03,1_Landing,Home & Kitchen,
sess_263d25e8,usr_1103,2026-07-04 19:50:42,1_Landing,Books,
sess_41fec555,usr_0642,2026-07-02 02:10:21,1_Landing,Books,
sess_f307fe0b,usr_1274,2026-07-07 11:04:11,2_Product_View,Clothing,
sess_548dceb8,usr_2333,2026-07-09 07:31:01,2_Product_View,Electronics,
sess_99194480,usr_2602,07/07/2026 00:38:15,2_Product_View,Books,
sess_b03b437a,usr_0599,2026-07-09 13:42:12,3_Add_to_Cart,Books,
sess_bb260619,usr_2330,2026-07-06 09:13:04,1_Landing,Clothing,
sess_f4f48769,usr_2525,2026-07-05 17:35:32,2_Product_View,Home & Kitchen,
sess_70ec6991,usr_0221,2026-07-05 21:11:12,4_Purchase,Books,
sess_b00d09d5,usr_0708,2026-07-03T06:53:49Z,3_Add_to_Cart,Electronics,
sess_b4e58884,usr_2613,2026-07-08T18:26:14Z,1_Landing,Electronics,
sess_7479939c,usr_1720,2026-07-07 22:58:45,1_Landing,Electronics,
sess_b9ddf5a7,usr_0838,2026-07-06 17:10:28,1_Landing,Clothing,
sess_2a24ea14,usr_0537,2026-07-07 19:44:56,1_Landing,Clothing,
sess_8fcb181f,usr_1391,06/07/2026 04:14:05,1_Landing,Electronics,
sess_e6bec45d,usr_2376,2026-07-04 17:31:17,1_Landing,Books,
sess_883a81f3,usr_1586,2026-07-09 15:08:47,1_Landing,Clothing,
sess_a3d488c5,usr_0714,2026-07-10 05:40:53,4_Purchase,Clothing,146.34
sess_7006108c,usr_1210,2026-07-08 07:38:31,1_Landing,Home & Kitchen,
sess_154e5aec,usr_2187,01/07/2026 02:20:10,1_Landing,Electronics,
sess_73d149c2,usr_0385,2026-07-02 18:53:44,2_Product_View,Clothing,
sess_73527879,usr_1452,2026-07-05 02:19:36,1_Landing,Home & Kitchen,
sess_b98f8748,usr_2248,09/07/2026 15:18:13,2_Product_View,Electronics,
sess_a8050ea6,usr_2170,2026-07-09 22:10:01,1_Landing,Books,
sess_8f2af520,usr_0760,2026-07-01T14:24:45Z,1_Landing,Clothing,
sess_8ba5ae08,usr_1621,2026-07-03 02:10:35,3_Add_to_Cart,Books,
sess_8fc4d735,usr_2398,02/07/2026 06:32:29,2_Product_View,Clothing,
sess_c8d953dd,usr_1028,2026-07-06 15:56:12,2_Product_View,Books,
sess_8de8285a,usr_2347,2026-07-10 22:54:45,2_Product_View,Books,
sess_b179609e,usr_2482,2026-07-07T03:00:35Z,1_Landing,Books,
sess_06028ae7,usr_1565,2026-07-08T19:32:00Z,2_Product_View,Books,
sess_4270472e,usr_2493,2026-07-03 12:38:29,1_Landing,Books,
sess_9e15455c,usr_2340,2026-07-08 05:04:29,1_Landing,Electronics,
sess_7b2fffba,usr_1811,2026-07-06 22:18:56,2_Product_View,Clothing,
sess_05292fa5,usr_0002,2026-07-09 13:32:07,3_Add_to_Cart,Clothing,
sess_9a4d1098,usr_1271,09/07/2026 03:18:19,1_Landing,Clothing,
sess_ee619fab,usr_0338,2026-07-08 22:13:28,1_Landing,Electronics,
sess_acc5a16c,usr_0994,2026-07-08 11:53:42,2_Product_View,Electronics,
sess_ec2fe53b,usr_1942,2026-07-01 06:37:02,1_Landing,Electronics,
sess_3b8aa7e4,usr_2682,2026-07-04 00:16:50,3_Add_to_Cart,Electronics,
sess_0b0d49ed,usr_1734,2026-07-04T18:52:30Z,2_Product_View,Home & Kitchen,
sess_48e5b1ae,usr_2379,2026-07-04 22:45:55,1_Landing,Electronics,
sess_1a74abe0,usr_1965,2026-07-06 23:48:14,2_Product_View,Home & Kitchen,
sess_304f2e7b,usr_1325,2026-07-02 07:23:00,1_Landing,Clothing,
sess_96e65073,usr_1861,04/07/2026 20:02:36,1_Landing,Electronics,
sess_dc3f1968,usr_2029,2026-07-02 08:07:03,3_Add_to_Cart,Electronics,
sess_71fe65ee,usr_0541,2026-07-09 10:07:48,4_Purchase,Books,17.01
sess_5853deec,usr_1949,2026-07-01 21:05:08,3_Add_to_Cart,Books,
sess_3492851d,usr_1144,2026-07-03 03:58:19,2_Product_View,Electronics,
sess_a208a8c8,usr_0746,2026-07-08T06:03:20Z,3_Add_to_Cart,Books,
sess_d90f77f5,usr_2298,2026-07-03 10:45:38,2_Product_View,Clothing,
sess_f506f3ca,usr_0968,2026-07-04 08:35:24,1_Landing,Electronics,
sess_720508ff,usr_1803,2026-07-09 04:47:10,2_Product_View,Clothing,
sess_94f09a7e,usr_1034,2026-07-01 14:51:29,1_Landing,Electronics,
sess_ca7ca509,usr_2435,2026-07-06 19:11:58,1_Landing,Clothing,
sess_5c8a54aa,usr_2789,08/07/2026 00:31:55,2_Product_View,Home & Kitchen,
sess_936ba6a2,usr_1350,2026-07-03T22:49:29Z,1_Landing,Electronics,
sess_3eeb30e3,usr_1258,08/07/2026 18:08:16,1_Landing,Books,
sess_fea0fb78,usr_2292,2026-07-10T23:00:18Z,3_Add_to_Cart,Books,
sess_24771ac0,usr_0574,2026-07-08 14:22:49,1_Landing,Books,
sess_f417002b,usr_0740,2026-07-08 23:37:23,1_Landing,Clothing,
sess_0756ccbe,usr_1637,2026-07-03 15:12:02,1_Landing,Clothing,
sess_c1ea2746,usr_2799,2026-07-02 14:20:13,2_Product_View,Home & Kitchen,
sess_a456dc00,usr_1726,2026-07-04 05:20:29,1_Landing,Books,
sess_8582ca3d,usr_2302,2026-07-06T08:16:11Z,1_Landing,Home & Kitchen,
sess_cc27d22f,usr_0107,2026-07-07 22:31:18,1_Landing,Home & Kitchen,
sess_330300ad,usr_2134,2026-07-07 01:19:58,1_Landing,Electronics,
sess_fc3efcda,usr_0020,2026-07-04 02:25:38,2_Product_View,Clothing,
sess_d36fcf6f,usr_0287,2026-07-06 12:28:55,1_Landing,Books,
sess_7cecb17d,usr_0632,06/07/2026 20:10:52,3_Add_to_Cart,Home & Kitchen,
sess_33fda5a8,usr_2356,2026-07-04 23:36:57,1_Landing,Clothing,
sess_e66babbc,usr_1022,2026-07-10 19:46:35,1_Landing,Books,
sess_6c43a748,usr_2782,2026-07-07T14:45:01Z,2_Product_View,Home & Kitchen,
sess_28f1ef63,usr_1164,2026-07-04 11:58:15,1_Landing,Clothing,
sess_aab94534,usr_2093,2026-07-06 22:20:37,1_Landing,Home & Kitchen,
sess_8be84238,usr_0131,2026-07-05T21:48:31Z,3_Add_to_Cart,Books,
sess_af4b7e73,usr_0562,2026-07-07 12:44:54,4_Purchase,Home & Kitchen,37.71
sess_4899c8fd,usr_1175,04/07/2026 23:43:22,4_Purchase,Home & Kitchen,199.77
sess_5bdff321,usr_2748,2026-07-04 16:57:15,1_Landing,Home & Kitchen,
sess_2fbeee92,usr_0990,2026-07-06 13:18:57,1_Landing,Home & Kitchen,
sess_f6c64cbd,usr_0192,07/07/2026 16:26:14,2_Product_View,Electronics,
sess_e297e135,usr_0869,2026-07-06 11:11:41,1_Landing,Electronics,
sess_0e9967d7,usr_0825,03/07/2026 17:02:24,1_Landing,Clothing,
sess_9a1d2a44,usr_1839,2026-07-09 16:54:11,1_Landing,Books,
sess_94dd36b8,usr_1375,2026-07-01T11:56:10Z,2_Product_View,Books,
sess_d7207bcc,usr_2156,01/07/2026 02:57:02,3_Add_to_Cart,Books,
sess_a6a2f49a,usr_2777,2026-07-10 20:02:17,2_Product_View,Clothing,
sess_c9f36adc,usr_0792,2026-07-01 01:36:30,1_Landing,Home & Kitchen,
sess_bf202b75,usr_1399,2026-07-03T11:21:27Z,2_Product_View,Books,
sess_894245dd,usr_2098,2026-07-05 06:59:11,2_Product_View,Books,
sess_a97dac27,usr_0099,2026-07-07 03:49:31,2_Product_View,Clothing,
sess_3d4a50dd,usr_0460,2026-07-07 22:12:23,2_Product_View,Electronics,
sess_cb20fa7b,usr_0656,2026-07-10 15:12:20,1_Landing,Home & Kitchen,
sess_8da70771,usr_2337,2026-07-06 04:52:59,2_Product_View,Electronics,
sess_b8378428,usr_1430,2026-07-05 22:25:29,3_Add_to_Cart,Books,
sess_d50935cc,usr_0943,02/07/2026 10:11:30,2_Product_View,Home & Kitchen,
sess_a9ceff21,usr_1275,2026-07-07T04:12:13Z,2_Product_View,Clothing,
sess_9b8d29a0,usr_2527,2026-07-02 11:28:56,2_Product_View,Home & Kitchen,
sess_59b6f251,usr_1900,2026-07-08 05:45:52,3_Add_to_Cart,Electronics,
sess_c28c525d,usr_0485,2026-07-06 21:17:04,2_Product_View,Books,
sess_88ea673b,usr_0917,2026-07-01 02:09:54,1_Landing,Home & Kitchen,
sess_bca8fa4f,usr_1066,2026-07-09 02:25:42,2_Product_View,Electronics,
sess_61f7653a,usr_1370,2026-07-02 05:29:27,1_Landing,Home & Kitchen,
sess_8d374522,usr_0165,2026-07-10 21:53:44,1_Landing,Electronics,
sess_92698cf9,usr_1737,05/07/2026 07:59:58,1_Landing,Books,
sess_123c2321,usr_2032,2026-07-01 17:48:17,1_Landing,Books,
sess_a9abc36c,usr_1562,2026-07-10 11:38:37,2_Product_View,Books,
sess_99c7b757,usr_1255,2026-07-02 10:46:54,2_Product_View,Books,
sess_dc305b71,usr_0909,2026-07-05 21:54:21,2_Product_View,Home & Kitchen,
sess_978c7c80,usr_2174,08/07/2026 12:09:21,2_Product_View,Clothing,
sess_4dceed10,usr_1979,2026-07-02T08:28:07Z,1_Landing,Electronics,
sess_3b8aa7e4,usr_2682,2026-07-04 00:16:50,3_Add_to_Cart,Electronics,
sess_f1bb97df,usr_2733,2026-07-06 17:09:55,1_Landing,Electronics,
sess_77301bdb,usr_2509,2026-07-05T00:15:03Z,2_Product_View,Home & Kitchen,
sess_c7d4b08e,usr_1502,01/07/2026 23:17:00,2_Product_View,Electronics,
sess_402de5b3,usr_1967,09/07/2026 13:36:04,3_Add_to_Cart,Books,
sess_ff222592,usr_1648,2026-07-09 08:14:24,3_Add_to_Cart,Electronics,
sess_8f09e0b0,usr_0873,2026-07-08 19:23:51,1_Landing,Home & Kitchen,
sess_62159b0b,usr_1054,2026-07-07 04:30:13,1_Landing,Electronics,
sess_59330443,usr_1264,2026-07-01 13:43:32,1_Landing,Books,
sess_0c05b473,usr_0692,2026-07-07T01:29:09Z,2_Product_View,Electronics,
sess_81a08ee6,usr_0081,2026-07-08 18:39:42,1_Landing,Clothing,
sess_5532c2c1,usr_0434,2026-07-10 00:45:44,1_Landing,Home & Kitchen,
sess_19615bd1,usr_2283,2026-07-07T22:11:10Z,2_Product_View,Books,
sess_394b4aa1,usr_1708,2026-07-08 00:20:57,1_Landing,Clothing,
sess_a7009ba5,usr_2694,2026-07-01 04:11:14,2_Product_View,Clothing,
sess_da12a01d,usr_1785,2026-07-05 08:40:32,1_Landing,Home & Kitchen,
sess_0bd838cb,usr_1001,2026-07-08T20:17:38Z,1_Landing,Books,
sess_2f777f6a,usr_1669,2026-07-09 13:22:48,1_Landing,Books,
sess_32131ae7,usr_2480,2026-07-03 07:11:56,1_Landing,Electronics,
sess_e23d91e1,usr_1041,2026-07-08 16:53:56,3_Add_to_Cart,Books,
sess_dc3f1968,usr_2029,2026-07-02 08:09:03,4_Purchase,Electronics,276.83
sess_8bc9c248,usr_2272,2026-07-09 21:29:44,2_Product_View,Clothing,
sess_63c3ef32,usr_0005,2026-07-02 12:36:02,4_Purchase,Clothing,24.64
sess_98c572f3,usr_0000,2026-07-01 23:17:15,1_Landing,Electronics,
sess_2c207ffd,usr_1111,2026-07-07 11:12:12,1_Landing,Electronics,
sess_137718b4,usr_0687,2026-07-05 17:51:06,3_Add_to_Cart,Electronics,
sess_e81970d8,usr_2305,2026-07-09 19:08:33,3_Add_to_Cart,Clothing,
sess_e6358a6f,usr_1653,2026-07-02 13:13:09,2_Product_View,Home & Kitchen,
sess_dd9b3def,usr_1432,2026-07-03 21:48:54,1_Landing,Electronics,
sess_02ccd8a0,usr_2500,2026-07-08 15:29:18,1_Landing,Electronics,
sess_a3410a8f,usr_0199,2026-07-05 12:32:33,1_Landing,Books,
sess_8ce37c2a,usr_2755,2026-07-04 07:45:38,1_Landing,Clothing,
sess_f8f8c8e9,usr_2762,2026-07-10 11:43:21,2_Product_View,Clothing,
sess_38af1f99,usr_0929,2026-07-03 02:34:06,2_Product_View,Electronics,
sess_5aac4ec8,usr_2042,2026-07-03 07:28:33,2_Product_View,Home & Kitchen,
sess_fa2e7300,usr_2246,2026-07-10 19:58:43,3_Add_to_Cart,Home & Kitchen,
sess_0cd8e37c,usr_0409,2026-07-08 01:21:09,3_Add_to_Cart,Books,
sess_a5a5842d,usr_0797,2026-07-08 17:09:14,3_Add_to_Cart,Books,
sess_58d1f6cb,usr_2144,2026-07-03 18:15:48,3_Add_to_Cart,Home & Kitchen,
sess_38ec08c0,usr_0923,07/07/2026 06:32:14,1_Landing,Books,
sess_00d5c35e,usr_1163,2026-07-07 22:19:28,1_Landing,Electronics,
sess_f4416248,usr_1957,2026-07-02 20:47:43,1_Landing,Clothing,
sess_a2ad1b2f,usr_2445,2026-07-04 06:50:32,1_Landing,Home & Kitchen,
sess_812dcc12,usr_2600,2026-07-01T11:39:27Z,2_Product_View,Home & Kitchen,
sess_3e8ebb3c,usr_2343,2026-07-03 03:46:27,1_Landing,Books,
sess_6d4c4bc8,usr_1712,06/07/2026 05:20:03,3_Add_to_Cart,Clothing,
sess_8d0be7ac,usr_2670,2026-07-09 19:54:35,1_Landing,Home & Kitchen,
sess_6fe5ab08,usr_2022,2026-07-08 17:48:18,2_Product_View,Books,
sess_720508ff,usr_1803,2026-07-09 04:42:17,1_Landing,Clothing,
sess_a456dc00,usr_1726,2026-07-04 05:32:06,3_Add_to_Cart,Books,
sess_f7010b38,usr_2164,2026-07-04 23:29:36,4_Purchase,Clothing,94.46
sess_fd6586d0,usr_2221,2026-07-01 05:26:53,2_Product_View,Electronics,
sess_79445fea,usr_0278,2026-07-07 21:32:59,1_Landing,Clothing,
sess_ddc9a8e3,usr_0590,2026-07-08 15:28:03,2_Product_View,Books,
sess_dfb8fef1,usr_0620,2026-07-08 21:31:27,2_Product_View,Home & Kitchen,
sess_dc4da5d3,usr_1627,2026-07-07 13:49:17,1_Landing,Electronics,
sess_35b6df10,usr_0671,2026-07-03T00:50:09Z,2_Product_View,Books,
sess_1c34b529,usr_1714,2026-07-06T04:19:21Z,1_Landing,Home & Kitchen,
sess_476040c2,usr_1778,2026-07-09 03:49:40,1_Landing,Home & Kitchen,
sess_0ebcfd53,usr_0349,2026-07-09 05:58:01,4_Purchase,Clothing,
sess_7305be88,usr_1369,2026-07-08 20:29:26,1_Landing,Electronics,
sess_9c86e211,usr_2219,2026-07-04 01:56:26,1_Landing,Home & Kitchen,
sess_be33d712,usr_0945,2026-07-07 18:42:12,3_Add_to_Cart,Home & Kitchen,
sess_bd205d36,usr_2274,2026-07-05 16:08:10,2_Product_View,Books,
sess_c5f46747,usr_2023,2026-07-10 03:32:35,2_Product_View,Books,
sess_5989f639,usr_0736,04/07/2026 06:55:10,3_Add_to_Cart,Books,
sess_fa19200d,usr_2594,10/07/2026 13:22:00,1_Landing,Clothing,
sess_feebf4e7,usr_2543,2026-07-04 23:04:55,3_Add_to_Cart,Electronics,
sess_ef80f05a,usr_1497,2026-07-09 19:55:24,1_Landing,Clothing,
sess_8dd84b3c,usr_0439,2026-07-02 16:55:23,1_Landing,Clothing,
sess_b97c1f9c,usr_2370,2026-07-03 04:38:18,1_Landing,Home & Kitchen,
sess_184f0f26,usr_0836,2026-07-06 03:43:36,1_Landing,Books,
sess_ff4eedea,usr_1092,2026-07-09 14:00:27,1_Landing,Home & Kitchen,
sess_670bac74,usr_2089,09/07/2026 03:49:13,4_Purchase,Clothing,76.09
sess_8a490ce0,usr_2155,2026-07-09 16:41:59,1_Landing,Clothing,
sess_3d81db1a,usr_0754,2026-07-02 04:25:33,2_Product_View,Home & Kitchen,
sess_047168fe,usr_1795,2026-07-06 05:54:31,1_Landing,Books,
sess_e242c30e,usr_0365,2026-07-10 20:27:10,1_Landing,Home & Kitchen,
sess_c38b0666,usr_2013,2026-07-05 20:23:37,2_Product_View,Electronics,
sess_600ba619,usr_1968,2026-07-01 10:32:58,1_Landing,Clothing,
sess_303af2a5,usr_1332,2026-07-03 05:40:31,2_Product_View,Books,
sess_cebace88,usr_0991,2026-07-09 10:27:57,1_Landing,Home & Kitchen,
sess_5d68927a,usr_1633,2026-07-03 10:48:59,1_Landing,Books,
sess_90a20731,usr_0564,2026-07-07 13:04:06,3_Add_to_Cart,Books,
sess_dfd01a17,usr_2516,2026-07-01 00:30:16,1_Landing,Home & Kitchen,
sess_01074d8d,usr_2766,2026-07-02 14:38:14,2_Product_View,Home & Kitchen,
sess_3c6f50b9,usr_1221,2026-07-10T23:09:31Z,2_Product_View,Books,
sess_0307d2d6,usr_0604,2026-07-07 11:06:09,1_Landing,Home & Kitchen,
sess_03fb2587,usr_1026,2026-07-01 05:29:51,3_Add_to_Cart,Books,
sess_c7cad80d,usr_0090,2026-07-02 00:44:39,2_Product_View,Books,
sess_e36dcf1e,usr_0766,2026-07-01 15:57:43,1_Landing,Clothing,
sess_bf13b205,usr_2471,2026-07-08 19:59:03,3_Add_to_Cart,Electronics,
sess_6b38133e,usr_0291,09/07/2026 12:52:14,1_Landing,Books,
sess_95a78b89,usr_1083,2026-07-01T00:58:55Z,2_Product_View,Books,
sess_7e35a7ff,usr_0722,2026-07-06 12:39:47,1_Landing,Books,
sess_81f46e3d,usr_0387,2026-07-05 06:47:53,3_Add_to_Cart,Electronics,
sess_56c868eb,usr_1870,2026-07-05 06:34:50,2_Product_View,Home & Kitchen,
sess_7d5b983d,usr_1222,2026-07-06 11:51:43,1_Landing,Books,
sess_c3feb9eb,usr_0748,2026-07-01 20:25:48,2_Product_View,Clothing,
sess_be33d712,usr_0945,2026-07-07 18:37:51,2_Product_View,Home & Kitchen,
sess_4cf73d28,usr_0060,2026-07-03 14:42:33,1_Landing,Books,
sess_4f9c9c51,usr_0083,2026-07-09 00:45:38,2_Product_View,Home & Kitchen,
sess_8b3f7f63,usr_2763,2026-07-06 10:22:18,2_Product_View,Clothing,
sess_1000f6de,usr_2165,2026-07-02 11:12:40,3_Add_to_Cart,Clothing,
sess_695de88f,usr_0250,2026-07-03T20:13:11Z,2_Product_View,Books,
sess_821bee09,usr_1312,2026-07-03 15:48:36,1_Landing,Clothing,
sess_95862bba,usr_1893,2026-07-09 03:14:57,2_Product_View,Home & Kitchen,
sess_faac1527,usr_1748,2026-07-03 12:00:00,2_Product_View,Clothing,
sess_65af210f,usr_1347,2026-07-08 04:43:00,3_Add_to_Cart,Home & Kitchen,
sess_1c73c10e,usr_1940,2026-07-09 10:20:24,1_Landing,Clothing,
sess_cee391f2,usr_1059,2026-07-06 09:23:19,1_Landing,Electronics,
sess_8570946e,usr_0328,07/07/2026 10:37:07,4_Purchase,Clothing,75.59
sess_1c778879,usr_0972,2026-07-01 08:55:05,1_Landing,Books,
sess_6650d2cf,usr_2277,2026-07-03 02:03:49,2_Product_View,Clothing,
sess_32064b11,usr_1324,2026-07-07 02:48:34,2_Product_View,Clothing,
sess_609a7ed6,usr_1132,02/07/2026 03:15:00,3_Add_to_Cart,Clothing,
sess_24a42a9d,usr_1051,2026-07-08T09:43:02Z,2_Product_View,Electronics,
sess_cb526d7a,usr_1213,2026-07-03 14:07:30,1_Landing,Books,
sess_7040a993,usr_0731,2026-07-09 19:18:49,3_Add_to_Cart,Books,
sess_102ed7f9,usr_0170,2026-07-05T06:55:39Z,2_Product_View,Books,
sess_16216f08,usr_1882,2026-07-01 15:48:41,2_Product_View,Books,
sess_371a9f46,usr_1288,2026-07-07 07:33:08,4_Purchase,Home & Kitchen,189.83
sess_bb3afa5e,usr_0364,08/07/2026 03:49:51,1_Landing,Electronics,
sess_25318d7b,usr_2436,2026-07-10 12:50:38,2_Product_View,Clothing,
sess_197e2c35,usr_0495,2026-07-08 02:08:39,1_Landing,Clothing,
sess_39b5968f,usr_2595,2026-07-03 14:09:44,3_Add_to_Cart,Books,
sess_745a80d1,usr_2151,2026-07-01 23:29:33,1_Landing,Electronics,
sess_3d38be2f,usr_0988,2026-07-01 08:32:39,1_Landing,Electronics,
sess_e25fcef6,usr_1929,2026-07-08 20:24:35,1_Landing,Clothing,
sess_cba83fc6,usr_1017,2026-07-10 19:23:44,1_Landing,Home & Kitchen,
sess_8b8b2840,usr_0660,2026-07-01 03:49:45,1_Landing,Books,
sess_d7207bcc,usr_2156,2026-07-01 02:36:56,1_Landing,Books,
sess_d7fb74c0,usr_2315,2026-07-05 02:02:49,1_Landing,Electronics,
sess_6ff54688,usr_0329,2026-07-02 00:16:00,2_Product_View,Books,
sess_e541af18,usr_0916,08/07/2026 04:03:58,2_Product_View,Electronics,
sess_84674fe6,usr_2603,2026-07-10 21:17:31,1_Landing,Books,
sess_0109ff5e,usr_2064,2026-07-08 14:02:07,2_Product_View,Books,
sess_4f6232bd,usr_0247,2026-07-07 01:45:53,2_Product_View,Electronics,
sess_eab4122b,usr_2651,2026-07-08 00:51:08,1_Landing,Electronics,
sess_63f6a88a,usr_2175,2026-07-02 02:48:10,1_Landing,Books,
sess_301effbf,usr_1801,05/07/2026 04:45:21,1_Landing,Books,
sess_035ecba2,usr_2003,2026-07-03 21:08:54,1_Landing,Electronics,
sess_0d571bc2,usr_1971,2026-07-05 17:42:10,1_Landing,Electronics,
sess_499f621f,usr_2622,2026-07-01 11:21:43,2_Product_View,Electronics,
sess_2dc46ec5,usr_0554,2026-07-04 06:42:21,1_Landing,Home & Kitchen,
sess_e53f933c,usr_2411,2026-07-09 16:58:05,3_Add_to_Cart,Home & Kitchen,
sess_7f014b22,usr_0346,2026-07-04 16:39:08,2_Product_View,Books,
sess_c75d8d89,usr_0650,2026-07-08T09:31:48Z,3_Add_to_Cart,Electronics,
sess_804d21cf,usr_2767,2026-07-05T17:22:43Z,1_Landing,Books,
sess_d79c9fa4,usr_0819,2026-07-03 22:23:29,2_Product_View,Home & Kitchen,
sess_ed3b2366,usr_1302,2026-07-10 09:29:40,4_Purchase,Books,34.58
sess_e36a35d8,usr_2163,2026-07-08 13:34:47,1_Landing,Clothing,
sess_bee5b0b9,usr_2396,2026-07-06 05:11:18,2_Product_View,Electronics,
sess_1891a5ee,usr_0029,09/07/2026 21:50:44,2_Product_View,Books,
sess_32b61a7e,usr_1937,04/07/2026 14:10:07,1_Landing,Electronics,
sess_969028b1,usr_1572,2026-07-09 12:50:31,1_Landing,Electronics,
sess_2c0f1749,usr_1157,04/07/2026 12:14:58,2_Product_View,Books,
sess_cbae2b18,usr_2661,2026-07-01 04:31:54,2_Product_View,Electronics,
sess_b5d7c5a3,usr_2438,2026-07-02T19:08:46Z,1_Landing,Electronics,
sess_6070d3d7,usr_0412,2026-07-04 09:16:54,1_Landing,Clothing,
sess_6bef3862,usr_0628,2026-07-08 11:55:17,2_Product_View,Electronics,
sess_e32c0d4e,usr_0854,2026-07-10 01:25:37,2_Product_View,Electronics,
sess_15eab0f6,usr_2588,2026-07-02 13:31:00,1_Landing,Clothing,
sess_d0bf62e6,usr_1455,2026-07-08 11:43:59,3_Add_to_Cart,Home & Kitchen,
sess_4c15b282,usr_2262,2026-07-09 06:04:05,1_Landing,Books,
sess_4e5ef223,usr_1207,2026-07-01 19:07:55,1_Landing,Clothing,
sess_4d8cb848,usr_1584,2026-07-09 15:29:26,2_Product_View,Books,
sess_e81970d8,usr_2305,2026-07-09 18:59:06,1_Landing,Clothing,
sess_f3bf3950,usr_1282,2026-07-01 22:12:26,3_Add_to_Cart,Clothing,
sess_80f853d1,usr_2290,2026-07-07 19:51:37,3_Add_to_Cart,Clothing,
sess_fe606d23,usr_1380,2026-07-03 13:14:56,4_Purchase,Books,22.64
sess_9db682b6,usr_2759,2026-07-04T02:39:08Z,1_Landing,Home & Kitchen,
sess_b8c3c7ac,usr_2633,2026-07-09 05:57:09,3_Add_to_Cart,Electronics,
sess_69acafb5,usr_2791,2026-07-09 07:20:00,1_Landing,Clothing,
sess_55bd4be2,usr_0581,2026-07-08 11:02:14,1_Landing,Clothing,
sess_a3410a8f,usr_0199,2026-07-05 12:36:25,2_Product_View,Books,
sess_cf2e7202,usr_1580,03/07/2026 20:10:01,2_Product_View,Home & Kitchen,
sess_bf73459a,usr_0394,2026-07-01 07:14:38,2_Product_View,Clothing,
sess_76892508,usr_2653,2026-07-05 02:12:36,1_Landing,Clothing,
sess_1fd8e419,usr_2046,09/07/2026 05:15:50,1_Landing,Clothing,
sess_b00d09d5,usr_0708,2026-07-03 06:44:30,2_Product_View,Electronics,
sess_abf7783a,usr_0843,2026-07-06T13:03:08Z,2_Product_View,Home & Kitchen,
sess_dce7f78d,usr_2385,2026-07-01 14:05:12,1_Landing,Home & Kitchen,
sess_609a7ed6,usr_1132,2026-07-02 03:08:44,2_Product_View,Clothing,
sess_94e04c98,usr_0496,2026-07-07 00:08:34,2_Product_View,Books,
sess_ea9541cd,usr_1189,07/07/2026 01:58:07,1_Landing,Electronics,
sess_339720f6,usr_0659,2026-07-05 12:09:31,2_Product_View,Electronics,
sess_7ac1c966,usr_1678,03/07/2026 09:15:26,2_Product_View,Home & Kitchen,
sess_4f0d1281,usr_1983,2026-07-01 12:02:31,1_Landing,Books,
sess_bff70874,usr_2304,2026-07-04 20:27:30,3_Add_to_Cart,Clothing,
sess_c8c79737,usr_0036,09/07/2026 09:59:42,1_Landing,Electronics,
sess_0f6aa13c,usr_1980,2026-07-06 12:23:13,1_Landing,Home & Kitchen,
sess_c23bd641,usr_1821,2026-07-03 00:41:59,1_Landing,Clothing,
sess_92a4d20a,usr_2420,2026-07-05 19:36:40,2_Product_View,Books,
sess_7d1c02ca,usr_2057,2026-07-07 14:49:58,2_Product_View,Books,
sess_1a871434,usr_2714,2026-07-08 03:19:35,2_Product_View,Electronics,
sess_08a1a3d6,usr_1695,2026-07-02 10:17:36,2_Product_View,Electronics,
sess_21947705,usr_1472,2026-07-05 21:35:52,2_Product_View,Clothing,
sess_06a5f099,usr_0212,2026-07-03 01:33:45,2_Product_View,Home & Kitchen,
sess_8ef383cb,usr_2678,2026-07-03 01:59:18,3_Add_to_Cart,Books,
sess_3e53fae0,usr_0976,2026-07-01 12:27:18,3_Add_to_Cart,Clothing,
sess_c5ab5e3c,usr_2256,2026-07-09 15:51:27,1_Landing,Electronics,
sess_cc2696a0,usr_0774,2026-07-07 18:35:25,2_Product_View,Books,
sess_6c689dea,usr_2336,2026-07-09 20:17:30,1_Landing,Home & Kitchen,
sess_05ee747f,usr_0793,2026-07-10 15:56:38,2_Product_View,Electronics,
sess_fea0fb78,usr_2292,2026-07-10T22:49:57Z,2_Product_View,Books,
sess_4325dfc4,usr_1394,07/07/2026 16:25:59,1_Landing,Books,
sess_fe972300,usr_0424,2026-07-02 01:39:30,2_Product_View,Home & Kitchen,
sess_2108679e,usr_0249,2026-07-04 19:40:18,3_Add_to_Cart,Clothing,
sess_a5df76df,usr_2209,2026-07-03 12:50:14,1_Landing,Electronics,
sess_12c56823,usr_0066,2026-07-02T13:40:48Z,3_Add_to_Cart,Clothing,
sess_60dee5c7,usr_2736,10/07/2026 16:58:59,1_Landing,Clothing,
sess_32064b11,usr_1324,2026-07-07 02:37:45,1_Landing,Clothing,
sess_bff70874,usr_2304,04/07/2026 20:08:43,1_Landing,Clothing,
sess_4b5e224a,usr_0696,2026-07-04 02:29:48,2_Product_View,Clothing,
sess_fc8ce5e6,usr_2406,2026-07-05 03:54:59,1_Landing,Electronics,
sess_cc810f56,usr_1253,2026-07-04 22:23:36,1_Landing,Home & Kitchen,
sess_fadba29e,usr_1156,2026-07-07 14:11:45,2_Product_View,Home & Kitchen,
sess_08e47539,usr_1582,2026-07-01 15:30:03,3_Add_to_Cart,Clothing,
sess_54a031cc,usr_0579,2026-07-03 14:32:32,1_Landing,Home & Kitchen,
sess_aad2e522,usr_1152,2026-07-05 12:39:52,1_Landing,Home & Kitchen,
sess_a1dd7f0a,usr_2769,2026-07-02 13:29:15,1_Landing,Home & Kitchen,
sess_570d51dc,usr_0915,2026-07-02 02:08:51,2_Product_View,Books,
sess_9a44284c,usr_2389,2026-07-01 06:12:17,2_Product_View,Books,
sess_e97f2444,usr_0276,2026-07-03 15:26:23,2_Product_View,Clothing,
sess_200fe743,usr_0230,2026-07-10 02:17:05,2_Product_View,Clothing,
sess_59977f4c,usr_1032,2026-07-02 10:35:03,3_Add_to_Cart,Electronics,
sess_5f98cccf,usr_0479,2026-07-05 13:57:24,1_Landing,Home & Kitchen,
sess_672917de,usr_1676,2026-07-10 20:29:29,2_Product_View,Electronics,
sess_6b3461ac,usr_1624,2026-07-06 22:06:40,1_Landing,Electronics,
sess_5110067f,usr_0264,2026-07-04T01:54:11Z,2_Product_View,Clothing,
sess_3245715b,usr_2618,2026-07-09 13:50:21,1_Landing,Electronics,
sess_2fdf5cc9,usr_0937,2026-07-08T01:20:31Z,3_Add_to_Cart,Books,
sess_d270f318,usr_2122,2026-07-07 10:42:25,2_Product_View,Books,
sess_d8376999,usr_2731,01/07/2026 08:36:34,1_Landing,Electronics,
sess_563dd9f6,usr_2462,2026-07-02T03:20:40Z,2_Product_View,Clothing,
sess_08ef0d8c,usr_1760,2026-07-07 20:03:50,1_Landing,Electronics,
sess_fc0fdb7f,usr_0811,2026-07-08 11:18:48,2_Product_View,Electronics,
sess_8ed97225,usr_1143,04/07/2026 12:04:34,1_Landing,Books,
sess_a048d4f7,usr_0320,2026-07-05 01:59:04,1_Landing,Books,
sess_5cbbf8a4,usr_0431,2026-07-02T07:57:05Z,2_Product_View,Clothing,
sess_0b9d47ec,usr_0489,2026-07-06 20:24:32,3_Add_to_Cart,Clothing,
sess_06058875,usr_2616,2026-07-06 23:51:03,2_Product_View,Electronics,
sess_2cecdc9a,usr_1939,2026-07-01 20:54:46,2_Product_View,Electronics,
sess_818ae98d,usr_0858,2026-07-04 10:27:37,1_Landing,Clothing,
sess_e579f20d,usr_1147,2026-07-07 05:15:55,2_Product_View,Books,
sess_cb026813,usr_2774,2026-07-01 17:11:17,1_Landing,Electronics,
sess_8caf1e2d,usr_1487,04/07/2026 10:15:33,3_Add_to_Cart,Electronics,
sess_7241d488,usr_1730,2026-07-09 02:48:11,2_Product_View,Clothing,
sess_ee89ef28,usr_0074,2026-07-01 07:16:08,2_Product_View,Electronics,
sess_14d7e0b2,usr_1170,2026-07-02 22:34:50,1_Landing,Books,
sess_9db682b6,usr_2759,2026-07-04 02:57:18,3_Add_to_Cart,Home & Kitchen,
sess_e2cdcb8c,usr_2096,2026-07-08 04:52:20,1_Landing,Home & Kitchen,
sess_15daaf7c,usr_0556,2026-07-04 20:41:41,2_Product_View,Books,
sess_a5db5ff6,usr_2270,2026-07-06 23:24:34,3_Add_to_Cart,Home & Kitchen,
sess_3155499a,usr_1183,2026-07-05 15:05:23,1_Landing,Clothing,
sess_cff97bb2,usr_1493,2026-07-09 15:08:17,1_Landing,Electronics,
sess_1183315f,usr_2617,2026-07-03 14:16:57,4_Purchase,Home & Kitchen,290.16
sess_bd5ddfce,usr_0142,2026-07-10T07:50:02Z,2_Product_View,Home & Kitchen,
sess_ad0c0a96,usr_0471,2026-07-08 06:58:52,1_Landing,Clothing,
sess_f4e19924,usr_1476,2026-07-02 21:06:31,1_Landing,Clothing,
sess_c93e2cb3,usr_1873,10/07/2026 06:09:26,1_Landing,Books,
sess_70635763,usr_2402,2026-07-10 18:58:07,1_Landing,Home & Kitchen,
sess_d75df83a,usr_1465,2026-07-01 03:19:25,1_Landing,Books,
sess_899010a3,usr_1761,2026-07-07 10:00:36,1_Landing,Clothing,
sess_8433de39,usr_1677,2026-07-07 00:11:00,2_Product_View,Books,
sess_0be5aa9d,usr_0859,2026-07-07 01:02:30,1_Landing,Electronics,
sess_b22e88b9,usr_1525,2026-07-06 17:59:15,3_Add_to_Cart,Electronics,
sess_e8bc7f25,usr_2299,2026-07-09 00:25:41,1_Landing,Home & Kitchen,
sess_619a597f,usr_2542,2026-07-04 21:48:53,1_Landing,Electronics,
sess_7e2f5ed4,usr_0168,2026-07-09T06:34:38Z,3_Add_to_Cart,Electronics,
sess_0e5887c3,usr_0476,2026-07-05 00:24:03,1_Landing,Electronics,
sess_3034aae1,usr_1200,2026-07-08 18:58:16,3_Add_to_Cart,Electronics,
sess_2e2bbf92,usr_2458,2026-07-06 07:27:22,1_Landing,Books,
sess_7926a9da,usr_2671,2026-07-10 12:22:59,1_Landing,Home & Kitchen,
sess_f2e44539,usr_2578,03/07/2026 01:40:13,1_Landing,Electronics,
sess_ab8f88c2,usr_0867,2026-07-02 19:56:21,1_Landing,Clothing,
sess_f3bf3950,usr_1282,01/07/2026 22:04:08,2_Product_View,Clothing,
sess_a809d648,usr_2138,2026-07-01 15:13:46,1_Landing,Electronics,
sess_34bf5293,usr_1849,2026-07-02 18:03:33,2_Product_View,Clothing,
sess_38ad0a44,usr_2084,2026-07-01 00:36:04,2_Product_View,Clothing,
sess_24fd4469,usr_2184,2026-07-04 17:35:05,1_Landing,Electronics,
sess_cdaa7225,usr_0499,2026-07-09 19:44:29,2_Product_View,Books,
sess_3b8aa7e4,usr_2682,2026-07-04 00:08:29,2_Product_View,Electronics,
sess_19a3c9dd,usr_1618,2026-07-03T09:03:24Z,1_Landing,Clothing,
sess_a34e2b34,usr_1645,2026-07-04T16:52:39Z,1_Landing,Home & Kitchen,
sess_88da1676,usr_0588,2026-07-03 07:04:32,1_Landing,Books,
sess_6000b17d,usr_0498,2026-07-06 09:08:06,1_Landing,Clothing,
sess_480a92a8,usr_1856,2026-07-08 00:55:28,1_Landing,Home & Kitchen,
sess_4ed11be0,usr_1700,2026-07-05 00:09:06,2_Product_View,Electronics,
sess_ed3b2366,usr_1302,2026-07-10 09:20:03,1_Landing,Books,
sess_c50578dd,usr_1798,2026-07-06 19:47:14,3_Add_to_Cart,Books,
sess_676e85d0,usr_2220,2026-07-02 20:04:50,3_Add_to_Cart,Electronics,
sess_b7479a15,usr_1828,2026-07-03 19:32:21,2_Product_View,Electronics,
sess_a208a8c8,usr_0746,08/07/2026 06:01:51,2_Product_View,Books,
sess_aa7c3820,usr_2351,2026-07-01 17:13:27,2_Product_View,Books,
sess_76ba0de0,usr_1749,2026-07-07 20:23:58,1_Landing,Home & Kitchen,
sess_a43d63ef,usr_2454,2026-07-08 17:08:12,1_Landing,Books,
sess_a556547e,usr_0737,2026-07-01 05:09:03,1_Landing,Clothing,
sess_07ad7a9e,usr_0707,2026-07-04 12:32:45,1_Landing,Books,
sess_841c3b0b,usr_0130,2026-07-04 14:51:16,2_Product_View,Clothing,
sess_86dd202f,usr_1393,2026-07-09 20:18:29,1_Landing,Home & Kitchen,
sess_f7e56398,usr_1902,2026-07-04 13:26:43,3_Add_to_Cart,Home & Kitchen,
sess_13489a95,usr_1365,2026-07-06 03:50:43,1_Landing,Books,
sess_7040a993,usr_0731,2026-07-09 19:10:24,1_Landing,Books,
sess_b86bf0e7,usr_0470,04/07/2026 04:41:45,3_Add_to_Cart,Electronics,
sess_8a66297f,usr_2179,2026-07-04 12:18:24,1_Landing,Electronics,
sess_d02070d0,usr_1686,2026-07-05 03:21:41,1_Landing,Clothing,
sess_bad2fb2b,usr_1225,2026-07-08 04:50:12,2_Product_View,Books,
sess_0de38ff0,usr_1112,2026-07-10 22:28:33,2_Product_View,Books,
sess_9542f2c3,usr_2000,2026-07-02T16:43:36Z,2_Product_View,Electronics,
sess_22ab8d84,usr_0120,2026-07-07 21:50:52,1_Landing,Books,
sess_17aef968,usr_0807,2026-07-09 20:22:54,1_Landing,Electronics,
sess_d3b7aa0f,usr_0902,2026-07-01 00:09:16,1_Landing,Clothing,
sess_cc2696a0,usr_0774,2026-07-07 18:26:15,1_Landing,Books,
sess_38ad0a44,usr_2084,2026-07-01T00:30:11Z,1_Landing,Clothing,
sess_89c4a848,usr_0467,2026-07-07 08:47:19,4_Purchase,Home & Kitchen,
sess_69acafb5,usr_2791,2026-07-09 07:36:14,4_Purchase,Clothing,131.35
sess_8be84238,usr_0131,05/07/2026 21:56:50,4_Purchase,Books,13.96
sess_d561a291,usr_0333,06/07/2026 19:24:51,1_Landing,Books,
sess_59a5bfe6,usr_2416,2026-07-10 22:10:57,2_Product_View,Books,
sess_0782040b,usr_0979,2026-07-01 00:59:35,1_Landing,Clothing,
sess_b367d5b0,usr_2590,2026-07-07 07:44:25,1_Landing,Electronics,
sess_9ecbf0cd,usr_0586,2026-07-09 12:22:52,1_Landing,Clothing,
sess_bbf37ec5,usr_2494,2026-07-09 13:56:54,3_Add_to_Cart,Clothing,
sess_b2c0c333,usr_2537,2026-07-06 03:21:13,1_Landing,Electronics,
sess_3d38be2f,usr_0988,2026-07-01 08:49:23,3_Add_to_Cart,Electronics,
sess_b3187108,usr_2323,2026-07-02 22:27:21,1_Landing,Electronics,
sess_aac26bc9,usr_1367,2026-07-07 22:34:49,1_Landing,Clothing,
sess_b6b8eacd,usr_1316,2026-07-01 19:09:11,1_Landing,Electronics,
sess_3245715b,usr_2618,2026-07-09 13:50:21,1_Landing,Electronics,
sess_592fea62,usr_0911,2026-07-07 15:08:22,3_Add_to_Cart,Electronics,
sess_6fad14dc,usr_1232,2026-07-05 14:41:10,1_Landing,Electronics,
sess_6692c2cb,usr_1531,2026-07-10 16:44:14,2_Product_View,Clothing,
sess_917e59f5,usr_2699,2026-07-03 07:23:28,4_Purchase,Books,31.17
sess_04a68a9b,usr_1176,2026-07-06 04:30:22,2_Product_View,Books,
sess_c1e16c25,usr_1602,2026-07-09 13:41:22,1_Landing,Electronics,
sess_42e0fb9a,usr_0343,2026-07-02 00:06:16,1_Landing,Books,
sess_d04fd896,usr_0982,2026-07-01 22:33:27,1_Landing,Electronics,
sess_f3565b30,usr_1721,2026-07-02 01:40:21,1_Landing,Electronics,
sess_d5100d98,usr_0306,2026-07-06T10:36:24Z,3_Add_to_Cart,Clothing,
sess_b5cb9025,usr_1560,2026-07-01 13:17:00,3_Add_to_Cart,Clothing,
sess_f06caa50,usr_1776,2026-07-04 08:08:57,1_Landing,Electronics,
sess_fadba29e,usr_1156,2026-07-07 14:20:09,3_Add_to_Cart,Home & Kitchen,
sess_3ce364e6,usr_1513,2026-07-01 11:01:20,2_Product_View,Clothing,
sess_a6202059,usr_1291,2026-07-04T20:20:09Z,2_Product_View,Home & Kitchen,
sess_535fe585,usr_0016,2026-07-10 10:37:57,2_Product_View,Electronics,
sess_2c8ceddc,usr_0974,2026-07-02 05:44:16,1_Landing,Books,
sess_b9ddf5a7,usr_0838,06/07/2026 17:20:30,2_Product_View,Clothing,
sess_919d3916,usr_1816,2026-07-03T02:43:22Z,1_Landing,Books,
sess_ef5e8440,usr_0127,2026-07-03T22:26:47Z,2_Product_View,Books,
sess_92ace833,usr_1485,2026-07-04 06:43:14,2_Product_View,Books,
sess_e9a44484,usr_1241,2026-07-07 22:11:15,2_Product_View,Clothing,
sess_3fe1c28f,usr_0428,2026-07-09 00:24:50,1_Landing,Clothing,
sess_b8378428,usr_1430,2026-07-05 22:15:10,1_Landing,Books,
sess_80a900a7,usr_2273,2026-07-02 06:13:28,1_Landing,Books,
sess_0f646297,usr_2624,2026-07-07 00:49:03,2_Product_View,Electronics,
sess_f5c56957,usr_2069,2026-07-08T03:21:03Z,2_Product_View,Clothing,
sess_01829a57,usr_1901,2026-07-02 06:26:22,3_Add_to_Cart,Electronics,
sess_90081972,usr_0631,2026-07-03 14:18:52,3_Add_to_Cart,Books,
sess_bbad40c8,usr_0572,2026-07-10 21:36:47,3_Add_to_Cart,Home & Kitchen,
sess_51fe199e,usr_1824,2026-07-06T14:48:06Z,1_Landing,Electronics,
sess_2a75c5f1,usr_1006,2026-07-06 16:36:19,4_Purchase,Electronics,399.82
sess_743417a4,usr_0280,2026-07-03 15:00:13,2_Product_View,Books,
sess_ff0db983,usr_0457,2026-07-03 22:48:57,2_Product_View,Electronics,
sess_88bd0af2,usr_1329,2026-07-07 23:01:44,1_Landing,Clothing,
sess_bd1fa768,usr_1592,2026-07-06 03:03:39,1_Landing,Books,
sess_625d427c,usr_0243,2026-07-10T23:20:12Z,1_Landing,Home & Kitchen,
sess_f62ca567,usr_1128,2026-07-06 08:37:23,2_Product_View,Clothing,
sess_b327760c,usr_0669,2026-07-06 23:29:17,1_Landing,Home & Kitchen,
sess_a52fad19,usr_2477,10/07/2026 14:24:04,3_Add_to_Cart,Clothing,
sess_47d67788,usr_1301,09/07/2026 03:00:41,1_Landing,Clothing,
sess_f8d42c30,usr_0003,03/07/2026 06:48:21,1_Landing,Home & Kitchen,
sess_f75738ad,usr_1181,2026-07-04T16:05:27Z,1_Landing,Clothing,
sess_499f621f,usr_2622,01/07/2026 11:20:41,1_Landing,Electronics,
sess_0be08a0e,usr_2281,2026-07-09 21:20:26,1_Landing,Clothing,
sess_1af6ebaa,usr_2229,2026-07-03 16:34:26,1_Landing,Home & Kitchen,
sess_259fa6e1,usr_2716,2026-07-06 22:02:40,2_Product_View,Books,
sess_4fd43c0b,usr_0734,2026-07-03 03:57:08,1_Landing,Home & Kitchen,
sess_90152f50,usr_0612,2026-07-04 01:50:38,1_Landing,Home & Kitchen,
sess_6d2bc20a,usr_1238,2026-07-08 11:00:07,1_Landing,Home & Kitchen,
sess_3cbc5fac,usr_1346,2026-07-02 22:26:37,2_Product_View,Electronics,
sess_cf1b753b,usr_0930,2026-07-04 13:59:20,2_Product_View,Electronics,
sess_fbdb5324,usr_1381,2026-07-09T05:31:49Z,3_Add_to_Cart,Home & Kitchen,
sess_168f5498,usr_0388,08/07/2026 12:17:19,2_Product_View,Clothing,
sess_2c80f390,usr_1159,2026-07-08 08:59:55,3_Add_to_Cart,Clothing,
sess_03d4202e,usr_0512,2026-07-02 01:27:48,4_Purchase,Electronics,403.99
sess_a6b4366e,usr_2087,2026-07-02T08:46:22Z,2_Product_View,Books,
sess_11f51a54,usr_1603,2026-07-07 06:39:35,1_Landing,Home & Kitchen,
sess_08a3bb33,usr_1814,2026-07-08 08:36:53,1_Landing,Clothing,
sess_bb158660,usr_1019,2026-07-02 09:49:29,1_Landing,Clothing,
sess_c75d8d89,usr_0650,2026-07-08 09:28:26,2_Product_View,Electronics,
sess_e87c7918,usr_0913,2026-07-05 00:47:52,1_Landing,Clothing,
sess_3e878958,usr_2196,2026-07-09T04:39:45Z,4_Purchase,Home & Kitchen,205.17
sess_e5dc7066,usr_0223,2026-07-06 11:32:21,2_Product_View,Books,
sess_e781bcb7,usr_0446,2026-07-06 14:15:06,3_Add_to_Cart,Electronics,
sess_78ad6d87,usr_2565,2026-07-02 20:50:38,1_Landing,Clothing,
sess_9db682b6,usr_2759,2026-07-04 03:03:44,4_Purchase,Home & Kitchen,182.28
sess_fbdb5324,usr_1381,2026-07-09 05:39:23,4_Purchase,Home & Kitchen,277.77
sess_51036dcd,usr_1549,2026-07-02T11:23:41Z,2_Product_View,Home & Kitchen,
sess_84ad45f8,usr_0392,2026-07-02 20:39:39,2_Product_View,Books,
sess_65af210f,usr_1347,2026-07-08 04:35:45,2_Product_View,Home & Kitchen,
sess_e4c29366,usr_1356,06/07/2026 10:59:03,3_Add_to_Cart,Electronics,
sess_c588cbde,usr_0897,2026-07-08 09:10:51,1_Landing,Books,
sess_4fb1cd57,usr_1084,2026-07-09 03:02:13,3_Add_to_Cart,Books,
sess_b2a710e9,usr_1918,08/07/2026 08:45:25,3_Add_to_Cart,Home & Kitchen,
sess_b6b809d4,usr_1415,06/07/2026 23:30:14,1_Landing,Home & Kitchen,
sess_2034e0a9,usr_1236,2026-07-01 03:15:25,1_Landing,Clothing,
sess_5d4b71b2,usr_0855,2026-07-04 09:38:10,1_Landing,Home & Kitchen,
sess_0f1b5838,usr_2666,2026-07-02 04:02:48,2_Product_View,Books,
sess_b5ddd64b,usr_0447,2026-07-08 12:37:04,2_Product_View,Books,
sess_81b5daab,usr_2722,2026-07-10 22:57:11,1_Landing,Home & Kitchen,
sess_32daa9dd,usr_0558,09/07/2026 11:32:51,1_Landing,Electronics,
sess_ae1f9337,usr_2244,2026-07-09T20:38:48Z,1_Landing,Home & Kitchen,
sess_f658d24b,usr_2130,2026-07-03 22:15:33,2_Product_View,Home & Kitchen,
sess_5110067f,usr_0264,2026-07-04 01:42:57,1_Landing,Clothing,
sess_32131ae7,usr_2480,2026-07-03 07:14:40,2_Product_View,Electronics,
sess_f0756cfb,usr_1244,2026-07-09 14:51:20,1_Landing,Electronics,
sess_0b5282d0,usr_2507,2026-07-08 00:57:39,2_Product_View,Home & Kitchen,
sess_c840395b,usr_2280,2026-07-09 07:56:07,1_Landing,Clothing,
sess_fc4b86b9,usr_2070,2026-07-08 08:36:35,1_Landing,Home & Kitchen,
sess_4210eea0,usr_2531,2026-07-03 10:51:18,1_Landing,Electronics,
sess_45d05d64,usr_1167,2026-07-10 07:09:03,3_Add_to_Cart,Clothing,
sess_4c4709d6,usr_0885,2026-07-03 07:07:02,1_Landing,Clothing,
sess_d5100d98,usr_0306,2026-07-06T10:26:02Z,1_Landing,Clothing,
sess_31db07d4,usr_0285,09/07/2026 14:49:05,4_Purchase,Electronics,452.51
sess_b6123be7,usr_1974,2026-07-10T11:47:26Z,1_Landing,Clothing,
sess_89eefff8,usr_0668,03/07/2026 08:57:02,1_Landing,Home & Kitchen,
sess_102ed7f9,usr_0170,2026-07-05T07:06:10Z,3_Add_to_Cart,Books,
sess_634edebd,usr_0296,2026-07-05 04:42:33,1_Landing,Clothing,
sess_59a5bfe6,usr_2416,10/07/2026 21:59:54,1_Landing,Books,
sess_90ffdd2c,usr_0318,2026-07-08 13:41:50,1_Landing,Electronics,
sess_67c2094e,usr_0219,2026-07-07 19:52:11,1_Landing,Electronics,
sess_3e53fae0,usr_0976,2026-07-01 12:22:45,2_Product_View,Clothing,
sess_85053e59,usr_1625,03/07/2026 11:22:58,2_Product_View,Electronics,
sess_556ce535,usr_0042,2026-07-09 13:55:02,2_Product_View,Home & Kitchen,
sess_34a19427,usr_1652,2026-07-06 20:47:19,1_Landing,Electronics,
sess_15b84be0,usr_1789,2026-07-10 03:18:31,2_Product_View,Electronics,
sess_7739e977,usr_1762,2026-07-08 19:16:34,1_Landing,Clothing,
sess_67b3667a,usr_1612,2026-07-03 18:46:23,1_Landing,Home & Kitchen,
sess_65da93a4,usr_1057,2026-07-08 15:02:47,1_Landing,Clothing,
sess_10fb35a4,usr_0778,2026-07-02 19:06:43,1_Landing,Books,
sess_c93e2cb3,usr_1873,2026-07-10 06:14:21,2_Product_View,Books,
sess_32109591,usr_2440,2026-07-04 13:20:15,1_Landing,Books,
sess_a52fad19,usr_2477,2026-07-10 14:21:23,2_Product_View,Clothing,
sess_b9df7abb,usr_1733,2026-07-01 12:36:18,1_Landing,Books,
sess_e36dcf1e,usr_0766,2026-07-01 16:11:57,3_Add_to_Cart,Clothing,
sess_0b9d47ec,usr_0489,2026-07-06 20:05:14,1_Landing,Clothing,
sess_36df7082,usr_2721,02/07/2026 20:03:38,2_Product_View,Home & Kitchen,
sess_06b71b61,usr_0263,2026-07-04 06:52:34,1_Landing,Books,
sess_9b9cd466,usr_0082,2026-07-08 06:28:47,2_Product_View,Clothing,
sess_9efd74c1,usr_1259,2026-07-01 23:40:23,1_Landing,Home & Kitchen,
sess_19d10ba2,usr_2334,2026-07-01 17:10:49,1_Landing,Home & Kitchen,
sess_721a8e4b,usr_1880,2026-07-02 21:23:00,2_Product_View,Clothing,
sess_d5b87bd5,usr_1526,2026-07-04 10:36:23,1_Landing,Clothing,
sess_7755632e,usr_2650,2026-07-08 17:31:22,1_Landing,Home & Kitchen,
sess_7f36556a,usr_0286,2026-07-02 15:15:26,2_Product_View,Electronics,
sess_2cac2ca4,usr_1703,2026-07-02 06:30:07,1_Landing,Home & Kitchen,
sess_0191e21c,usr_0298,2026-07-09 10:49:50,2_Product_View,Books,
sess_87c9a77f,usr_2567,2026-07-01 21:26:25,2_Product_View,Books,
sess_c5ba5965,usr_1556,2026-07-06T01:27:06Z,1_Landing,Electronics,
sess_c23bd641,usr_1821,2026-07-03 00:44:20,2_Product_View,Clothing,
sess_7006108c,usr_1210,08/07/2026 07:57:20,3_Add_to_Cart,Home & Kitchen,
sess_2c95bc50,usr_1558,2026-07-01 07:08:37,1_Landing,Electronics,
sess_836a9b92,usr_0889,01/07/2026 23:34:32,1_Landing,Clothing,
sess_d1716815,usr_2238,2026-07-04 10:31:13,2_Product_View,Books,
sess_d59c2018,usr_1909,2026-07-08 14:41:33,2_Product_View,Books,
sess_a53552b9,usr_2166,2026-07-01 15:56:05,2_Product_View,Clothing,
sess_099377b3,usr_1127,2026-07-04 08:01:37,2_Product_View,Electronics,
sess_7a4347eb,usr_1898,2026-07-07 21:25:49,3_Add_to_Cart,Electronics,
sess_1f98bd34,usr_1272,2026-07-08 19:56:10,2_Product_View,Electronics,
sess_b3ce4b26,usr_2577,2026-07-02 13:23:36,1_Landing,Electronics,
sess_5cf5aeb3,usr_0191,2026-07-09 12:41:50,1_Landing,Home & Kitchen,
sess_ba4347b8,usr_0430,2026-07-05 02:05:07,2_Product_View,Electronics,
sess_00e7c6cb,usr_0962,2026-07-08 02:28:58,2_Product_View,Home & Kitchen,
sess_a2880fad,usr_0185,2026-07-10 19:42:14,2_Product_View,Electronics,
sess_027f6177,usr_2562,2026-07-01 22:27:09,3_Add_to_Cart,Clothing,
sess_fb134879,usr_2185,03/07/2026 07:44:40,1_Landing,Clothing,
sess_31beb0a1,usr_2685,2026-07-04 08:44:20,1_Landing,Home & Kitchen,
sess_414ab23b,usr_2668,2026-07-01 05:32:32,2_Product_View,Books,
sess_8ba5ae08,usr_1621,2026-07-03 01:53:37,1_Landing,Books,
sess_fb5eabb2,usr_0563,2026-07-02 11:59:32,1_Landing,Electronics,
sess_f7e56398,usr_1902,2026-07-04 13:16:52,1_Landing,Home & Kitchen,
sess_c29cc4cf,usr_1203,2026-07-10 01:07:37,2_Product_View,Electronics,
sess_b4ed419f,usr_1576,09/07/2026 23:01:19,1_Landing,Books,
sess_190880a1,usr_0676,2026-07-08 02:29:51,1_Landing,Clothing,
sess_3f56eb4f,usr_1116,2026-07-01 00:20:29,3_Add_to_Cart,Home & Kitchen,
sess_a5ebcf3f,usr_0076,2026-07-07 22:12:04,1_Landing,Books,
sess_74ce6f77,usr_2797,2026-07-06 09:38:05,1_Landing,Electronics,
sess_82989828,usr_1718,2026-07-06 17:40:26,2_Product_View,Books,
sess_3901f520,usr_1146,2026-07-04 07:27:55,3_Add_to_Cart,Home & Kitchen,
sess_a7d5c7cd,usr_2478,2026-07-01 13:18:01,3_Add_to_Cart,Books,
sess_2f1c01f7,usr_0757,04/07/2026 16:19:11,1_Landing,Home & Kitchen,
sess_7ec10246,usr_0597,2026-07-03 19:06:11,1_Landing,Books,
sess_0bc583fe,usr_1654,2026-07-01 11:51:57,2_Product_View,Clothing,
sess_dbadb9f0,usr_2737,2026-07-09T10:49:47Z,1_Landing,Home & Kitchen,
sess_2bb5dc5d,usr_1993,2026-07-02 05:08:08,1_Landing,Electronics,
sess_103e132d,usr_0718,2026-07-09T19:34:39Z,2_Product_View,Clothing,
sess_c29b5f1a,usr_1361,2026-07-01T03:17:42Z,3_Add_to_Cart,Clothing,
sess_a6a2f49a,usr_2777,2026-07-10 20:02:17,2_Product_View,Clothing,
sess_1a7c21f2,usr_2536,2026-07-01 00:10:55,1_Landing,Home & Kitchen,
sess_345edc3e,usr_2120,2026-07-09 12:13:10,1_Landing,Electronics,
sess_87c9a77f,usr_2567,2026-07-01 21:23:36,1_Landing,Books,
sess_156f5818,usr_0742,2026-07-05T15:08:07Z,1_Landing,Electronics,
sess_3c726e03,usr_0444,2026-07-10 01:25:17,2_Product_View,Books,
sess_deb9150e,usr_1172,2026-07-03T10:11:40Z,1_Landing,Books,
sess_8ba4d539,usr_1344,2026-07-03 22:58:53,2_Product_View,Home & Kitchen,
sess_55e4a786,usr_1722,2026-07-08 05:10:33,2_Product_View,Electronics,
sess_15539b8a,usr_2757,2026-07-01T13:07:03Z,3_Add_to_Cart,Home & Kitchen,
sess_a8ecf56f,usr_0639,2026-07-06 00:48:26,3_Add_to_Cart,Home & Kitchen,
sess_0b0d49ed,usr_1734,2026-07-04 18:43:49,1_Landing,Home & Kitchen,
sess_68147c14,usr_0425,2026-07-08 00:24:43,1_Landing,Books,
sess_24fd4469,usr_2184,2026-07-04T17:44:10Z,2_Product_View,Electronics,
sess_63cdf926,usr_0292,2026-07-10 00:15:13,1_Landing,Books,
sess_21181f18,usr_0096,2026-07-04 05:42:32,2_Product_View,Clothing,
sess_ff126b5e,usr_0833,2026-07-02 14:39:10,1_Landing,Home & Kitchen,
sess_99ab2c5e,usr_1030,2026-07-05 07:13:35,1_Landing,Books,
sess_d663da31,usr_1643,2026-07-02 05:27:34,1_Landing,Home & Kitchen,
sess_657e36bd,usr_0458,2026-07-09 01:53:24,1_Landing,Clothing,
sess_1f218c05,usr_0315,2026-07-06 08:57:54,2_Product_View,Home & Kitchen,
sess_28000024,usr_2192,2026-07-05 15:33:58,1_Landing,Books,
sess_c434df7c,usr_1863,2026-07-08 23:15:43,1_Landing,Books,
sess_b8759200,usr_1011,2026-07-09T13:26:06Z,1_Landing,Electronics,
sess_a5ebcf3f,usr_0076,2026-07-07 22:26:44,2_Product_View,Books,
sess_62c6d76f,usr_2483,2026-07-04T20:07:27Z,2_Product_View,Home & Kitchen,
sess_aa7c3820,usr_2351,01/07/2026 17:12:11,1_Landing,Books,
sess_6c43a748,usr_2782,2026-07-07T14:36:03Z,1_Landing,Home & Kitchen,
sess_d2ad84d3,usr_1835,2026-07-09 20:28:31,3_Add_to_Cart,Books,
sess_39cf03de,usr_0309,2026-07-03 23:50:22,1_Landing,Books,
sess_3c726e03,usr_0444,2026-07-10T01:35:23Z,3_Add_to_Cart,Books,
sess_4789f033,usr_0723,09/07/2026 03:28:29,1_Landing,Electronics,
sess_d233def9,usr_1511,2026-07-04 12:23:12,3_Add_to_Cart,Clothing,
sess_4963e656,usr_2245,2026-07-02 16:18:09,1_Landing,Books,
sess_89389baa,usr_0274,2026-07-03T19:54:40Z,1_Landing,Clothing,
sess_98cf484d,usr_2732,2026-07-03 03:17:58,4_Purchase,Clothing,84.03
sess_3a3509de,usr_2568,2026-07-09 17:05:46,1_Landing,Home & Kitchen,
sess_47b47de9,usr_2607,2026-07-10T10:59:53Z,1_Landing,Electronics,
sess_7739e977,usr_1762,08/07/2026 19:28:51,2_Product_View,Clothing,
sess_66694374,usr_2025,2026-07-04T01:57:42Z,1_Landing,Books,
sess_e20b27f4,usr_1833,2026-07-06 01:58:58,1_Landing,Electronics,
sess_8a4d3d90,usr_2521,2026-07-03 02:29:57,1_Landing,Clothing,
sess_6f324328,usr_1449,2026-07-05 07:02:30,1_Landing,Electronics,
sess_914723aa,usr_0952,2026-07-05 20:34:51,1_Landing,Books,
sess_936ba6a2,usr_1350,2026-07-03 22:57:45,2_Product_View,Electronics,
sess_184b1fcd,usr_0504,2026-07-03 06:50:09,2_Product_View,Books,
sess_3368b854,usr_0321,09/07/2026 18:42:02,1_Landing,Home & Kitchen,
sess_357475bc,usr_1995,2026-07-09 22:38:45,3_Add_to_Cart,Electronics,
sess_03d4202e,usr_0512,2026-07-02T01:12:04Z,2_Product_View,Electronics,
sess_d4972fd4,usr_1706,2026-07-01 08:48:26,1_Landing,Books,
sess_1fac31a1,usr_1414,2026-07-08 21:18:03,2_Product_View,Books,
sess_90ffdd2c,usr_0318,08/07/2026 13:55:56,2_Product_View,Electronics,
sess_23c0b05c,usr_1945,2026-07-04T10:57:16Z,1_Landing,Home & Kitchen,
sess_65766eb2,usr_2526,2026-07-05 12:58:08,1_Landing,Books,
sess_5901ead7,usr_2324,2026-07-02 07:08:41,1_Landing,Clothing,
sess_130dd917,usr_1177,2026-07-05 00:14:54,1_Landing,Books,
sess_6322f463,usr_2154,2026-07-08 12:30:48,3_Add_to_Cart,Home & Kitchen,
sess_bd1fa768,usr_1592,2026-07-06 03:16:39,3_Add_to_Cart,Books,
sess_5b4225a2,usr_2424,2026-07-10 02:01:52,2_Product_View,Clothing,
sess_8bbc31ae,usr_1069,2026-07-01 10:46:49,3_Add_to_Cart,Books,
sess_d2ad84d3,usr_1835,2026-07-09 20:21:06,2_Product_View,Books,
sess_b4e0e66a,usr_1003,2026-07-04 02:04:44,2_Product_View,Clothing,
sess_f9e49dcb,usr_0693,2026-07-10 18:48:03,4_Purchase,Books,7.22
sess_6bf488da,usr_0404,2026-07-07 02:56:29,1_Landing,Electronics,
sess_89c4a848,usr_0467,2026-07-07 08:35:11,2_Product_View,Home & Kitchen,
sess_7aa595da,usr_1328,2026-07-04 06:52:14,1_Landing,Books,
sess_60bf0a9d,usr_0273,2026-07-03T00:47:21Z,1_Landing,Home & Kitchen,
sess_151ef5d9,usr_0733,2026-07-05 09:46:49,1_Landing,Books,
sess_48677cb2,usr_1422,08/07/2026 03:47:07,1_Landing,Clothing,
sess_fcfabcc8,usr_1326,2026-07-06 11:54:54,1_Landing,Electronics,
sess_88010216,usr_0975,08/07/2026 22:01:48,1_Landing,Home & Kitchen,
sess_499add35,usr_1397,2026-07-06 19:16:14,4_Purchase,Home & Kitchen,90.86
sess_55a4c2f6,usr_1037,2026-07-09 16:01:25,3_Add_to_Cart,Books,
sess_3e584f6e,usr_1174,2026-07-04 00:39:48,1_Landing,Electronics,
sess_721a1ff0,usr_0965,09/07/2026 13:30:43,1_Landing,Home & Kitchen,
sess_ee3f7880,usr_0834,2026-07-02 03:31:38,1_Landing,Electronics,
sess_b0c930bd,usr_0493,2026-07-03 10:55:45,1_Landing,Books,
sess_e11d91e4,usr_0918,10/07/2026 11:22:10,1_Landing,Home & Kitchen,
sess_8bbc31ae,usr_1069,2026-07-01 10:49:23,4_Purchase,Books,12.57
sess_1105f727,usr_2686,2026-07-05 05:28:35,2_Product_View,Clothing,
sess_b634861b,usr_0515,2026-07-02 14:09:20,2_Product_View,Clothing,
sess_81b494a0,usr_2781,2026-07-04 01:11:09,3_Add_to_Cart,Home & Kitchen,
sess_50fd13dd,usr_0773,06/07/2026 17:41:04,1_Landing,Electronics,
sess_819b5c2c,usr_0422,2026-07-02 00:04:12,1_Landing,Home & Kitchen,
sess_f4ddcacb,usr_0301,2026-07-05 13:08:28,3_Add_to_Cart,Electronics,
sess_58dc946f,usr_1115,2026-07-06 00:04:22,1_Landing,Electronics,
sess_43999e96,usr_2459,2026-07-09 01:52:54,4_Purchase,Books,35.23
sess_34a472ef,usr_1836,2026-07-08T00:48:35Z,3_Add_to_Cart,Electronics,
sess_44552302,usr_2657,2026-07-04 20:59:13,1_Landing,Home & Kitchen,
sess_c524e05f,usr_0800,2026-07-10 23:27:24,3_Add_to_Cart,Clothing,
sess_a901c75f,usr_2632,2026-07-09 14:13:03,2_Product_View,Electronics,
sess_19de02a4,usr_1871,2026-07-01 06:31:31,4_Purchase,Books,36.23
sess_3c38812a,usr_2021,2026-07-01 02:12:51,1_Landing,Books,
sess_de1d89fb,usr_0547,2026-07-09T01:00:47Z,1_Landing,Home & Kitchen,
sess_dc305b71,usr_0909,2026-07-05 21:57:21,3_Add_to_Cart,Home & Kitchen,
sess_6ff54688,usr_0329,2026-07-02 00:05:22,1_Landing,Books,
sess_35ffc2ef,usr_0652,2026-07-01 17:36:24,3_Add_to_Cart,Clothing,
sess_4237c618,usr_2575,2026-07-03 21:09:03,1_Landing,Clothing,
sess_ab8db36f,usr_2264,2026-07-01 14:26:49,1_Landing,Home & Kitchen,
sess_d2faf383,usr_2260,2026-07-04 00:00:42,1_Landing,Books,
sess_8571f344,usr_0941,01/07/2026 00:43:24,2_Product_View,Home & Kitchen,
sess_0e38d916,usr_2619,2026-07-04 14:29:28,1_Landing,Clothing,
sess_c9288228,usr_0517,2026-07-08 15:09:00,2_Product_View,Clothing,
sess_010ccef7,usr_0491,2026-07-09 09:26:03,1_Landing,Books,
sess_35b6df10,usr_0671,2026-07-03 00:52:51,3_Add_to_Cart,Books,
sess_324203c1,usr_2684,2026-07-01 17:27:51,1_Landing,Books,
sess_bdf7ac83,usr_0238,05/07/2026 15:15:51,1_Landing,Home & Kitchen,
sess_5c9e479d,usr_1424,2026-07-01 14:17:23,1_Landing,Home & Kitchen,
sess_992ececd,usr_2319,2026-07-08 17:28:17,1_Landing,Books,
sess_ece32ca9,usr_0839,2026-07-08 02:00:00,1_Landing,Electronics,
sess_aadd0568,usr_0882,2026-07-03 08:14:30,1_Landing,Home & Kitchen,
sess_d9a14824,usr_2644,2026-07-02 20:35:20,1_Landing,Home & Kitchen,
sess_e7df2e1b,usr_1289,2026-07-08 11:21:19,1_Landing,Home & Kitchen,
sess_2736db53,usr_1926,2026-07-04T12:27:44Z,1_Landing,Home & Kitchen,
sess_5689e582,usr_2067,2026-07-03T13:35:36Z,1_Landing,Books,
sess_fb1ec6cc,usr_1916,2026-07-10 03:48:17,3_Add_to_Cart,Books,
sess_9aef7498,usr_0694,2026-07-07 16:27:49,1_Landing,Electronics,
sess_564e77d1,usr_0371,2026-07-07 16:47:17,1_Landing,Electronics,
sess_c972cccd,usr_2381,2026-07-10 02:36:50,2_Product_View,Home & Kitchen,
sess_50b13a03,usr_1806,2026-07-08 13:35:35,1_Landing,Books,
sess_02477dbf,usr_0440,2026-07-07 18:06:21,1_Landing,Home & Kitchen,
sess_62f4147e,usr_1512,2026-07-10 10:59:53,1_Landing,Electronics,
sess_54a031cc,usr_0579,2026-07-03 14:43:58,3_Add_to_Cart,Home & Kitchen,
sess_f386ca6f,usr_0505,2026-07-10 19:59:14,2_Product_View,Home & Kitchen,
sess_190880a1,usr_0676,2026-07-08 02:36:26,2_Product_View,Clothing,
sess_4f6ec5a8,usr_0270,2026-07-05 01:00:19,1_Landing,Clothing,
sess_ee4d1866,usr_0561,02/07/2026 23:57:33,3_Add_to_Cart,Books,
sess_24771ac0,usr_0574,2026-07-08 14:42:00,3_Add_to_Cart,Books,
sess_ad740d72,usr_0331,10/07/2026 16:14:00,2_Product_View,Clothing,
sess_27c864f0,usr_2012,2026-07-08 10:12:18,2_Product_View,Clothing,
sess_bb921f34,usr_1153,2026-07-07 07:11:57,1_Landing,Clothing,
sess_f29dc517,usr_2495,10/07/2026 02:48:19,4_Purchase,Books,21.97
sess_42d5f31a,usr_1717,2026-07-05 01:10:31,3_Add_to_Cart,Books,
sess_cf027333,usr_1507,2026-07-05 02:13:58,1_Landing,Books,
sess_68b0b5a7,usr_0025,2026-07-04 06:19:45,2_Product_View,Electronics,
sess_8b73d48c,usr_1647,2026-07-10 21:34:34,2_Product_View,Electronics,
sess_cca98cae,usr_1126,2026-07-05 18:25:40,1_Landing,Books,
sess_d939d656,usr_0992,2026-07-09 21:40:51,1_Landing,Clothing,
sess_9c9587f1,usr_1906,2026-07-10 08:53:40,2_Product_View,Electronics,
sess_a5ebcf3f,usr_0076,2026-07-07 22:12:04,1_Landing,Books,
sess_91b0213b,usr_2503,06/07/2026 16:37:04,1_Landing,Books,
sess_89ad77d0,usr_1425,2026-07-04 09:17:58,2_Product_View,Books,
sess_99dc1ad8,usr_2680,2026-07-06 15:51:37,1_Landing,Home & Kitchen,
sess_fa213903,usr_1786,2026-07-10 13:42:17,1_Landing,Clothing,
sess_6979b796,usr_0550,2026-07-03 06:02:23,4_Purchase,Electronics,55.36
sess_e72a1807,usr_2341,2026-07-08T22:46:13Z,1_Landing,Clothing,
sess_929f222c,usr_1014,2026-07-06 05:13:11,1_Landing,Home & Kitchen,
sess_dd47f65f,usr_2207,2026-07-09 13:28:14,3_Add_to_Cart,Home & Kitchen,
sess_9d99dfb2,usr_1941,2026-07-01 16:48:18,1_Landing,Books,
sess_874e5624,usr_2631,2026-07-06 07:12:16,3_Add_to_Cart,Clothing,
sess_e94f05af,usr_1338,2026-07-08 15:20:41,1_Landing,Electronics,
sess_2bfa9f1a,usr_2475,2026-07-05 14:43:08,1_Landing,Electronics,
sess_9a1d2a44,usr_1839,2026-07-09T17:10:01Z,3_Add_to_Cart,Books,
sess_476040c2,usr_1778,2026-07-09 03:54:22,2_Product_View,Home & Kitchen,
sess_d4a5c05e,usr_0475,03/07/2026 15:37:35,1_Landing,Books,
sess_877790e7,usr_0551,2026-07-01 05:13:19,2_Product_View,Clothing,
sess_422ebbbd,usr_0087,2026-07-04 23:30:17,1_Landing,Clothing,
sess_becbf31d,usr_1944,2026-07-09 11:37:12,2_Product_View,Home & Kitchen,
sess_330300ad,usr_2134,2026-07-07 01:19:58,1_Landing,Electronics,
sess_38e02fd0,usr_1065,2026-07-02 05:45:01,1_Landing,Home & Kitchen,
sess_e579f20d,usr_1147,2026-07-07 05:20:03,3_Add_to_Cart,Books,
sess_4d6424c9,usr_1925,2026-07-06 20:10:15,2_Product_View,Books,
sess_ab28e637,usr_0442,2026-07-04 21:37:52,1_Landing,Home & Kitchen,
sess_99b1ca3c,usr_1036,2026-07-09 01:32:06,1_Landing,Electronics,
sess_6dfa95c7,usr_1985,2026-07-08 12:55:23,2_Product_View,Electronics,
sess_edbd5c53,usr_0755,2026-07-10T19:39:01Z,2_Product_View,Clothing,
sess_dfdad39d,usr_2378,2026-07-06 10:32:38,2_Product_View,Electronics,
sess_5c9ec1ee,usr_2099,2026-07-10 11:34:52,2_Product_View,Home & Kitchen,
sess_ce5a297a,usr_0109,2026-07-09 00:49:58,2_Product_View,Books,
sess_3ace45af,usr_0514,2026-07-07 20:56:51,1_Landing,Books,
sess_71c74c49,usr_1313,2026-07-05 10:49:00,3_Add_to_Cart,Clothing,
sess_3d38be2f,usr_0988,2026-07-01 08:40:21,2_Product_View,Electronics,
sess_d55ed9d9,usr_2176,2026-07-09T22:35:56Z,1_Landing,Home & Kitchen,
sess_14a483d3,usr_2779,06/07/2026 00:03:00,1_Landing,Books,
sess_ce80063c,usr_0710,2026-07-07 00:42:14,2_Product_View,Home & Kitchen,
sess_0de38ff0,usr_1112,2026-07-10 22:34:43,3_Add_to_Cart,Books,
sess_0ebcfd53,usr_0349,09/07/2026 05:35:10,1_Landing,Clothing,
sess_f0a5c9bf,usr_0571,2026-07-06 04:52:40,3_Add_to_Cart,Home & Kitchen,
sess_68826923,usr_1660,2026-07-10 13:48:08,2_Product_View,Books,
sess_b5319346,usr_2072,2026-07-10 07:32:28,3_Add_to_Cart,Home & Kitchen,
sess_0f646297,usr_2624,2026-07-07 00:38:19,1_Landing,Electronics,
sess_b145df48,usr_0910,2026-07-02 06:14:22,2_Product_View,Clothing,
sess_d5c27955,usr_1339,2026-07-02 03:18:44,2_Product_View,Home & Kitchen,
sess_f27f9f08,usr_1568,2026-07-09 07:10:53,3_Add_to_Cart,Clothing,
sess_6e515a23,usr_2635,2026-07-02 15:42:50,1_Landing,Clothing,
sess_008586f8,usr_2327,2026-07-07 18:39:45,1_Landing,Books,
sess_3d2cd9bc,usr_1767,2026-07-09 05:25:52,1_Landing,Electronics,
sess_e9a21f94,usr_0842,2026-07-10 05:45:31,1_Landing,Electronics,
sess_da3dabca,usr_0528,2026-07-08T03:06:48Z,1_Landing,Home & Kitchen,
sess_32794a35,usr_2579,2026-07-03 07:54:08,1_Landing,Home & Kitchen,
sess_dc022d3d,usr_1151,2026-07-08 18:14:43,2_Product_View,Books,
sess_dd00bcb8,usr_1973,2026-07-09 12:33:42,1_Landing,Home & Kitchen,
sess_7aa595da,usr_1328,04/07/2026 06:55:21,2_Product_View,Books,
sess_acaf36f1,usr_0157,2026-07-02 02:20:38,1_Landing,Books,
sess_3cbc5fac,usr_1346,2026-07-02 22:30:09,3_Add_to_Cart,Electronics,
sess_00d5c35e,usr_1163,2026-07-07 22:20:31,2_Product_View,Electronics,
sess_db26e8a6,usr_1928,2026-07-02T11:29:49Z,1_Landing,Books,
sess_9fc980a4,usr_2216,2026-07-04 16:28:44,2_Product_View,Home & Kitchen,
sess_5c80fb98,usr_1298,2026-07-04 05:00:10,1_Landing,Home & Kitchen,
sess_1e2699ac,usr_0715,2026-07-08 23:59:52,1_Landing,Home & Kitchen,
sess_e50d7d4e,usr_0527,2026-07-09 19:38:30,1_Landing,Home & Kitchen,
sess_55af8f41,usr_1102,2026-07-02 21:17:59,2_Product_View,Electronics,
sess_9e28b047,usr_1518,02/07/2026 08:10:12,4_Purchase,Home & Kitchen,202.85
sess_77cf3a0d,usr_1588,2026-07-09 11:07:34,4_Purchase,Home & Kitchen,123.95
sess_460f4b68,usr_2571,2026-07-02 17:24:38,1_Landing,Clothing,
sess_a7c459bd,usr_0899,2026-07-07 05:35:29,1_Landing,Home & Kitchen,
sess_4ef40b24,usr_2203,09/07/2026 15:31:56,1_Landing,Clothing,
sess_7f256513,usr_2116,2026-07-03 03:48:28,1_Landing,Home & Kitchen,
sess_02a79edf,usr_1997,2026-07-08 12:53:46,4_Purchase,Home & Kitchen,75.02
sess_95862bba,usr_1893,09/07/2026 03:25:11,4_Purchase,Home & Kitchen,86.34
sess_d0cf78b3,usr_1286,2026-07-04 03:23:06,4_Purchase,Clothing,66.35
sess_3c726e03,usr_0444,2026-07-10 01:11:38,1_Landing,Books,
sess_65f38b98,usr_1506,04/07/2026 17:13:46,3_Add_to_Cart,Home & Kitchen,
sess_d7fb74c0,usr_2315,2026-07-05 02:11:13,2_Product_View,Electronics,
sess_d0156c4c,usr_0763,2026-07-10 09:40:57,1_Landing,Electronics,
sess_a6b4366e,usr_2087,2026-07-02 08:37:18,1_Landing,Books,
sess_87249cfc,usr_0986,2026-07-02 00:30:08,1_Landing,Books,
sess_e5dc7066,usr_0223,06/07/2026 11:41:03,4_Purchase,Books,38.11
sess_3070fae0,usr_1808,2026-07-05T22:50:23Z,1_Landing,Books,
sess_11dc164a,usr_1868,2026-07-08 14:40:24,3_Add_to_Cart,Books,
sess_2c8ceddc,usr_0974,2026-07-02 05:50:42,2_Product_View,Books,
sess_7a4347eb,usr_1898,2026-07-07 21:16:37,2_Product_View,Electronics,
sess_19e1bcc1,usr_1646,2026-07-07 01:43:49,2_Product_View,Books,
sess_4ccc854f,usr_0180,2026-07-02 04:20:00,2_Product_View,Clothing,
sess_85d71303,usr_1114,2026-07-07 06:25:11,1_Landing,Home & Kitchen,
sess_450a7fc7,usr_0576,2026-07-02T00:54:32Z,1_Landing,Electronics,
sess_38b0da2e,usr_2490,05/07/2026 00:51:28,1_Landing,Clothing,
sess_c31827c2,usr_1619,2026-07-05 04:54:43,3_Add_to_Cart,Clothing,
sess_e492ebcd,usr_2770,2026-07-04 12:46:37,1_Landing,Home & Kitchen,
sess_94aeb2e2,usr_1739,2026-07-07T01:33:17Z,2_Product_View,Clothing,
sess_38f4000f,usr_1100,2026-07-09 07:25:12,4_Purchase,Home & Kitchen,29.34
sess_4069c6b8,usr_0938,2026-07-07 15:48:07,1_Landing,Home & Kitchen,
sess_79739705,usr_0536,2026-07-07 10:18:28,1_Landing,Home & Kitchen,
sess_99c7b757,usr_1255,2026-07-02T10:51:11Z,3_Add_to_Cart,Books,
sess_de510b62,usr_0007,2026-07-06 01:26:15,3_Add_to_Cart,Clothing,
sess_066927cb,usr_1056,2026-07-07 05:09:32,1_Landing,Books,
sess_135f229f,usr_0840,2026-07-07 22:51:50,1_Landing,Home & Kitchen,
sess_b44ad4c7,usr_1911,2026-07-04 03:06:46,2_Product_View,Clothing,
sess_d1716815,usr_2238,2026-07-04 10:19:15,1_Landing,Books,
sess_f979b1e0,usr_1390,2026-07-10 00:34:01,1_Landing,Clothing,
sess_563dd9f6,usr_2462,2026-07-02 03:08:12,1_Landing,Clothing,
sess_75a498ac,usr_0126,2026-07-09 01:39:04,1_Landing,Books,
sess_3eeb30e3,usr_1258,2026-07-08 18:18:01,2_Product_View,Books,
sess_f90f299f,usr_1186,07/07/2026 14:29:07,2_Product_View,Home & Kitchen,
sess_f6612b89,usr_0231,2026-07-07 18:04:08,1_Landing,Books,
sess_2baaa47d,usr_0544,2026-07-10T21:47:35Z,1_Landing,Electronics,
sess_584cc007,usr_0038,2026-07-05 01:05:40,1_Landing,Books,
sess_7e35a7ff,usr_0722,2026-07-06 12:49:20,2_Product_View,Books,
sess_03c98070,usr_1956,2026-07-05 13:46:14,3_Add_to_Cart,Electronics,
sess_78460bdd,usr_0138,2026-07-04 21:46:43,1_Landing,Clothing,
sess_4e7b1ac2,usr_1268,2026-07-10T14:10:43Z,1_Landing,Electronics,
sess_088b99dd,usr_0232,08/07/2026 14:59:26,2_Product_View,Electronics,
sess_50d601ef,usr_0101,2026-07-02 14:44:19,1_Landing,Books,
sess_dadc0104,usr_1315,2026-07-02 15:10:07,1_Landing,Books,
sess_0c9c54ad,usr_1845,2026-07-07T09:09:08Z,3_Add_to_Cart,Books,
sess_81b5daab,usr_2722,2026-07-10 23:19:40,3_Add_to_Cart,Home & Kitchen,
sess_c33446bc,usr_1475,2026-07-10 19:53:25,1_Landing,Home & Kitchen,
sess_71c74c49,usr_1313,2026-07-05 10:30:09,1_Landing,Clothing,
sess_0c05b473,usr_0692,2026-07-07 01:41:36,4_Purchase,Electronics,745.0
sess_0a912e6d,usr_0113,2026-07-02 21:05:27,2_Product_View,Books,
sess_3ac9c4cc,usr_2054,2026-07-02 19:57:26,1_Landing,Home & Kitchen,
sess_701f9ae9,usr_0299,2026-07-01 17:34:11,3_Add_to_Cart,Books,
sess_98cf484d,usr_2732,2026-07-03 03:10:40,3_Add_to_Cart,Clothing,
sess_0cf47aa8,usr_1148,2026-07-07T22:42:30Z,1_Landing,Home & Kitchen,
sess_ca825e41,usr_2510,2026-07-03 22:18:53,2_Product_View,Clothing,
sess_28f1ef63,usr_1164,2026-07-04 11:59:41,2_Product_View,Clothing,
sess_ad740d72,usr_0331,2026-07-10 16:10:43,1_Landing,Clothing,
sess_69e9623b,usr_0324,2026-07-09T23:22:03Z,1_Landing,Electronics,
sess_17b58b4a,usr_1165,2026-07-04 03:51:53,1_Landing,Electronics,
sess_21cf7d6f,usr_1736,2026-07-03 17:29:03,2_Product_View,Electronics,
sess_836a9b92,usr_0889,2026-07-01 23:46:50,2_Product_View,Clothing,
sess_226faa62,usr_2518,2026-07-07 19:06:07,4_Purchase,Books,10.2
sess_36da1914,usr_1923,2026-07-01 15:15:14,1_Landing,Home & Kitchen,
sess_69e9623b,usr_0324,2026-07-09T23:22:03Z,1_Landing,Electronics,
sess_b82b8db4,usr_1756,2026-07-04 21:05:47,1_Landing,Clothing,
sess_d57cc522,usr_1846,2026-07-08 05:06:05,4_Purchase,Electronics,946.33
sess_73bdf79c,usr_1521,2026-07-07 01:47:40,2_Product_View,Clothing,
sess_0f1922bb,usr_2753,2026-07-03 12:29:06,1_Landing,Books,
sess_1b6aacd9,usr_0391,2026-07-01 18:21:03,4_Purchase,Electronics,778.75
sess_4a8be429,usr_1296,2026-07-07 15:43:34,1_Landing,Clothing,
sess_8e29bda7,usr_2301,2026-07-01 21:07:10,1_Landing,Electronics,
sess_17240708,usr_2485,2026-07-02 01:00:12,1_Landing,Home & Kitchen,
sess_55346919,usr_2268,2026-07-08T12:59:03Z,1_Landing,Books,
sess_80d326e6,usr_2235,2026-07-03 21:45:06,3_Add_to_Cart,Books,
sess_feebf4e7,usr_2543,2026-07-04T23:07:27Z,4_Purchase,Electronics,631.0
sess_263d25e8,usr_1103,2026-07-04 19:50:42,1_Landing,Books,
sess_e82bf019,usr_0342,2026-07-02 07:54:21,2_Product_View,Electronics,
sess_fc7fe5b4,usr_2232,2026-07-09 22:06:07,1_Landing,Electronics,
sess_b4e9808f,usr_1842,2026-07-07 07:23:58,1_Landing,Clothing,
sess_0756ccbe,usr_1637,2026-07-03 15:19:07,2_Product_View,Clothing,
sess_e9bc4872,usr_0896,2026-07-09 02:13:46,1_Landing,Books,
sess_75c2449e,usr_2206,2026-07-07 09:10:01,1_Landing,Home & Kitchen,
sess_a8db96e5,usr_2393,2026-07-02T01:28:37Z,1_Landing,Electronics,
sess_070a7346,usr_1439,2026-07-06 15:01:15,1_Landing,Clothing,
sess_912688b9,usr_1540,2026-07-07 11:08:25,1_Landing,Books,
sess_c9ee9bd6,usr_1109,2026-07-08 09:38:21,1_Landing,Clothing,
sess_0a47882c,usr_1969,2026-07-10 10:34:40,1_Landing,Clothing,
sess_b1d3888b,usr_0947,2026-07-08 21:09:24,2_Product_View,Clothing,
sess_a36060d0,usr_0245,2026-07-04 06:37:22,1_Landing,Books,
sess_679bef8b,usr_0861,2026-07-08 15:16:49,2_Product_View,Electronics,
sess_365f91b7,usr_1138,2026-07-04 14:28:54,1_Landing,Books,
sess_122881da,usr_1759,2026-07-03 10:27:23,1_Landing,Home & Kitchen,
sess_0313555a,usr_2261,2026-07-10T12:58:56Z,1_Landing,Books,
sess_3155499a,usr_1183,2026-07-05 15:08:53,2_Product_View,Clothing,
sess_84ad45f8,usr_0392,02/07/2026 20:49:37,3_Add_to_Cart,Books,
sess_c6f35e3b,usr_0258,2026-07-10 15:17:29,2_Product_View,Home & Kitchen,
sess_ad87cde3,usr_0259,2026-07-05 22:13:44,1_Landing,Home & Kitchen,
sess_e188398c,usr_2095,2026-07-07 05:52:31,1_Landing,Home & Kitchen,
sess_2a21360e,usr_1492,2026-07-06 02:26:38,1_Landing,Electronics,
sess_59a5bfe6,usr_2416,2026-07-10T22:23:35Z,4_Purchase,Books,45.71
sess_aa7d9c8d,usr_2487,2026-07-02 10:01:57,1_Landing,Books,
sess_71a40c95,usr_1224,2026-07-06 04:52:18,1_Landing,Books,
sess_099377b3,usr_1127,2026-07-04 07:57:12,1_Landing,Electronics,
sess_81e3786e,usr_2709,2026-07-02 04:05:05,1_Landing,Clothing,
sess_84ad45f8,usr_0392,2026-07-02 20:34:34,1_Landing,Books,
sess_d57cc522,usr_1846,2026-07-08 04:53:51,2_Product_View,Electronics,
sess_670bac74,usr_2089,2026-07-09 03:43:22,3_Add_to_Cart,Clothing,
sess_92c9d037,usr_0765,2026-07-09T11:35:20Z,1_Landing,Clothing,
sess_cf6d2402,usr_0963,2026-07-07 06:09:06,1_Landing,Clothing,
sess_38a39d9e,usr_0327,2026-07-03 21:37:42,1_Landing,Books,
sess_f29dc517,usr_2495,2026-07-10 02:33:28,2_Product_View,Books,
sess_38ec08c0,usr_0923,2026-07-07 06:45:34,2_Product_View,Books,
sess_a2880fad,usr_0185,2026-07-10 19:32:24,1_Landing,Electronics,
sess_74923c34,usr_2698,2026-07-04 23:37:35,1_Landing,Clothing,
sess_5853deec,usr_1949,2026-07-01 20:56:07,2_Product_View,Books,
sess_30b0d3ba,usr_0053,10/07/2026 18:28:34,3_Add_to_Cart,Clothing,
sess_13599b34,usr_0188,2026-07-06 12:11:39,2_Product_View,Clothing,
sess_1291f4ad,usr_0103,2026-07-10 08:12:58,2_Product_View,Home & Kitchen,
sess_0895f3eb,usr_1130,07/07/2026 12:02:48,3_Add_to_Cart,Books,
sess_c5a0bb39,usr_2354,2026-07-09 11:20:26,3_Add_to_Cart,Home & Kitchen,
sess_28b55ef7,usr_0816,2026-07-10 12:11:41,1_Landing,Clothing,
sess_4dd44ef6,usr_1464,2026-07-09 03:17:06,2_Product_View,Electronics,
sess_676e85d0,usr_2220,2026-07-02 19:54:56,2_Product_View,Electronics,
sess_3032ca34,usr_2778,2026-07-07 07:00:09,1_Landing,Home & Kitchen,
sess_a07ece35,usr_1841,2026-07-04 18:59:02,3_Add_to_Cart,Books,
sess_25a7db0c,usr_0486,2026-07-10 22:59:17,3_Add_to_Cart,Electronics,
sess_b3e7829b,usr_2785,2026-07-07 15:25:17,2_Product_View,Electronics,
sess_f3bf3950,usr_1282,2026-07-01 21:53:21,1_Landing,Clothing,
sess_476040c2,usr_1778,2026-07-09 03:54:22,2_Product_View,Home & Kitchen,
sess_71cbde54,usr_2357,2026-07-01 04:57:22,2_Product_View,Electronics,
sess_bf13b205,usr_2471,2026-07-08 19:39:13,1_Landing,Electronics,
sess_6bbc4eed,usr_0179,2026-07-06 23:52:41,1_Landing,Home & Kitchen,
sess_36e8c2cb,usr_0637,2026-07-07 03:58:26,2_Product_View,Electronics,
sess_a456dc00,usr_1726,2026-07-04 05:26:50,2_Product_View,Books,
sess_8a490ce0,usr_2155,2026-07-09 16:47:45,2_Product_View,Clothing,
sess_dc92631b,usr_1233,2026-07-04 06:51:47,1_Landing,Clothing,
sess_9a1d2a44,usr_1839,2026-07-09T17:05:55Z,2_Product_View,Books,
sess_c8bf27bc,usr_2615,2026-07-09 20:53:38,2_Product_View,Electronics,
sess_58dc946f,usr_1115,06/07/2026 00:06:31,2_Product_View,Electronics,
sess_670bac74,usr_2089,2026-07-09 03:36:40,2_Product_View,Clothing,
sess_b410e873,usr_1305,2026-07-08 07:50:43,2_Product_View,Clothing,
sess_b9df7abb,usr_1733,2026-07-01 12:50:42,2_Product_View,Books,
sess_5bde0a5e,usr_1042,2026-07-02T10:20:25Z,1_Landing,Electronics,
sess_49a91d54,usr_2630,2026-07-10 07:09:17,3_Add_to_Cart,Clothing,
sess_168f5498,usr_0388,2026-07-08T12:07:15Z,1_Landing,Clothing,
sess_14fa63bd,usr_0653,2026-07-07T07:16:05Z,1_Landing,Books,
sess_7e2f5ed4,usr_0168,2026-07-09T06:34:38Z,3_Add_to_Cart,Electronics,
sess_a7471181,usr_1807,2026-07-07 06:06:09,2_Product_View,Clothing,
sess_67f958f3,usr_1605,2026-07-04 14:23:33,1_Landing,Electronics,
sess_df2f95b8,usr_1314,2026-07-03T01:10:52Z,3_Add_to_Cart,Books,
sess_9449d124,usr_1044,2026-07-07 12:56:43,1_Landing,Home & Kitchen,
sess_a3d488c5,usr_0714,2026-07-10 05:35:57,3_Add_to_Cart,Clothing,
sess_7cecb17d,usr_0632,2026-07-06 19:55:16,1_Landing,Home & Kitchen,
sess_24e4b6d8,usr_1998,2026-07-09T08:30:04Z,1_Landing,Home & Kitchen,
sess_67c2094e,usr_0219,07/07/2026 19:58:17,2_Product_View,Electronics,
sess_8992a4c0,usr_0853,2026-07-03 12:27:48,2_Product_View,Books,
sess_2f777f6a,usr_1669,2026-07-09 13:52:46,4_Purchase,Books,39.28
sess_e3dc08b9,usr_0182,2026-07-10 20:54:29,3_Add_to_Cart,Books,
sess_f68d1b64,usr_1955,2026-07-01 11:21:28,2_Product_View,Electronics,
sess_41a4c378,usr_0112,05/07/2026 17:00:35,1_Landing,Clothing,
sess_cff993cd,usr_0540,2026-07-09 17:47:28,2_Product_View,Clothing,
sess_9b73789a,usr_0071,2026-07-07 18:36:42,1_Landing,Electronics,
sess_259fa6e1,usr_2716,2026-07-06 21:51:16,1_Landing,Books,
sess_f9f07e33,usr_1567,2026-07-05 16:07:30,3_Add_to_Cart,Electronics,
sess_5d71f396,usr_2439,2026-07-06 07:59:31,3_Add_to_Cart,Books,
sess_eea103ec,usr_1802,2026-07-05 19:36:05,1_Landing,Electronics,
sess_a71ff0ca,usr_0204,2026-07-04 00:36:48,3_Add_to_Cart,Home & Kitchen,
sess_a52fad19,usr_2477,2026-07-10 14:10:33,1_Landing,Clothing,
sess_e66a2fd7,usr_1874,2026-07-06 19:59:48,1_Landing,Books,
sess_9ee95a7f,usr_1750,01/07/2026 00:21:01,1_Landing,Home & Kitchen,
sess_9db6b315,usr_1067,2026-07-08 17:12:35,2_Product_View,Clothing,
sess_81336c7a,usr_0037,2026-07-05 19:25:25,2_Product_View,Home & Kitchen,
sess_3c5b0c8d,usr_1817,2026-07-10 15:27:45,1_Landing,Electronics,
sess_e6358a6f,usr_1653,2026-07-02 13:07:50,1_Landing,Home & Kitchen,
sess_57b16696,usr_0426,2026-07-05 15:12:19,3_Add_to_Cart,Home & Kitchen,
sess_32f98efa,usr_0523,2026-07-02 15:37:07,2_Product_View,Books,
sess_ec2fe53b,usr_1942,01/07/2026 06:50:10,3_Add_to_Cart,Electronics,
sess_b865464c,usr_2237,2026-07-10T06:45:55Z,2_Product_View,Clothing,
sess_79f15cb1,usr_2019,03/07/2026 20:59:01,2_Product_View,Home & Kitchen,
sess_60e5e330,usr_1519,2026-07-02T09:50:37Z,3_Add_to_Cart,Electronics,
sess_e62d2915,usr_2247,2026-07-05 04:49:27,1_Landing,Clothing,
sess_c9cf3975,usr_1337,2026-07-04 14:05:30,3_Add_to_Cart,Home & Kitchen,
sess_b1554770,usr_2751,2026-07-04 15:26:57,1_Landing,Clothing,
sess_0d484a2d,usr_2703,2026-07-08 10:52:16,1_Landing,Books,
sess_7db9ca82,usr_0432,04/07/2026 18:54:51,1_Landing,Electronics,
sess_71065e68,usr_1527,2026-07-02 20:29:16,2_Product_View,Books,
sess_964f69df,usr_0035,2026-07-09 06:32:16,1_Landing,Electronics,
sess_73bdf79c,usr_1521,2026-07-07 01:58:58,4_Purchase,Clothing,52.28
sess_e579f20d,usr_1147,2026-07-07 05:07:08,1_Landing,Books,
sess_ba7b8cb8,usr_1405,2026-07-07 01:57:34,1_Landing,Clothing,
sess_b8934e45,usr_2740,2026-07-03 02:27:54,3_Add_to_Cart,Clothing,
sess_00c08b42,usr_1889,2026-07-02 11:00:42,3_Add_to_Cart,Books,
sess_a3607f19,usr_0382,2026-07-03 15:17:05,2_Product_View,Books,
sess_a5db5ff6,usr_2270,2026-07-06 23:26:47,4_Purchase,Home & Kitchen,257.87
sess_a26cc5cf,usr_1699,2026-07-04 22:45:29,1_Landing,Clothing,
sess_30675094,usr_0395,03/07/2026 03:01:55,2_Product_View,Home & Kitchen,
sess_b73a1ec3,usr_1162,2026-07-08 22:13:34,2_Product_View,Clothing,
sess_b2a710e9,usr_1918,2026-07-08 08:35:21,1_Landing,Home & Kitchen,
sess_dda23d53,usr_2194,07/07/2026 15:03:34,2_Product_View,Home & Kitchen,
sess_035ecba2,usr_2003,2026-07-03 21:32:46,3_Add_to_Cart,Electronics,
sess_563dd9f6,usr_2462,2026-07-02 03:08:12,1_Landing,Clothing,
sess_a07ece35,usr_1841,04/07/2026 18:56:03,2_Product_View,Books,
sess_8de8285a,usr_2347,2026-07-10 22:46:07,1_Landing,Books,
sess_d8d0d8e3,usr_2168,2026-07-02 16:37:14,1_Landing,Electronics,
sess_2c207ffd,usr_1111,2026-07-07 11:21:44,3_Add_to_Cart,Electronics,
sess_6ddf6b6f,usr_0213,2026-07-08 20:11:51,1_Landing,Books,
sess_559a3e38,usr_0195,2026-07-08 01:26:23,1_Landing,Clothing,
sess_1bbf159a,usr_2310,2026-07-05 07:00:12,1_Landing,Home & Kitchen,
sess_6488ec19,usr_1707,2026-07-05 17:15:21,1_Landing,Home & Kitchen,
sess_8ed97225,usr_1143,2026-07-04 12:12:40,2_Product_View,Books,
sess_0e4329ce,usr_0048,2026-07-06 20:32:25,1_Landing,Home & Kitchen,
sess_2482c8fd,usr_1355,2026-07-06 14:53:45,4_Purchase,Electronics,461.46
sess_9870dc9c,usr_2788,2026-07-02 19:00:21,1_Landing,Clothing,
sess_f7e56398,usr_1902,2026-07-04T13:21:25Z,2_Product_View,Home & Kitchen,
sess_066927cb,usr_1056,2026-07-07T05:31:56Z,3_Add_to_Cart,Books,
sess_53583db1,usr_2083,2026-07-09 13:45:48,2_Product_View,Clothing,
sess_a48caba4,usr_1768,2026-07-03 21:46:58,4_Purchase,Clothing,85.88
sess_6d584ac7,usr_0998,2026-07-08 21:06:56,1_Landing,Clothing,
sess_f60bc0b9,usr_0739,2026-07-06 02:03:06,1_Landing,Home & Kitchen,
sess_a8213920,usr_0907,2026-07-10 01:22:45,3_Add_to_Cart,Clothing,
sess_2f777f6a,usr_1669,2026-07-09 13:45:06,3_Add_to_Cart,Books,
sess_e84ae504,usr_2079,2026-07-05 07:31:56,1_Landing,Electronics,
sess_0f459638,usr_2005,2026-07-01 13:09:56,2_Product_View,Books,
sess_ed042b48,usr_0311,09/07/2026 14:23:03,1_Landing,Clothing,
sess_598f92dd,usr_0803,2026-07-04 18:58:09,2_Product_View,Clothing,
sess_a8db96e5,usr_2393,2026-07-02 01:36:44,2_Product_View,Electronics,
sess_d848f2b4,usr_0888,2026-07-02 00:25:59,1_Landing,Home & Kitchen,
sess_47d67788,usr_1301,2026-07-09 03:20:20,3_Add_to_Cart,Clothing,
sess_3250c770,usr_2413,2026-07-04 12:36:05,1_Landing,Clothing,
sess_cd23530c,usr_0084,08/07/2026 21:01:57,4_Purchase,Clothing,64.82
sess_e541af18,usr_0916,2026-07-08 04:06:48,3_Add_to_Cart,Electronics,
sess_f4dcdf77,usr_1201,08/07/2026 20:58:39,1_Landing,Books,
sess_d939d656,usr_0992,2026-07-09 21:48:02,3_Add_to_Cart,Clothing,
sess_479fd213,usr_0350,2026-07-08 18:31:37,2_Product_View,Clothing,
sess_f4ea5949,usr_1245,2026-07-02 03:41:29,2_Product_View,Electronics,
sess_cba83fc6,usr_1017,2026-07-10 19:23:44,1_Landing,Home & Kitchen,
sess_47f46148,usr_0248,10/07/2026 21:41:32,2_Product_View,Home & Kitchen,
sess_bea440a8,usr_2408,2026-07-03 03:05:28,1_Landing,Books,
sess_48f60476,usr_0234,2026-07-09T04:19:10Z,1_Landing,Electronics,
sess_904e0744,usr_0390,2026-07-06 17:43:11,1_Landing,Books,
sess_af1e5746,usr_2675,2026-07-03 07:10:45,2_Product_View,Clothing,
sess_750e4610,usr_0080,2026-07-08 14:01:57,3_Add_to_Cart,Books,
sess_c2053a09,usr_1033,2026-07-09 08:57:09,1_Landing,Electronics,
sess_d4d30799,usr_1216,2026-07-04 23:36:23,3_Add_to_Cart,Home & Kitchen,
sess_f8ffee67,usr_1910,03/07/2026 10:24:55,1_Landing,Electronics,
sess_7c43a84b,usr_2756,2026-07-06 05:43:51,2_Product_View,Clothing,
sess_79b4f682,usr_1293,2026-07-06 14:40:45,1_Landing,Home & Kitchen,
sess_29a22e41,usr_0117,03/07/2026 14:34:30,1_Landing,Books,
sess_6e595b43,usr_1027,2026-07-10 22:48:15,2_Product_View,Home & Kitchen,
sess_bb921f34,usr_1153,2026-07-07 07:23:10,3_Add_to_Cart,Clothing,
sess_0272b528,usr_1566,2026-07-01 17:55:46,2_Product_View,Books,
sess_bde41771,usr_1079,2026-07-10 08:53:43,1_Landing,Home & Kitchen,
sess_735e04dd,usr_0456,2026-07-02 20:49:48,2_Product_View,Home & Kitchen,
sess_7040a993,usr_0731,2026-07-09 19:12:13,2_Product_View,Books,
sess_0782040b,usr_0979,2026-07-01 01:10:49,2_Product_View,Clothing,
sess_91f9e0e2,usr_1797,2026-07-06 09:06:58,1_Landing,Clothing,
sess_aac26bc9,usr_1367,2026-07-07T22:42:02Z,2_Product_View,Clothing,
sess_226faa62,usr_2518,2026-07-07 18:50:02,2_Product_View,Books,
sess_a235a13d,usr_1857,2026-07-03 17:22:29,2_Product_View,Clothing,
sess_2a4fc2d4,usr_0372,2026-07-08T15:34:31Z,2_Product_View,Home & Kitchen,
sess_095ad4bc,usr_1168,07/07/2026 20:33:55,3_Add_to_Cart,Electronics,
sess_8f068a15,usr_1252,05/07/2026 21:27:44,1_Landing,Electronics,
sess_dd3ff787,usr_2201,2026-07-07 08:53:33,1_Landing,Electronics,
sess_858b234f,usr_2729,2026-07-01 13:24:04,1_Landing,Clothing,
sess_450b1bd0,usr_0615,2026-07-02 17:18:46,1_Landing,Electronics,
sess_eb033d88,usr_0253,01/07/2026 18:30:10,1_Landing,Clothing,
sess_31630c61,usr_1886,2026-07-06 08:12:32,1_Landing,Clothing,
sess_fa21f195,usr_2566,2026-07-02 12:01:31,2_Product_View,Clothing,
sess_b7832d23,usr_2636,2026-07-05 17:55:16,1_Landing,Books,
sess_12c878de,usr_2078,2026-07-07 15:01:21,1_Landing,Clothing,
sess_5532c2c1,usr_0434,2026-07-10 01:01:13,3_Add_to_Cart,Home & Kitchen,
sess_e4a64dda,usr_0784,2026-07-09 11:09:10,2_Product_View,Electronics,
sess_2f739563,usr_1537,2026-07-08 00:23:42,2_Product_View,Clothing,
sess_19d10ba2,usr_2334,2026-07-01 17:20:34,2_Product_View,Home & Kitchen,
sess_3a21b9d4,usr_1124,02/07/2026 15:54:14,2_Product_View,Clothing,
sess_b410e873,usr_1305,08/07/2026 07:46:46,1_Landing,Clothing,
sess_d7fb74c0,usr_2315,2026-07-05 02:02:49,1_Landing,Electronics,
sess_fe5d613b,usr_1046,2026-07-08 20:13:56,1_Landing,Books,
sess_ad49ec65,usr_0386,2026-07-05 20:05:15,1_Landing,Clothing,
sess_a91e5d88,usr_0808,2026-07-05 09:01:31,2_Product_View,Home & Kitchen,
sess_07cc75f2,usr_1914,03/07/2026 07:33:31,1_Landing,Home & Kitchen,
sess_47e4a68e,usr_1878,2026-07-05 09:06:51,1_Landing,Clothing,
sess_d0156c4c,usr_0763,2026-07-10T09:54:29Z,3_Add_to_Cart,Electronics,
sess_77cf3a0d,usr_1588,2026-07-09T10:39:56Z,1_Landing,Home & Kitchen,
sess_4bd33983,usr_1908,2026-07-08 14:20:59,1_Landing,Books,
sess_718c3b02,usr_1671,2026-07-07 09:00:34,1_Landing,Clothing,
sess_c0ee4aae,usr_0211,2026-07-01T12:02:46Z,2_Product_View,Home & Kitchen,
sess_0d65706f,usr_0056,2026-07-05 07:51:12,1_Landing,Clothing,
sess_d5716754,usr_2570,2026-07-04 15:34:48,1_Landing,Home & Kitchen,
sess_9d99dfb2,usr_1941,01/07/2026 17:00:03,2_Product_View,Books,
sess_5314bb0c,usr_1665,2026-07-05 17:47:31,1_Landing,Electronics,
sess_9e595777,usr_0411,2026-07-10 18:03:27,1_Landing,Electronics,
sess_ce80063c,usr_0710,2026-07-07 00:35:17,1_Landing,Home & Kitchen,
sess_8635d3f6,usr_0700,2026-07-04 21:23:09,1_Landing,Clothing,
sess_037f8a92,usr_1097,2026-07-03T10:19:04Z,1_Landing,Clothing,
sess_58d02454,usr_2605,2026-07-07 13:09:10,2_Product_View,Home & Kitchen,
sess_d442a843,usr_0798,2026-07-01 20:32:19,2_Product_View,Home & Kitchen,
sess_dadafe78,usr_0831,2026-07-10 08:02:35,2_Product_View,Clothing,
sess_931f24dd,usr_0919,2026-07-09 18:04:06,1_Landing,Clothing,
sess_3d36fe72,usr_1687,2026-07-08 08:09:28,3_Add_to_Cart,Books,
sess_0616c41c,usr_0304,2026-07-08 17:47:54,2_Product_View,Books,
sess_8ce37c2a,usr_2755,2026-07-04 07:57:12,2_Product_View,Clothing,
sess_6b1c54a7,usr_0200,2026-07-08 11:35:59,1_Landing,Electronics,
sess_6e63ce5e,usr_1594,2026-07-10 04:10:02,2_Product_View,Electronics,
sess_b5dd4ae1,usr_1179,2026-07-04 19:55:24,1_Landing,Clothing,
sess_b5ddd64b,usr_0447,2026-07-08 12:22:34,1_Landing,Books,
sess_b107512b,usr_1810,2026-07-06 17:22:04,1_Landing,Clothing,
sess_5adc2d87,usr_0088,2026-07-02 06:23:14,2_Product_View,Home & Kitchen,
sess_09e16e18,usr_0600,2026-07-10 23:58:48,1_Landing,Home & Kitchen,
sess_b86f1250,usr_0685,2026-07-10T00:33:08Z,1_Landing,Home & Kitchen,
sess_89f40704,usr_2325,2026-07-06 10:10:43,2_Product_View,Electronics,
sess_968a4398,usr_1473,2026-07-08 19:42:11,1_Landing,Books,
sess_a12ec69e,usr_1087,2026-07-04 02:52:39,1_Landing,Home & Kitchen,
sess_6000b17d,usr_0498,2026-07-06 09:18:25,2_Product_View,Clothing,
sess_20a0edc1,usr_0229,2026-07-04 15:01:23,1_Landing,Clothing,
sess_c114c67c,usr_0752,08/07/2026 14:09:06,2_Product_View,Home & Kitchen,
sess_877790e7,usr_0551,2026-07-01 04:59:20,1_Landing,Clothing,
sess_d1be5ee2,usr_0999,2026-07-07 11:37:59,1_Landing,Electronics,
sess_cbae2b18,usr_2661,2026-07-01T04:26:35Z,1_Landing,Electronics,
sess_dd1b4ebf,usr_0344,2026-07-08T11:25:29Z,1_Landing,Clothing,
sess_991d225f,usr_2519,2026-07-10 23:41:11,2_Product_View,Electronics,
sess_ca436606,usr_1239,2026-07-01 18:49:23,2_Product_View,Clothing,
sess_3368b854,usr_0321,2026-07-09 18:56:22,2_Product_View,Home & Kitchen,
sess_01eebb1f,usr_1220,2026-07-02 18:23:08,1_Landing,Clothing,
sess_0b4abe03,usr_1431,2026-07-07 10:01:11,1_Landing,Books,
sess_4b51eba6,usr_1002,2026-07-01 20:39:28,1_Landing,Home & Kitchen,
sess_4a11c024,usr_1794,2026-07-06 14:57:50,2_Product_View,Electronics,
sess_a938d34b,usr_2036,2026-07-02 14:45:51,1_Landing,Clothing,
sess_0dcc51f8,usr_1554,2026-07-08 13:34:33,2_Product_View,Electronics,
sess_d7c45de1,usr_2049,2026-07-07T04:00:18Z,1_Landing,Electronics,
sess_ccce586e,usr_2316,2026-07-10T16:43:28Z,2_Product_View,Electronics,
sess_b6f3c58e,usr_1373,2026-07-04 07:49:29,1_Landing,Books,
sess_2c54b907,usr_0553,2026-07-09 02:50:32,1_Landing,Clothing,
sess_d90f77f5,usr_2298,2026-07-03 10:33:36,1_Landing,Clothing,
sess_75a498ac,usr_0126,2026-07-09 01:39:04,1_Landing,Books,
sess_1a871434,usr_2714,2026-07-08T03:11:11Z,1_Landing,Electronics,
sess_8212b1e8,usr_0964,2026-07-08 17:23:44,1_Landing,Electronics,
sess_008586f8,usr_2327,2026-07-07 18:48:39,2_Product_View,Books,
sess_04cd049f,usr_0193,2026-07-09 17:53:47,1_Landing,Electronics,
sess_f307fe0b,usr_1274,2026-07-07 11:00:06,1_Landing,Clothing,
sess_b1d3888b,usr_0947,2026-07-08 21:14:27,3_Add_to_Cart,Clothing,
sess_4fcecb54,usr_1544,2026-07-08 23:53:27,1_Landing,Books,
sess_f77ae12a,usr_2674,2026-07-01 16:48:43,1_Landing,Home & Kitchen,
sess_1e1d93fe,usr_1829,2026-07-09 05:02:54,2_Product_View,Clothing,
sess_9468ad6e,usr_0427,2026-07-01 02:17:24,1_Landing,Books,
sess_4f6ec5a8,usr_0270,2026-07-05 01:03:18,2_Product_View,Clothing,
sess_98a46f19,usr_1890,2026-07-08 12:24:02,1_Landing,Clothing,
sess_909c8ca4,usr_0039,2026-07-08 17:47:31,2_Product_View,Clothing,
sess_11dc164a,usr_1868,2026-07-08 14:31:11,2_Product_View,Books,
sess_0616c41c,usr_0304,2026-07-08 17:47:54,2_Product_View,Books,
sess_1a74abe0,usr_1965,2026-07-06 23:35:34,1_Landing,Home & Kitchen,
sess_841a592e,usr_2530,2026-07-02 03:36:55,2_Product_View,Electronics,
sess_996e3996,usr_1013,2026-07-03 12:14:24,2_Product_View,Clothing,
sess_0756ccbe,usr_1637,2026-07-03 15:22:34,3_Add_to_Cart,Clothing,
sess_38ad0a44,usr_2084,2026-07-01 00:42:46,3_Add_to_Cart,Clothing,
sess_6e63ce5e,usr_1594,2026-07-10 04:06:46,1_Landing,Electronics,
sess_65766eb2,usr_2526,2026-07-05 13:04:29,2_Product_View,Books,
sess_ce0f1d26,usr_2119,2026-07-08 20:22:01,1_Landing,Clothing,
sess_f2f3ad22,usr_2253,2026-07-10 19:41:15,2_Product_View,Clothing,
sess_cf027333,usr_1507,2026-07-05T02:32:25Z,3_Add_to_Cart,Books,
sess_c9747d7e,usr_1753,2026-07-03T20:00:10Z,2_Product_View,Books,
sess_e7df2e1b,usr_1289,2026-07-08 11:32:19,2_Product_View,Home & Kitchen,
sess_d270f318,usr_2122,2026-07-07T10:41:23Z,1_Landing,Books,
sess_e32c0d4e,usr_0854,2026-07-10 01:17:08,1_Landing,Electronics,
sess_2e43efcd,usr_0533,2026-07-08 00:49:14,2_Product_View,Clothing,
sess_45ddec9b,usr_1501,2026-07-04T02:37:00Z,1_Landing,Clothing,
sess_eb54dded,usr_1004,2026-07-02 12:37:49,4_Purchase,Books,23.11
sess_d2d51f3a,usr_1290,06/07/2026 11:47:51,1_Landing,Clothing,
sess_0cb5123e,usr_2278,2026-07-02 20:19:26,2_Product_View,Clothing,
sess_01bc54e9,usr_2655,04/07/2026 02:29:30,3_Add_to_Cart,Books,
sess_0dbb3eac,usr_2062,2026-07-01 14:25:21,1_Landing,Home & Kitchen,
sess_2c9dca09,usr_0114,07/07/2026 15:44:11,3_Add_to_Cart,Home & Kitchen,
sess_58d1f6cb,usr_2144,2026-07-03 18:14:34,2_Product_View,Home & Kitchen,
sess_2bf29832,usr_2335,2026-07-08 14:20:16,1_Landing,Home & Kitchen,
sess_27fe9335,usr_0575,2026-07-09 06:16:46,1_Landing,Clothing,
sess_cc15d2e0,usr_1463,2026-07-08 19:44:12,1_Landing,Electronics,
sess_4cb39330,usr_0924,2026-07-02 10:39:45,2_Product_View,Electronics,
sess_0fac56ed,usr_2558,2026-07-09 08:41:14,4_Purchase,Books,46.74
sess_a5ebcf3f,usr_0076,2026-07-07 22:32:38,3_Add_to_Cart,Books,
sess_154e5aec,usr_2187,01/07/2026 02:20:10,1_Landing,Electronics,
sess_d6d05c65,usr_1456,2026-07-02 04:44:35,2_Product_View,Books,
sess_e11d91e4,usr_0918,10/07/2026 11:22:10,1_Landing,Home & Kitchen,
sess_96aba6ea,usr_2474,2026-07-10 01:31:28,2_Product_View,Clothing,
sess_c321e601,usr_2321,2026-07-10 13:23:50,1_Landing,Home & Kitchen,
sess_75b01aab,usr_2236,2026-07-07 18:06:31,1_Landing,Clothing,
sess_8be84238,usr_0131,2026-07-05 21:34:10,1_Landing,Books,
sess_9e86a1a5,usr_1948,2026-07-04 19:00:30,2_Product_View,Clothing,
sess_ef9d26b1,usr_1024,2026-07-04 22:03:33,1_Landing,Books,
sess_38af1f99,usr_0929,2026-07-03 02:23:12,1_Landing,Electronics,
sess_5aecbb0f,usr_1656,2026-07-01 13:13:01,1_Landing,Home & Kitchen,
sess_0d484a2d,usr_2703,2026-07-08 11:03:06,2_Product_View,Books,
sess_330ab81b,usr_1515,2026-07-09 14:27:36,1_Landing,Home & Kitchen,
sess_dd3ff787,usr_2201,2026-07-07 09:03:31,2_Product_View,Electronics,
sess_445856f8,usr_1474,2026-07-03 22:20:37,1_Landing,Home & Kitchen,
sess_48b0020f,usr_2217,2026-07-02 17:03:38,1_Landing,Books,
sess_7aa595da,usr_1328,04/07/2026 06:55:21,2_Product_View,Books,
sess_7f3fdf52,usr_0721,2026-07-06 15:09:17,2_Product_View,Books,
sess_a3410a8f,usr_0199,05/07/2026 12:46:33,3_Add_to_Cart,Books,
sess_9f814e98,usr_2076,2026-07-07 23:25:26,1_Landing,Home & Kitchen,
sess_b1e60f9b,usr_2584,2026-07-07 18:18:14,4_Purchase,Home & Kitchen,136.4
sess_8171f853,usr_0478,2026-07-01 16:14:37,3_Add_to_Cart,Electronics,
sess_60b8a76d,usr_1563,2026-07-07 14:20:15,1_Landing,Home & Kitchen,
sess_c6945838,usr_1991,2026-07-07 01:19:11,1_Landing,Clothing,
sess_198ad3a9,usr_1589,2026-07-08 06:59:21,1_Landing,Books,
sess_7152df84,usr_2760,2026-07-09 22:19:22,1_Landing,Clothing,
sess_4102098e,usr_2541,2026-07-10 17:03:59,1_Landing,Books,
sess_6dbb4adf,usr_1383,03/07/2026 07:41:57,1_Landing,Home & Kitchen,
sess_31c0d15a,usr_2656,2026-07-06 22:45:14,2_Product_View,Books,
sess_51ab71ca,usr_1630,2026-07-03 14:18:04,3_Add_to_Cart,Books,
sess_bffb33fd,usr_0936,2026-07-01 14:05:18,2_Product_View,Electronics,
sess_f91c67df,usr_0735,2026-07-10 08:09:03,2_Product_View,Electronics,
sess_0191e21c,usr_0298,2026-07-09 10:59:20,3_Add_to_Cart,Books,
sess_fbdb5324,usr_1381,2026-07-09 05:21:40,2_Product_View,Home & Kitchen,
sess_6d123c2c,usr_0017,2026-07-04 01:18:01,2_Product_View,Home & Kitchen,
sess_4298b432,usr_0282,2026-07-09 14:33:45,1_Landing,Electronics,
sess_38b0da2e,usr_2490,2026-07-05 00:53:53,2_Product_View,Clothing,
sess_f658d24b,usr_2130,2026-07-03 22:05:55,1_Landing,Home & Kitchen,
sess_4f71147f,usr_0246,2026-07-05 17:00:54,1_Landing,Books,
sess_8fa260cc,usr_0118,2026-07-06 06:44:15,1_Landing,Books,
sess_67f958f3,usr_1605,2026-07-04 14:40:50,3_Add_to_Cart,Electronics,
sess_aa0acda9,usr_0677,2026-07-06 22:12:54,2_Product_View,Books,
sess_957b05c3,usr_2060,2026-07-01 15:10:21,2_Product_View,Books,
sess_8273c4ce,usr_2664,2026-07-08 06:02:37,1_Landing,Clothing,
sess_a71ff0ca,usr_0204,2026-07-04 00:20:59,1_Landing,Home & Kitchen,
sess_87730709,usr_0729,2026-07-08 02:16:20,1_Landing,Clothing,
sess_657c2b8b,usr_0129,2026-07-03 02:39:55,1_Landing,Clothing,
sess_230aed81,usr_2048,2026-07-04 19:58:52,2_Product_View,Clothing,
sess_4a11c024,usr_1794,2026-07-06 14:44:40,1_Landing,Electronics,
sess_24529c42,usr_0647,2026-07-05 07:15:47,1_Landing,Books,
sess_fb7d5b03,usr_0862,2026-07-03 11:18:15,1_Landing,Clothing,
sess_899010a3,usr_1761,2026-07-07 10:14:58,2_Product_View,Clothing,
sess_bd723569,usr_0883,2026-07-06 09:32:55,2_Product_View,Clothing,
sess_5bdb09e3,usr_0613,2026-07-06T07:41:00Z,1_Landing,Electronics,
sess_51e5308c,usr_0421,2026-07-04 12:23:43,1_Landing,Clothing,
sess_41aa1ee2,usr_0955,2026-07-04 13:17:52,1_Landing,Electronics,
sess_a9ceff21,usr_1275,2026-07-07 03:58:31,1_Landing,Clothing,
sess_b76cdf2a,usr_1532,2026-07-10T15:59:08Z,3_Add_to_Cart,Electronics,
sess_391ce8c0,usr_2329,2026-07-07 04:47:00,1_Landing,Home & Kitchen,
sess_c8d953dd,usr_1028,2026-07-06 15:51:54,1_Landing,Books,
sess_7d1c02ca,usr_2057,2026-07-07 14:51:13,3_Add_to_Cart,Books,
sess_955cd30d,usr_0169,2026-07-01 04:29:24,3_Add_to_Cart,Electronics,
sess_96f02bf5,usr_2412,2026-07-06 15:42:05,1_Landing,Books,
sess_fc0fdb7f,usr_0811,2026-07-08 11:14:46,1_Landing,Electronics,
sess_d0ff68d8,usr_1418,2026-07-04T15:06:21Z,1_Landing,Books,
sess_d471e976,usr_2501,2026-07-08 09:24:38,1_Landing,Clothing,
sess_b6e3a564,usr_0095,2026-07-04 20:13:16,1_Landing,Electronics,
sess_12e08d71,usr_0241,2026-07-06 12:17:54,2_Product_View,Home & Kitchen,
sess_402de5b3,usr_1967,2026-07-09 13:23:27,1_Landing,Books,
sess_667c5230,usr_1891,2026-07-07 10:23:51,1_Landing,Home & Kitchen,
sess_47d67788,usr_1301,2026-07-09 03:11:04,2_Product_View,Clothing,
sess_645c99d3,usr_1412,01/07/2026 03:10:03,2_Product_View,Home & Kitchen,
sess_7e16b0fe,usr_0770,2026-07-03T19:20:42Z,2_Product_View,Clothing,
sess_2d39ab60,usr_1837,2026-07-09 01:12:05,1_Landing,Electronics,
sess_69acafb5,usr_2791,2026-07-09 07:36:14,4_Purchase,Clothing,131.35
sess_b86d8666,usr_2745,2026-07-03 22:15:15,2_Product_View,Electronics,
sess_59e5597f,usr_0283,2026-07-03 10:54:33,1_Landing,Clothing,
sess_a03f38ce,usr_2181,2026-07-04 23:44:34,1_Landing,Electronics,
sess_c603bf50,usr_0401,2026-07-03 01:35:51,1_Landing,Clothing,
sess_a8213920,usr_0907,2026-07-10T01:09:20Z,1_Landing,Clothing,
sess_804d21cf,usr_2767,05/07/2026 17:33:01,2_Product_View,Books,
sess_016613f0,usr_1535,2026-07-09 08:06:30,3_Add_to_Cart,Clothing,
sess_8f068a15,usr_1252,2026-07-05 21:31:48,2_Product_View,Electronics,
sess_4963e656,usr_2245,2026-07-02 16:24:46,2_Product_View,Books,
sess_fa967ca2,usr_2442,2026-07-09 19:27:27,1_Landing,Home & Kitchen,
sess_49d9aa7f,usr_1743,2026-07-01 13:11:25,3_Add_to_Cart,Electronics,
sess_721a8e4b,usr_1880,2026-07-02 21:09:58,1_Landing,Clothing,
sess_6b7bce4d,usr_2374,2026-07-09T10:48:22Z,2_Product_View,Home & Kitchen,
sess_e3dc08b9,usr_0182,2026-07-10 20:40:39,1_Landing,Books,
sess_6648f153,usr_0648,2026-07-09T08:35:28Z,1_Landing,Books,
sess_035ecba2,usr_2003,2026-07-03 21:32:46,3_Add_to_Cart,Electronics,
sess_3e9838bb,usr_1025,2026-07-07T15:07:31Z,1_Landing,Home & Kitchen,
sess_c9b23d3c,usr_2784,2026-07-06 22:22:21,2_Product_View,Books,
sess_93e8e1a0,usr_2193,03/07/2026 09:32:39,1_Landing,Clothing,
sess_8d0be7ac,usr_2670,2026-07-09 19:54:35,1_Landing,Home & Kitchen,
sess_0fac56ed,usr_2558,2026-07-09 08:37:35,3_Add_to_Cart,Books,
sess_58749e26,usr_0172,2026-07-05 09:32:34,2_Product_View,Clothing,
sess_1e7d151e,usr_1696,2026-07-04T11:56:47Z,4_Purchase,Electronics,681.03
sess_1fccc5d7,usr_2465,2026-07-03 02:57:30,1_Landing,Books,
sess_bb699824,usr_1834,2026-07-09T02:42:41Z,1_Landing,Electronics,
sess_4a8c489f,usr_1573,2026-07-05 02:16:52,2_Product_View,Clothing,
sess_dede1baf,usr_1303,2026-07-07 20:16:55,1_Landing,Electronics,
sess_931f7d66,usr_1536,2026-07-10 15:40:56,1_Landing,Clothing,
sess_6531599c,usr_2159,2026-07-05 18:12:40,1_Landing,Home & Kitchen,
sess_5a011593,usr_2658,2026-07-04 03:38:05,1_Landing,Home & Kitchen,
sess_103e132d,usr_0718,2026-07-09 19:42:47,3_Add_to_Cart,Clothing,
sess_8570946e,usr_0328,2026-07-07 10:28:34,2_Product_View,Clothing,
sess_0272b528,usr_1566,2026-07-01 17:49:20,1_Landing,Books,
sess_e5362d30,usr_1306,2026-07-03 14:11:52,1_Landing,Books,
sess_535b79d1,usr_1072,2026-07-07 03:28:28,3_Add_to_Cart,Home & Kitchen,
sess_488f52b1,usr_0316,2026-07-05 21:52:54,1_Landing,Clothing,
sess_0b5282d0,usr_2507,2026-07-08 00:45:36,1_Landing,Home & Kitchen,
sess_3b86432e,usr_1273,2026-07-06 03:00:22,1_Landing,Home & Kitchen,
sess_0a3db6de,usr_1353,2026-07-10 20:03:47,1_Landing,Electronics,
sess_67801dd2,usr_2242,05/07/2026 18:51:10,1_Landing,Books,
sess_4cef22b7,usr_2395,2026-07-10 22:54:45,1_Landing,Electronics,
sess_80a900a7,usr_2273,2026-07-02 06:30:39,3_Add_to_Cart,Books,
sess_66ff06c6,usr_2195,2026-07-05 07:26:45,2_Product_View,Electronics,
sess_73fd23fa,usr_1190,2026-07-09 22:31:40,1_Landing,Home & Kitchen,
sess_4af61af7,usr_1799,06/07/2026 05:24:41,3_Add_to_Cart,Books,
sess_6b7bce4d,usr_2374,2026-07-09 10:49:38,3_Add_to_Cart,Home & Kitchen,
sess_068331cd,usr_1276,2026-07-07 05:43:33,2_Product_View,Home & Kitchen,
sess_34a472ef,usr_1836,2026-07-08 00:39:45,2_Product_View,Electronics,
sess_c364bc6b,usr_0743,2026-07-06 16:26:33,1_Landing,Home & Kitchen,
sess_da16cf49,usr_0871,2026-07-04 10:36:47,3_Add_to_Cart,Clothing,
sess_cb20fa7b,usr_0656,2026-07-10T15:16:12Z,3_Add_to_Cart,Home & Kitchen,
sess_856f9299,usr_2499,2026-07-03 02:50:29,1_Landing,Home & Kitchen,
sess_ef1bba3e,usr_0052,2026-07-03 00:20:02,4_Purchase,Home & Kitchen,283.3
sess_2f290e1b,usr_0934,2026-07-10 21:20:09,1_Landing,Books,
sess_0972e772,usr_0756,2026-07-01 08:30:28,2_Product_View,Home & Kitchen,
sess_f29e52fa,usr_1226,2026-07-10 10:19:32,1_Landing,Electronics,
sess_1fd5f62f,usr_1966,2026-07-06 09:09:52,1_Landing,Books,
sess_90081972,usr_0631,03/07/2026 14:14:28,2_Product_View,Books,
sess_77821634,usr_1351,2026-07-03 03:50:49,2_Product_View,Books,
sess_cd77578a,usr_1426,2026-07-02 21:10:05,4_Purchase,Books,9.55
sess_7b2ec366,usr_0609,2026-07-08 19:27:05,1_Landing,Clothing,
sess_a03c30c5,usr_1204,2026-07-08 15:54:44,2_Product_View,Home & Kitchen,
sess_153876af,usr_0587,08/07/2026 19:00:32,1_Landing,Books,
sess_40295ad2,usr_1986,2026-07-04 19:26:06,1_Landing,Books,
sess_0f18dd60,usr_2455,2026-07-10 20:15:47,3_Add_to_Cart,Clothing,
sess_4f6232bd,usr_0247,2026-07-07 01:36:35,1_Landing,Electronics,
sess_59423c45,usr_0024,2026-07-07 15:15:13,3_Add_to_Cart,Books,
sess_1aa6df22,usr_2307,2026-07-04 10:33:38,1_Landing,Clothing,
sess_eb2635a4,usr_1970,2026-07-10 05:19:45,4_Purchase,Clothing,20.67
sess_b649daa0,usr_1555,2026-07-06 02:56:27,3_Add_to_Cart,Electronics,
sess_5887c047,usr_2645,2026-07-09 09:42:25,1_Landing,Electronics,
sess_de8c4599,usr_0802,2026-07-07 07:42:28,1_Landing,Books,
sess_95390945,usr_0890,2026-07-10 21:09:51,1_Landing,Home & Kitchen,
sess_a3ad0bc7,usr_2787,2026-07-08 04:20:59,1_Landing,Books,
sess_b8378428,usr_1430,2026-07-05 22:17:20,2_Product_View,Books,
sess_a25b5c0d,usr_1121,2026-07-04 17:35:11,2_Product_View,Clothing,
sess_bd923a8a,usr_0075,2026-07-05 11:26:42,3_Add_to_Cart,Books,
sess_3d4057c3,usr_2117,2026-07-09 03:46:09,3_Add_to_Cart,Books,
sess_4f336b07,usr_1263,2026-07-06 02:40:05,1_Landing,Books,
sess_dede1baf,usr_1303,2026-07-07 20:35:44,3_Add_to_Cart,Electronics,
sess_676e85d0,usr_2220,2026-07-02 19:48:32,1_Landing,Electronics,
sess_4d430235,usr_2673,2026-07-05 18:28:18,1_Landing,Home & Kitchen,
sess_2688a867,usr_2139,2026-07-09 07:26:00,1_Landing,Clothing,
sess_304f2e7b,usr_1325,2026-07-02T07:37:01Z,2_Product_View,Clothing,
sess_540780a9,usr_2392,2026-07-05T12:26:27Z,1_Landing,Electronics,
sess_4832ce6d,usr_0352,2026-07-10 03:22:22,1_Landing,Books,
sess_3210ecc2,usr_1548,2026-07-02 00:06:03,2_Product_View,Clothing,
sess_025c3c4f,usr_2641,2026-07-03 23:26:17,2_Product_View,Clothing,
sess_32daa9dd,usr_0558,2026-07-09T11:45:13Z,3_Add_to_Cart,Electronics,
sess_171b2224,usr_2364,2026-07-02 03:39:36,2_Product_View,Electronics,
sess_4b5e224a,usr_0696,2026-07-04 02:17:49,1_Landing,Clothing,
sess_68dffeb6,usr_1366,2026-07-10T03:02:13Z,1_Landing,Books,
sess_6e536ee1,usr_0032,02/07/2026 18:15:37,1_Landing,Books,
sess_19d3118a,usr_0985,2026-07-06 00:02:16,4_Purchase,Clothing,48.52
sess_3859b2d0,usr_2705,2026-07-03 21:30:40,1_Landing,Books,
sess_b06883df,usr_2225,2026-07-06 19:51:26,2_Product_View,Books,
sess_be2bd28c,usr_0905,2026-07-10 14:04:00,2_Product_View,Books,
sess_c36a8804,usr_0373,2026-07-06 02:58:26,2_Product_View,Books,
sess_6ac0bf5f,usr_2109,2026-07-09 21:35:18,1_Landing,Clothing,
sess_f25da629,usr_0510,2026-07-02 08:46:30,2_Product_View,Electronics,
sess_504cab8b,usr_1354,2026-07-03 03:34:13,3_Add_to_Cart,Electronics,
sess_d4e4f0af,usr_0606,2026-07-03T11:41:11Z,2_Product_View,Books,
sess_b869081f,usr_2230,2026-07-06 20:01:49,1_Landing,Electronics,
sess_3810e835,usr_1321,03/07/2026 02:35:00,3_Add_to_Cart,Home & Kitchen,
sess_bbad40c8,usr_0572,2026-07-10 21:19:44,1_Landing,Home & Kitchen,
sess_139823ef,usr_0634,2026-07-07T08:45:15Z,4_Purchase,Home & Kitchen,141.02
sess_5887c047,usr_2645,2026-07-09 09:57:11,2_Product_View,Electronics,
sess_e57e5f84,usr_2773,2026-07-03 12:08:29,1_Landing,Electronics,
sess_3252d085,usr_2552,2026-07-01 12:31:29,1_Landing,Electronics,
sess_6bf0008d,usr_1697,2026-07-06 16:04:17,1_Landing,Electronics,
sess_a938d34b,usr_2036,2026-07-02 14:57:44,3_Add_to_Cart,Clothing,
sess_f464eb80,usr_0799,2026-07-05 15:19:58,2_Product_View,Electronics,
sess_6dfa95c7,usr_1985,2026-07-08 12:47:21,1_Landing,Electronics,
sess_921606a6,usr_1892,2026-07-03 12:03:32,3_Add_to_Cart,Home & Kitchen,
sess_a1d7fd80,usr_0679,2026-07-09 23:35:26,1_Landing,Clothing,
sess_81f46e3d,usr_0387,05/07/2026 06:33:38,1_Landing,Electronics,
sess_70ec6991,usr_0221,05/07/2026 21:01:28,2_Product_View,Books,
sess_ee4d1866,usr_0561,2026-07-03T00:02:08Z,4_Purchase,Books,8.17
sess_542958f4,usr_1341,2026-07-09 06:40:59,1_Landing,Clothing,
sess_c3c06df2,usr_2040,2026-07-03 02:44:49,2_Product_View,Electronics,
sess_e93e3d05,usr_0325,2026-07-06 00:40:17,1_Landing,Books,
sess_0f17f555,usr_0782,2026-07-06 02:46:25,2_Product_View,Books,
sess_c5a0bb39,usr_2354,2026-07-09 11:11:15,1_Landing,Home & Kitchen,
sess_171b2224,usr_2364,2026-07-02 03:24:25,1_Landing,Electronics,
sess_8e55c9ae,usr_1447,2026-07-01T15:36:01Z,3_Add_to_Cart,Electronics,
sess_2071b6e4,usr_1775,2026-07-07T05:41:26Z,1_Landing,Clothing,
sess_5d5b6640,usr_2228,2026-07-02 07:28:17,1_Landing,Clothing,
sess_1f218c05,usr_0315,2026-07-06 08:50:25,1_Landing,Home & Kitchen,
sess_a8ecf56f,usr_0639,2026-07-06 00:26:07,1_Landing,Home & Kitchen,
sess_03430ed4,usr_2111,08/07/2026 00:06:08,1_Landing,Clothing,
sess_12e08d71,usr_0241,2026-07-06 12:29:10,4_Purchase,Home & Kitchen,47.11
sess_4baaf3f5,usr_0801,2026-07-10T04:53:31Z,1_Landing,Clothing,
sess_d67d4eb6,usr_0741,2026-07-05 10:23:57,1_Landing,Electronics,
sess_dbccdc48,usr_1545,2026-07-03 00:49:06,2_Product_View,Electronics,
sess_c972cccd,usr_2381,2026-07-10 02:47:59,4_Purchase,Home & Kitchen,154.28
sess_0bc583fe,usr_1654,2026-07-01 11:36:30,1_Landing,Clothing,
sess_56c868eb,usr_1870,05/07/2026 06:25:09,1_Landing,Home & Kitchen,
sess_f975a13f,usr_1478,2026-07-02 05:46:57,1_Landing,Clothing,
sess_d3ad2af5,usr_1629,2026-07-10 04:09:47,2_Product_View,Clothing,
sess_29a4cdbd,usr_0548,2026-07-04 20:45:45,1_Landing,Books,
sess_e94f05af,usr_1338,2026-07-08 15:35:05,2_Product_View,Electronics,
sess_894b0511,usr_0844,2026-07-09 16:14:29,1_Landing,Home & Kitchen,
sess_35b3c8ce,usr_1237,02/07/2026 14:55:52,1_Landing,Books,
sess_cb8ab9e3,usr_2610,2026-07-08 08:20:52,2_Product_View,Electronics,
sess_ed2be599,usr_1571,2026-07-07 06:35:46,1_Landing,Home & Kitchen,
sess_6fe5ab08,usr_2022,2026-07-08T17:49:45Z,3_Add_to_Cart,Books,
sess_a1dd7f0a,usr_2769,2026-07-02 13:37:48,2_Product_View,Home & Kitchen,
sess_db2b792b,usr_1123,2026-07-03T10:30:35Z,3_Add_to_Cart,Home & Kitchen,
sess_39a0620d,usr_2199,2026-07-10 11:50:01,1_Landing,Books,
sess_59490631,usr_2659,2026-07-03 07:07:09,1_Landing,Home & Kitchen,
sess_6a8b0961,usr_0712,09/07/2026 04:13:41,1_Landing,Books,
sess_be33d712,usr_0945,2026-07-07 18:24:20,1_Landing,Home & Kitchen,
sess_914b8be6,usr_0922,2026-07-06 22:37:11,1_Landing,Books,
sess_27c864f0,usr_2012,2026-07-08 10:05:44,1_Landing,Clothing,
sess_1870d6a4,usr_0747,2026-07-04 19:26:26,1_Landing,Electronics,
sess_4b4e8160,usr_0014,2026-07-09 05:44:17,2_Product_View,Home & Kitchen,
sess_71ce325d,usr_0222,2026-07-04 20:33:25,2_Product_View,Electronics,
sess_d2c645f5,usr_1202,2026-07-02 00:03:17,1_Landing,Books,
sess_3785f8de,usr_1852,2026-07-09 06:49:13,1_Landing,Electronics,
sess_4b7b1625,usr_1609,2026-07-03 04:05:26,1_Landing,Clothing,
sess_5b73786a,usr_0654,2026-07-05 20:47:34,1_Landing,Home & Kitchen,
sess_a87f1201,usr_2296,2026-07-01 19:39:27,3_Add_to_Cart,Clothing,
sess_4d547fe8,usr_1729,2026-07-09 15:23:58,3_Add_to_Cart,Home & Kitchen,
sess_1a5cd0e7,usr_1090,2026-07-02 18:14:46,2_Product_View,Clothing,
sess_36b66466,usr_1340,2026-07-04 19:00:48,1_Landing,Electronics,
sess_5aac4ec8,usr_2042,2026-07-03 07:26:19,1_Landing,Home & Kitchen,
sess_c607ea4c,usr_2085,2026-07-03 09:31:11,2_Product_View,Electronics,
sess_67838aba,usr_0857,2026-07-10 15:53:29,1_Landing,Clothing,
sess_f2f3ad22,usr_2253,2026-07-10 19:27:21,1_Landing,Clothing,
sess_4bf7bbdf,usr_0863,2026-07-03 22:39:55,2_Product_View,Home & Kitchen,
sess_5f2459a9,usr_2286,2026-07-02 12:43:55,1_Landing,Clothing,
sess_5c8a54aa,usr_2789,2026-07-08 00:16:31,1_Landing,Home & Kitchen,
sess_d3be7067,usr_1843,2026-07-03 04:38:15,1_Landing,Electronics,
sess_56cafd79,usr_0186,2026-07-08 18:49:44,2_Product_View,Electronics,
sess_48e5b1ae,usr_2379,2026-07-04 23:00:21,3_Add_to_Cart,Electronics,
sess_12c56823,usr_0066,2026-07-02T13:33:24Z,2_Product_View,Clothing,
sess_588379dc,usr_0662,2026-07-05 15:55:22,2_Product_View,Electronics,
sess_4102098e,usr_2541,2026-07-10 17:16:36,2_Product_View,Books,
sess_a7bc49ec,usr_0356,2026-07-09 05:38:11,2_Product_View,Clothing,
sess_eea2d5f5,usr_1613,2026-07-02 07:16:51,4_Purchase,Electronics,530.19
sess_98cf484d,usr_2732,2026-07-03T02:52:41Z,1_Landing,Clothing,
sess_a247ccf0,usr_1877,2026-07-03 06:19:53,1_Landing,Clothing,
sess_a71ff0ca,usr_0204,2026-07-04 00:33:40,2_Product_View,Home & Kitchen,
sess_de510b62,usr_0007,2026-07-06 01:14:52,1_Landing,Clothing,
sess_f25da629,usr_0510,2026-07-02 08:41:14,1_Landing,Electronics,
sess_57d906af,usr_1231,07/07/2026 02:56:10,3_Add_to_Cart,Books,
sess_4ad0c8fe,usr_1297,2026-07-03 14:48:32,1_Landing,Electronics,
sess_2dd6f120,usr_1219,2026-07-09 13:53:32,2_Product_View,Books,
sess_62c6d76f,usr_2483,2026-07-04 20:05:37,1_Landing,Home & Kitchen,
sess_164e6716,usr_0018,09/07/2026 04:08:42,1_Landing,Electronics,
sess_685b2543,usr_1435,2026-07-02 09:51:47,1_Landing,Electronics,
sess_6488ec19,usr_1707,2026-07-05 17:33:00,3_Add_to_Cart,Home & Kitchen,
sess_2f6dc107,usr_1534,2026-07-10 07:39:42,2_Product_View,Books,
sess_b38df352,usr_1704,2026-07-10 00:37:27,1_Landing,Home & Kitchen,
sess_725f07a8,usr_0004,2026-07-02 17:18:53,1_Landing,Books,
sess_b03b437a,usr_0599,09/07/2026 13:33:22,2_Product_View,Books,
sess_1e41a3fa,usr_0997,2026-07-09 18:11:26,1_Landing,Electronics,
sess_9a073216,usr_1277,03/07/2026 11:47:27,1_Landing,Clothing,
sess_3ac70600,usr_1453,2026-07-09 05:24:50,1_Landing,Books,
sess_64c1c4f7,usr_1962,2026-07-05 22:37:58,3_Add_to_Cart,Electronics,
sess_552d7191,usr_0521,2026-07-03 02:48:31,1_Landing,Books,
sess_004cb46a,usr_1953,2026-07-02 19:08:35,2_Product_View,Clothing,
sess_73bdf79c,usr_1521,2026-07-07 01:37:05,1_Landing,Clothing,
sess_25a7db0c,usr_0486,2026-07-10 22:49:37,2_Product_View,Electronics,
sess_2239490e,usr_1467,2026-07-03 16:47:44,1_Landing,Clothing,
sess_b76cdf2a,usr_1532,2026-07-10 15:48:50,2_Product_View,Electronics,
sess_30354710,usr_1690,2026-07-03 19:30:08,2_Product_View,Clothing,
sess_24fd4469,usr_2184,2026-07-04T17:53:47Z,4_Purchase,Electronics,456.33
sess_1f1d208e,usr_0368,2026-07-07 01:17:55,1_Landing,Clothing,
sess_09a918f0,usr_0728,2026-07-03 19:05:10,2_Product_View,Electronics,
sess_c81a8a5a,usr_1460,2026-07-06 19:15:36,2_Product_View,Electronics,
sess_ae1ec868,usr_2026,09/07/2026 11:53:15,1_Landing,Home & Kitchen,
sess_03996d17,usr_0465,10/07/2026 18:33:50,1_Landing,Electronics,
sess_b1e60f9b,usr_2584,2026-07-07T18:06:39Z,1_Landing,Home & Kitchen,
sess_01e48c47,usr_2081,2026-07-04 20:01:30,2_Product_View,Home & Kitchen,
sess_cc810f56,usr_1253,2026-07-04 22:23:36,1_Landing,Home & Kitchen,
sess_a71cfa0b,usr_1597,2026-07-03 05:30:55,1_Landing,Clothing,
sess_e8fe677e,usr_1404,2026-07-01 20:52:52,2_Product_View,Home & Kitchen,
sess_bfd1b523,usr_0822,2026-07-02 18:34:59,1_Landing,Books,
sess_bd2b8e4b,usr_2451,07/07/2026 00:18:11,2_Product_View,Electronics,
sess_6070d3d7,usr_0412,04/07/2026 09:30:19,2_Product_View,Clothing,
sess_0c05b473,usr_0692,2026-07-07 01:38:53,3_Add_to_Cart,Electronics,
sess_63196875,usr_1884,2026-07-02 21:12:40,1_Landing,Clothing,
sess_7995f4fb,usr_2783,2026-07-02 16:30:10,1_Landing,Electronics,
sess_2764cdda,usr_0429,2026-07-09 15:30:42,3_Add_to_Cart,Books,
sess_8c90a7d7,usr_0507,2026-07-06 22:26:18,1_Landing,Clothing,
sess_22e179c2,usr_2303,2026-07-08 18:40:04,2_Product_View,Books,
sess_54e80872,usr_2094,2026-07-04 15:41:02,1_Landing,Home & Kitchen,
sess_dadafe78,usr_0831,10/07/2026 07:59:04,1_Landing,Clothing,
sess_ddec7928,usr_0849,03/07/2026 00:46:47,2_Product_View,Clothing,
sess_67f958f3,usr_1605,04/07/2026 14:43:28,4_Purchase,Electronics,309.38
sess_1183315f,usr_2617,2026-07-03 14:05:13,2_Product_View,Home & Kitchen,
sess_9dffa431,usr_0682,2026-07-06 10:35:20,1_Landing,Books,
sess_06058875,usr_2616,2026-07-06 23:35:28,1_Landing,Electronics,
sess_51ab71ca,usr_1630,2026-07-03 14:21:31,4_Purchase,Books,9.06
sess_978c7c80,usr_2174,08/07/2026 12:00:10,1_Landing,Clothing,
sess_22409ef0,usr_2695,2026-07-07 14:23:59,1_Landing,Electronics,
sess_d7e7c8a7,usr_1631,2026-07-01 15:20:05,2_Product_View,Home & Kitchen,
sess_efc43e77,usr_2710,2026-07-09 14:32:02,1_Landing,Electronics,
sess_479fd213,usr_0350,2026-07-08 18:34:13,3_Add_to_Cart,Clothing,
sess_1fccc5d7,usr_2465,2026-07-03 02:59:11,2_Product_View,Books,
sess_ef252d0b,usr_1664,2026-07-03 19:47:37,2_Product_View,Electronics,
sess_aded7cda,usr_1865,2026-07-03 09:48:02,2_Product_View,Clothing,
sess_0b3f1803,usr_1230,2026-07-03 00:46:55,2_Product_View,Home & Kitchen,
sess_11f5ff30,usr_0672,04/07/2026 16:43:31,1_Landing,Books,
sess_718c3b02,usr_1671,2026-07-07 09:00:34,1_Landing,Clothing,
sess_ee010b3a,usr_2532,2026-07-07 01:43:44,1_Landing,Books,
sess_0fde0e20,usr_2586,2026-07-02 00:16:15,1_Landing,Clothing,
sess_cdaa7225,usr_0499,2026-07-09 19:52:51,3_Add_to_Cart,Books,
sess_49d9aa7f,usr_1743,2026-07-01 13:05:32,2_Product_View,Electronics,
sess_5cf99b1e,usr_2660,05/07/2026 09:36:40,1_Landing,Books,
sess_027f6177,usr_2562,2026-07-01 22:09:29,1_Landing,Clothing,
sess_5bdf034f,usr_2058,05/07/2026 11:03:22,1_Landing,Electronics,
sess_9f8f76ef,usr_1765,2026-07-09 08:15:51,2_Product_View,Home & Kitchen,
sess_9d20b6d7,usr_1262,2026-07-05 20:54:05,1_Landing,Clothing,
sess_1a74abe0,usr_1965,2026-07-06 23:51:51,3_Add_to_Cart,Home & Kitchen,
sess_594e7671,usr_0610,2026-07-10 20:33:18,1_Landing,Books,
sess_4ecd3cee,usr_2129,2026-07-02 15:19:47,1_Landing,Home & Kitchen,
sess_aefff021,usr_0767,2026-07-10 11:19:21,1_Landing,Books,
sess_914b8be6,usr_0922,2026-07-06 22:39:22,2_Product_View,Books,
sess_3ace45af,usr_0514,2026-07-07 21:00:35,2_Product_View,Books,
sess_4d16a8d3,usr_0057,2026-07-08 14:23:39,4_Purchase,Electronics,898.03
sess_91b7be67,usr_0691,2026-07-02T07:47:41Z,1_Landing,Books,
sess_176e9d22,usr_2382,2026-07-08 13:00:07,1_Landing,Home & Kitchen,
sess_03285795,usr_0451,2026-07-10 13:14:15,2_Product_View,Clothing,
sess_a3fc1297,usr_1416,2026-07-09 07:42:41,1_Landing,Home & Kitchen,
sess_fcfda8a7,usr_2599,2026-07-10 18:57:24,4_Purchase,Electronics,975.4
sess_fa013b8f,usr_1994,2026-07-08 15:23:50,1_Landing,Electronics,
sess_3fec84d8,usr_2654,2026-07-08 17:36:41,1_Landing,Books,
sess_f5b25efa,usr_1640,2026-07-01 05:27:51,2_Product_View,Books,
sess_49bdad8a,usr_0617,2026-07-07 18:00:16,1_Landing,Books,
sess_8405be6d,usr_1963,2026-07-10 13:40:29,2_Product_View,Electronics,
sess_ab1d13ba,usr_2066,2026-07-03T05:05:32Z,4_Purchase,Home & Kitchen,74.46
sess_53438a44,usr_2646,2026-07-07 02:38:23,4_Purchase,Home & Kitchen,195.34
sess_139823ef,usr_0634,2026-07-07 08:38:54,2_Product_View,Home & Kitchen,
sess_45d05d64,usr_1167,2026-07-10 07:06:41,2_Product_View,Clothing,
sess_21fb5e55,usr_1387,2026-07-03 05:19:00,1_Landing,Books,
sess_65a37365,usr_0134,2026-07-02 20:41:02,1_Landing,Clothing,
sess_9a0ab78c,usr_0526,2026-07-06 01:52:14,1_Landing,Home & Kitchen,
sess_f9fe8f89,usr_0630,2026-07-01 16:51:27,1_Landing,Clothing,
sess_03d4202e,usr_0512,2026-07-02 01:00:54,1_Landing,Electronics,
sess_ec2fe53b,usr_1942,2026-07-01 06:47:33,2_Product_View,Electronics,
sess_a6202059,usr_1291,04/07/2026 20:17:13,1_Landing,Home & Kitchen,
sess_cff993cd,usr_0540,2026-07-09T17:44:40Z,1_Landing,Clothing,
sess_e8bc7f25,usr_2299,2026-07-09 00:39:15,3_Add_to_Cart,Home & Kitchen,
sess_7edd5d1c,usr_0137,2026-07-08 09:50:24,2_Product_View,Home & Kitchen,
sess_d990ae6d,usr_0531,2026-07-02T09:03:58Z,3_Add_to_Cart,Books,
sess_c708f617,usr_0667,2026-07-08 23:12:01,1_Landing,Home & Kitchen,
sess_0b9d47ec,usr_0489,2026-07-06T20:29:01Z,4_Purchase,Clothing,129.91
sess_91604827,usr_1215,2026-07-02 13:45:01,1_Landing,Electronics,
sess_ebb241a4,usr_2468,2026-07-10 07:26:54,2_Product_View,Home & Kitchen,
sess_d939d656,usr_0992,2026-07-09T21:45:00Z,2_Product_View,Clothing,
sess_c452a280,usr_2739,2026-07-10 14:01:04,3_Add_to_Cart,Electronics,
sess_74433506,usr_0649,2026-07-09 20:40:34,1_Landing,Books,
sess_69c85bb0,usr_0310,2026-07-09 01:53:54,1_Landing,Electronics,
sess_7a8e2dd8,usr_2249,2026-07-08T05:47:13Z,1_Landing,Electronics,
sess_5a06af7c,usr_0893,2026-07-05 06:09:48,2_Product_View,Clothing,
sess_cf1c1550,usr_0704,07/07/2026 19:02:52,2_Product_View,Electronics,
sess_9c39fb5f,usr_2517,2026-07-09 19:00:54,3_Add_to_Cart,Electronics,
sess_f464eb80,usr_0799,2026-07-05 15:31:53,4_Purchase,Electronics,63.49
sess_7c086790,usr_0841,2026-07-04 04:47:32,2_Product_View,Clothing,
sess_3ba646b3,usr_1812,2026-07-09 10:06:51,1_Landing,Books,
sess_3034aae1,usr_1200,2026-07-08T18:52:13Z,1_Landing,Electronics,
sess_1ae6be7f,usr_1129,2026-07-04 18:02:29,1_Landing,Home & Kitchen,
sess_34582e84,usr_1384,2026-07-05 21:23:51,4_Purchase,Books,31.82
sess_d445110c,usr_1608,2026-07-01 11:01:39,1_Landing,Electronics,
sess_6d6abed1,usr_1616,2026-07-02 05:20:37,1_Landing,Clothing,
sess_b47bd98e,usr_0663,2026-07-02 07:40:27,1_Landing,Clothing,
sess_b21ddaf0,usr_0289,2026-07-06 03:11:34,1_Landing,Clothing,
sess_c29cc4cf,usr_1203,10/07/2026 01:06:13,1_Landing,Electronics,
sess_56413dd3,usr_0651,2026-07-05 00:49:27,1_Landing,Books,
sess_6a0cb3c0,usr_2515,01/07/2026 18:16:16,2_Product_View,Books,
sess_97ff5779,usr_2560,2026-07-06 19:05:58,2_Product_View,Books,
sess_bb158660,usr_1019,02/07/2026 10:00:17,3_Add_to_Cart,Clothing,
sess_4cac072b,usr_1342,2026-07-10 15:02:03,1_Landing,Electronics,
sess_4399d4aa,usr_0132,2026-07-02 07:24:36,1_Landing,Books,
sess_051b70a3,usr_0314,2026-07-03 04:02:18,2_Product_View,Books,
sess_a87f1201,usr_2296,2026-07-01 19:30:56,2_Product_View,Clothing,
sess_06028ae7,usr_1565,2026-07-08 19:26:43,1_Landing,Books,
sess_fab4ca17,usr_1755,2026-07-08 23:53:54,1_Landing,Books,
sess_ed042b48,usr_0311,09/07/2026 14:23:03,1_Landing,Clothing,
sess_e999b54e,usr_2045,2026-07-01 07:01:00,4_Purchase,Clothing,117.72
sess_c99f66f8,usr_1047,2026-07-07 06:56:19,1_Landing,Home & Kitchen,
sess_31259ff1,usr_2672,2026-07-05 19:18:02,2_Product_View,Electronics,
sess_bde41771,usr_1079,2026-07-10 09:00:36,2_Product_View,Home & Kitchen,
sess_77694335,usr_0011,2026-07-01T03:09:40Z,1_Landing,Electronics,
sess_473bc0ec,usr_1043,07/07/2026 01:51:32,3_Add_to_Cart,Clothing,
sess_02a79edf,usr_1997,2026-07-08 12:32:58,1_Landing,Home & Kitchen,
sess_0633c402,usr_2795,2026-07-09 10:15:21,2_Product_View,Home & Kitchen,
sess_85053e59,usr_1625,2026-07-03 11:33:27,3_Add_to_Cart,Electronics,
sess_fbb7d530,usr_1934,2026-07-08 03:01:37,2_Product_View,Clothing,
sess_1e3a0b13,usr_0058,2026-07-07 07:11:51,1_Landing,Electronics,
sess_00c7e40f,usr_2297,2026-07-07 17:25:21,2_Product_View,Books,
sess_b73a1ec3,usr_1162,2026-07-08 22:03:53,1_Landing,Clothing,
sess_725f07a8,usr_0004,2026-07-02 17:39:33,3_Add_to_Cart,Books,
sess_3fec84d8,usr_2654,2026-07-08 17:38:17,2_Product_View,Books,
sess_9b4e6097,usr_0771,2026-07-06 14:33:23,2_Product_View,Home & Kitchen,
sess_54320a00,usr_1205,2026-07-06 07:33:45,2_Product_View,Home & Kitchen,
sess_fb5f0d83,usr_1551,2026-07-01 19:57:02,1_Landing,Clothing,
sess_868de0ff,usr_2035,2026-07-03 12:33:23,4_Purchase,Books,
sess_ddd7c1fb,usr_1194,01/07/2026 04:04:29,2_Product_View,Clothing,
sess_56cafd79,usr_0186,2026-07-08 18:59:33,4_Purchase,Electronics,983.27
sess_ab28e637,usr_0442,2026-07-04 21:37:52,1_Landing,Home & Kitchen,
sess_5a011593,usr_2658,2026-07-04 03:46:58,3_Add_to_Cart,Home & Kitchen,
sess_dff24612,usr_0474,05/07/2026 12:05:43,3_Add_to_Cart,Clothing,
sess_6488ec19,usr_1707,2026-07-05 17:15:21,1_Landing,Home & Kitchen,
sess_e3cb3152,usr_1096,2026-07-04 22:27:04,1_Landing,Electronics,
sess_8e6c2264,usr_1823,08/07/2026 02:11:16,1_Landing,Home & Kitchen,
sess_fad6d847,usr_0059,2026-07-01 17:15:58,1_Landing,Books,
sess_56fc35dc,usr_2604,2026-07-06 06:23:15,1_Landing,Home & Kitchen,
sess_d012630d,usr_1838,06/07/2026 23:03:34,1_Landing,Clothing,
sess_06b71b61,usr_0263,2026-07-04 07:02:18,2_Product_View,Books,
sess_3da9529b,usr_1885,2026-07-06 19:51:31,1_Landing,Electronics,
sess_24529c42,usr_0647,2026-07-05 07:29:56,3_Add_to_Cart,Books,
sess_70d353cf,usr_2180,2026-07-02 18:07:50,1_Landing,Books,
sess_63e6caab,usr_0706,2026-07-02 00:18:55,1_Landing,Home & Kitchen,
sess_8288e0da,usr_2037,2026-07-07 02:27:16,1_Landing,Books,
sess_279062c6,usr_0921,2026-07-09 00:46:06,1_Landing,Clothing,
sess_70dfaacd,usr_1516,2026-07-03 12:29:47,1_Landing,Home & Kitchen,
sess_09a918f0,usr_0728,2026-07-03 19:06:21,3_Add_to_Cart,Electronics,
sess_95235f83,usr_2669,2026-07-07 09:15:05,1_Landing,Clothing,
sess_e26a4d7e,usr_1336,2026-07-09 22:53:16,1_Landing,Books,
sess_c85121c8,usr_1933,2026-07-06 18:48:36,1_Landing,Home & Kitchen,
sess_6648f153,usr_0648,2026-07-09T08:58:31Z,3_Add_to_Cart,Books,
sess_e28ae757,usr_0874,2026-07-04 14:08:23,2_Product_View,Electronics,
sess_e250c9ae,usr_0484,2026-07-04 04:33:48,1_Landing,Home & Kitchen,
sess_9dbac9b9,usr_2295,2026-07-08T06:34:49Z,1_Landing,Books,
sess_bf13b205,usr_2471,2026-07-08 19:52:48,2_Product_View,Electronics,
sess_4ee1cb04,usr_2734,2026-07-05 00:25:11,3_Add_to_Cart,Books,
sess_a55fcd43,usr_0203,2026-07-01 13:03:25,1_Landing,Home & Kitchen,
sess_447e454f,usr_1058,2026-07-10 13:07:07,1_Landing,Electronics,
sess_d6d05c65,usr_1456,2026-07-02 04:44:35,2_Product_View,Books,
sess_45f85264,usr_1012,2026-07-05 18:08:36,2_Product_View,Home & Kitchen,
sess_bd923a8a,usr_0075,2026-07-05 11:23:23,2_Product_View,Books,
sess_e361e02d,usr_1975,2026-07-04 20:41:29,1_Landing,Electronics,
sess_735e04dd,usr_0456,2026-07-02 21:03:06,4_Purchase,Home & Kitchen,83.35
sess_8fbb01b7,usr_0175,2026-07-05 03:25:01,1_Landing,Books,
sess_48a77b69,usr_2102,2026-07-07 23:51:02,1_Landing,Clothing,
sess_ac4e3de0,usr_0380,2026-07-07 20:10:15,2_Product_View,Clothing,
sess_d233def9,usr_1511,2026-07-04 12:11:42,1_Landing,Clothing,
sess_4bd70df7,usr_0552,2026-07-08 18:47:42,2_Product_View,Home & Kitchen,
sess_4773839b,usr_1483,2026-07-04 01:51:08,1_Landing,Electronics,
sess_513e0c71,usr_0155,2026-07-08 20:01:03,1_Landing,Home & Kitchen,
sess_16550847,usr_0330,2026-07-01 09:26:24,1_Landing,Books,
sess_7733fa54,usr_1018,2026-07-05 02:15:54,3_Add_to_Cart,Books,
sess_faf4430f,usr_1860,2026-07-07T00:36:03Z,1_Landing,Electronics,
sess_c2556a2a,usr_0153,2026-07-01 05:16:03,1_Landing,Home & Kitchen,
sess_9226d789,usr_1191,2026-07-07 13:47:15,1_Landing,Electronics,
sess_f4dcdf77,usr_1201,2026-07-08 21:09:49,2_Product_View,Books,
sess_0ff816e5,usr_1879,2026-07-03 17:35:40,1_Landing,Books,
sess_e25fcef6,usr_1929,2026-07-08 20:33:23,2_Product_View,Clothing,
sess_bb42521c,usr_0987,2026-07-04 22:47:34,4_Purchase,Books,45.87
sess_b9801f01,usr_1735,2026-07-10 04:12:49,1_Landing,Home & Kitchen,
sess_7f4ef5bb,usr_0377,2026-07-04 22:58:08,1_Landing,Books,
sess_de30c7e8,usr_1844,2026-07-04 20:59:58,2_Product_View,Home & Kitchen,
sess_af1be02c,usr_2254,2026-07-10 11:46:00,2_Product_View,Books,
sess_5b76e111,usr_0646,2026-07-05 19:09:05,1_Landing,Electronics,
sess_732a906a,usr_2350,2026-07-03 18:41:15,3_Add_to_Cart,Home & Kitchen,
sess_4ee1cb04,usr_2734,2026-07-05 00:06:48,1_Landing,Books,
sess_8ae8bb1b,usr_1825,2026-07-06 03:10:00,1_Landing,Electronics,
sess_931fbb19,usr_1088,2026-07-04 20:25:07,1_Landing,Electronics,
sess_6d6a2d18,usr_2091,2026-07-08 04:45:09,1_Landing,Clothing,
sess_629d1a2d,usr_0255,2026-07-04 13:32:49,1_Landing,Books,
sess_01074d8d,usr_2766,2026-07-02 14:48:43,3_Add_to_Cart,Home & Kitchen,
sess_f33fbef9,usr_0205,2026-07-08 19:00:57,1_Landing,Books,
sess_1bbf159a,usr_2310,2026-07-05 07:10:19,2_Product_View,Home & Kitchen,
sess_84b5492e,usr_1715,2026-07-08T09:27:36Z,1_Landing,Home & Kitchen,
sess_e3945cb3,usr_1752,2026-07-02 00:38:30,3_Add_to_Cart,Clothing,
sess_99dc1ad8,usr_2680,2026-07-06 16:05:47,3_Add_to_Cart,Home & Kitchen,
sess_8a1ae8d7,usr_0098,2026-07-02 21:28:39,2_Product_View,Books,
sess_200fe743,usr_0230,10/07/2026 02:04:19,1_Landing,Clothing,
sess_b810cdcb,usr_1050,2026-07-01 11:18:43,2_Product_View,Electronics,
sess_ca436606,usr_1239,2026-07-01 18:59:34,3_Add_to_Cart,Clothing,
sess_56ac708d,usr_0124,2026-07-08 08:21:39,1_Landing,Electronics,
sess_f0fc112e,usr_2643,2026-07-08 07:22:14,3_Add_to_Cart,Clothing,
sess_fb5eabb2,usr_0563,2026-07-02 12:15:33,3_Add_to_Cart,Electronics,
sess_0b5282d0,usr_2507,2026-07-08 01:04:53,3_Add_to_Cart,Home & Kitchen,
sess_818cea20,usr_0875,2026-07-02 05:17:07,1_Landing,Electronics,
sess_3fb192fa,usr_1987,2026-07-09 14:04:32,1_Landing,Electronics,
sess_2eb446c1,usr_0357,2026-07-06 00:31:08,1_Landing,Electronics,
sess_936ed460,usr_0277,2026-07-05 20:23:44,1_Landing,Electronics,
sess_09a918f0,usr_0728,2026-07-03 18:57:44,1_Landing,Electronics,
sess_2c0f1749,usr_1157,2026-07-04 12:23:29,3_Add_to_Cart,Books,
sess_bd1fa768,usr_1592,06/07/2026 03:06:43,2_Product_View,Books,
sess_24a42a9d,usr_1051,2026-07-08T09:43:02Z,2_Product_View,Electronics,
sess_bb42521c,usr_0987,2026-07-04 22:35:01,2_Product_View,Books,
sess_1520be87,usr_0317,2026-07-07 12:24:35,1_Landing,Electronics,
sess_306d5409,usr_0158,2026-07-07 19:43:45,2_Product_View,Home & Kitchen,
sess_0a00727d,usr_1187,2026-07-03 22:34:12,2_Product_View,Home & Kitchen,
sess_7cbe1f1b,usr_0214,05/07/2026 06:04:10,2_Product_View,Electronics,
sess_e8bc7f25,usr_2299,2026-07-09 00:41:57,4_Purchase,Home & Kitchen,270.52
sess_ac7db9c6,usr_0049,2026-07-01 03:56:16,1_Landing,Home & Kitchen,
sess_dbccdc48,usr_1545,2026-07-03 00:57:17,3_Add_to_Cart,Electronics,
sess_34ad0bc4,usr_2158,2026-07-09 13:40:32,2_Product_View,Home & Kitchen,
sess_b51ce03f,usr_1107,2026-07-04 04:56:39,2_Product_View,Clothing,
sess_d6414d83,usr_0872,2026-07-09T17:02:50Z,2_Product_View,Books,
sess_584cc007,usr_0038,2026-07-05 01:14:22,3_Add_to_Cart,Books,
sess_3492851d,usr_1144,2026-07-03T03:43:35Z,1_Landing,Electronics,
sess_048ba7ad,usr_1606,2026-07-07 01:44:45,1_Landing,Books,
sess_8d5d647c,usr_2312,10/07/2026 07:17:50,1_Landing,Home & Kitchen,
sess_6d584ac7,usr_0998,2026-07-08 21:12:39,2_Product_View,Clothing,
sess_3107fae2,usr_2056,05/07/2026 12:15:09,1_Landing,Clothing,
sess_52e4e7c0,usr_1445,2026-07-05 15:18:04,1_Landing,Clothing,
sess_98c572f3,usr_0000,2026-07-01 23:29:21,2_Product_View,Electronics,
sess_263b5ad5,usr_2211,2026-07-08 12:19:26,1_Landing,Electronics,
sess_7274f480,usr_0473,2026-07-03T06:58:08Z,2_Product_View,Electronics,
sess_6d5e256c,usr_2649,2026-07-10 23:24:37,1_Landing,Electronics,
sess_fe606d23,usr_1380,03/07/2026 12:57:20,1_Landing,Books,
sess_0191e21c,usr_0298,2026-07-09 10:44:26,1_Landing,Books,
sess_939043be,usr_2320,2026-07-09 10:47:57,1_Landing,Home & Kitchen,
sess_3ea308a4,usr_1490,2026-07-01 10:42:04,2_Product_View,Electronics,
sess_975fc14b,usr_1249,2026-07-04 01:26:22,2_Product_View,Electronics,
sess_f464eb80,usr_0799,2026-07-05 15:05:08,1_Landing,Electronics,
sess_b1e60f9b,usr_2584,2026-07-07 18:12:09,3_Add_to_Cart,Home & Kitchen,
sess_169d991a,usr_0102,2026-07-09 17:31:28,1_Landing,Home & Kitchen,
sess_1b6aacd9,usr_0391,2026-07-01 18:13:31,3_Add_to_Cart,Electronics,
sess_558d142b,usr_1770,2026-07-03 17:39:27,1_Landing,Clothing,
sess_8cfff945,usr_2429,2026-07-09T16:06:25Z,1_Landing,Home & Kitchen,
sess_35c50f7c,usr_1045,2026-07-06 11:10:31,2_Product_View,Home & Kitchen,
sess_efc43e77,usr_2710,2026-07-09 14:38:46,2_Product_View,Electronics,
sess_9b689607,usr_0795,2026-07-04 15:40:47,1_Landing,Electronics,
sess_71d70592,usr_0077,2026-07-10T01:28:38Z,2_Product_View,Electronics,
sess_7b2fffba,usr_1811,2026-07-06 22:15:50,1_Landing,Clothing,
sess_7bfd20b7,usr_2373,2026-07-01 03:19:41,2_Product_View,Books,
sess_d2faf383,usr_2260,2026-07-04 00:00:42,1_Landing,Books,
sess_3f8f0c95,usr_1029,08/07/2026 04:19:18,2_Product_View,Electronics,
sess_94b2c8ec,usr_0133,05/07/2026 07:38:51,1_Landing,Books,
sess_866160b5,usr_1960,2026-07-04 02:25:43,1_Landing,Clothing,
sess_8c371fdc,usr_2121,2026-07-04 21:59:58,1_Landing,Electronics,
sess_8a4d3d90,usr_2521,2026-07-03 02:45:47,2_Product_View,Clothing,
sess_26b08cbd,usr_1920,2026-07-10 16:14:46,3_Add_to_Cart,Books,
sess_741b3a2f,usr_0197,2026-07-04 17:15:19,1_Landing,Books,
sess_a3cbc8d1,usr_0293,2026-07-04 23:02:25,1_Landing,Electronics,
sess_e9a44484,usr_1241,2026-07-07 22:01:25,1_Landing,Clothing,
sess_5d4b71b2,usr_0855,2026-07-04 09:38:10,1_Landing,Home & Kitchen,
sess_b634861b,usr_0515,2026-07-02 14:09:20,2_Product_View,Clothing,
sess_c6f35e3b,usr_0258,2026-07-10 15:12:15,1_Landing,Home & Kitchen,
sess_be2bd28c,usr_0905,2026-07-10 13:55:16,1_Landing,Books,
sess_a932701a,usr_0959,2026-07-10 09:55:04,1_Landing,Home & Kitchen,
sess_8d067933,usr_2017,2026-07-06 22:34:35,1_Landing,Clothing,
sess_464a87d6,usr_1694,2026-07-09T15:11:30Z,1_Landing,Clothing,
sess_fc454ff1,usr_1149,2026-07-05 06:14:34,2_Product_View,Books,
sess_d3ad2af5,usr_1629,2026-07-10 04:08:42,1_Landing,Clothing,
sess_b041d4d6,usr_0262,05/07/2026 01:18:45,1_Landing,Clothing,
sess_b6fd2fc1,usr_1499,2026-07-07 22:27:35,1_Landing,Clothing,
sess_0cb5123e,usr_2278,2026-07-02 20:12:16,1_Landing,Clothing,
sess_add42439,usr_1981,2026-07-08 01:31:20,1_Landing,Electronics,
sess_e4910f15,usr_0345,2026-07-06T00:48:33Z,3_Add_to_Cart,Clothing,
sess_a34453ec,usr_2314,2026-07-04 13:28:54,1_Landing,Electronics,
sess_88f6b2b6,usr_2265,2026-07-01 23:28:15,2_Product_View,Clothing,
sess_a07ece35,usr_1841,2026-07-04 19:02:44,4_Purchase,Books,41.61
sess_e91ff723,usr_0534,2026-07-09 05:58:45,2_Product_View,Books,
sess_df09f443,usr_0297,2026-07-07 17:31:03,1_Landing,Clothing,
sess_c12a945c,usr_0257,03/07/2026 15:05:17,2_Product_View,Home & Kitchen,
sess_6d4c4bc8,usr_1712,2026-07-06T05:16:43Z,2_Product_View,Clothing,
sess_41bd0d65,usr_1867,2026-07-07 04:53:40,1_Landing,Clothing,
sess_f1a46171,usr_2547,2026-07-03 01:24:50,2_Product_View,Home & Kitchen,
sess_9efb1906,usr_0814,2026-07-02T22:23:15Z,2_Product_View,Clothing,
sess_c0a2f3f5,usr_1832,08/07/2026 03:55:10,3_Add_to_Cart,Books,
sess_dc022d3d,usr_1151,2026-07-08 18:02:47,1_Landing,Books,
sess_486373e1,usr_0928,2026-07-08 16:42:43,1_Landing,Books,
sess_d4678dbf,usr_0398,2026-07-01 10:51:27,1_Landing,Electronics,
sess_d4678dbf,usr_0398,2026-07-01 10:53:43,2_Product_View,Electronics,
sess_619a597f,usr_2542,2026-07-04 22:00:31,3_Add_to_Cart,Electronics,
sess_dfceb432,usr_0949,2026-07-04 11:50:04,1_Landing,Books,
sess_996e3996,usr_1013,2026-07-03 12:23:12,3_Add_to_Cart,Clothing,
sess_d7e7c8a7,usr_1631,2026-07-01 15:25:03,3_Add_to_Cart,Home & Kitchen,
sess_f5eca90d,usr_1827,2026-07-03 06:40:39,1_Landing,Electronics,
sess_b4780eab,usr_0472,2026-07-01 17:02:42,2_Product_View,Home & Kitchen,
sess_13a4506b,usr_2015,2026-07-05 08:38:27,1_Landing,Books,
sess_e26a4d7e,usr_1336,2026-07-09 22:53:16,1_Landing,Books,
sess_e4b75b4b,usr_2128,2026-07-05 12:09:17,1_Landing,Clothing,
sess_52ac82b5,usr_2047,09/07/2026 16:57:03,1_Landing,Electronics,
sess_54e80872,usr_2094,2026-07-04 15:49:16,3_Add_to_Cart,Home & Kitchen,
sess_826191db,usr_0501,2026-07-04T23:01:37Z,1_Landing,Clothing,
sess_9b231b78,usr_2387,2026-07-07 05:09:21,2_Product_View,Clothing,
sess_faac1527,usr_1748,2026-07-03 11:56:59,1_Landing,Clothing,
sess_f4ddcacb,usr_0301,2026-07-05 12:57:42,2_Product_View,Electronics,
sess_fb1ec6cc,usr_1916,2026-07-10 03:44:54,2_Product_View,Books,
sess_ccce586e,usr_2316,2026-07-10 16:51:28,3_Add_to_Cart,Electronics,
sess_961b39de,usr_1569,2026-07-06T17:04:41Z,1_Landing,Home & Kitchen,
sess_8fbf909c,usr_1596,2026-07-10 22:00:20,2_Product_View,Home & Kitchen,
sess_3a5ec0c9,usr_1620,2026-07-08 08:11:53,2_Product_View,Home & Kitchen,
sess_d270276f,usr_0043,2026-07-07T00:11:47Z,1_Landing,Clothing,
sess_ee4d1866,usr_0561,2026-07-02 23:55:30,2_Product_View,Books,
sess_0fe13923,usr_2569,2026-07-03 22:53:08,2_Product_View,Books,
sess_9de3db83,usr_1443,2026-07-10 03:27:50,1_Landing,Home & Kitchen,
sess_cc7c0f96,usr_0449,2026-07-01 10:20:02,2_Product_View,Home & Kitchen,
sess_3f66cdc0,usr_1693,2026-07-10 16:20:33,1_Landing,Clothing,
sess_f0fc112e,usr_2643,2026-07-08 07:04:54,1_Landing,Clothing,
sess_629d1a2d,usr_0255,04/07/2026 13:41:44,2_Product_View,Books,
sess_b73a1ec3,usr_1162,2026-07-08 22:03:53,1_Landing,Clothing,
sess_5989f639,usr_0736,2026-07-04T06:37:42Z,1_Landing,Books,
sess_301effbf,usr_1801,2026-07-05 04:52:29,2_Product_View,Books,
sess_c0a2f3f5,usr_1832,2026-07-08T03:46:58Z,2_Product_View,Books,
sess_f1aea245,usr_1279,2026-07-04 15:50:52,2_Product_View,Clothing,
sess_df91a848,usr_1523,04/07/2026 03:41:02,1_Landing,Electronics,
sess_09a4b74e,usr_2033,2026-07-06 00:31:32,1_Landing,Home & Kitchen,
sess_2e444776,usr_2383,2026-07-02 14:25:17,1_Landing,Clothing,
sess_222d1268,usr_0459,2026-07-09T21:55:59Z,1_Landing,Books,
sess_77694335,usr_0011,2026-07-01 03:21:07,2_Product_View,Electronics,
sess_bec33fbf,usr_1280,06/07/2026 12:32:46,1_Landing,Clothing,
sess_ca436606,usr_1239,2026-07-01 18:36:36,1_Landing,Clothing,
sess_6ffac2fa,usr_0383,2026-07-07 04:54:47,3_Add_to_Cart,Clothing,
sess_01829a57,usr_1901,2026-07-02 06:16:04,2_Product_View,Electronics,
sess_a99c9005,usr_0139,2026-07-02 12:08:39,2_Product_View,Home & Kitchen,
sess_e82bf019,usr_0342,2026-07-02 08:02:09,3_Add_to_Cart,Electronics,
sess_3034aae1,usr_1200,2026-07-08 18:54:00,2_Product_View,Electronics,
sess_0f69bf7b,usr_2486,2026-07-08 13:19:50,3_Add_to_Cart,Electronics,
sess_de510b62,usr_0007,2026-07-06 01:21:17,2_Product_View,Clothing,
sess_2cd593d2,usr_1396,2026-07-03 06:46:31,1_Landing,Home & Kitchen,
sess_cc7c0f96,usr_0449,2026-07-01 10:16:06,1_Landing,Home & Kitchen,
sess_03996d17,usr_0465,2026-07-10T18:40:59Z,2_Product_View,Electronics,
sess_11a33c27,usr_0530,2026-07-09 16:38:54,2_Product_View,Home & Kitchen,
sess_84dd1c06,usr_0645,2026-07-01 12:33:48,1_Landing,Electronics,
sess_8ef383cb,usr_2678,2026-07-03 01:44:11,1_Landing,Books,
sess_9c6e13db,usr_0135,2026-07-02 09:20:47,1_Landing,Clothing,
sess_12404ebb,usr_1064,2026-07-07 07:59:07,2_Product_View,Books,
sess_36e8c2cb,usr_0637,2026-07-07 03:44:10,1_Landing,Electronics,
sess_91604827,usr_1215,2026-07-02 14:00:21,2_Product_View,Electronics,
sess_7f36556a,usr_0286,2026-07-02 15:02:18,1_Landing,Electronics,
sess_d1a26178,usr_0725,2026-07-09 12:42:56,3_Add_to_Cart,Electronics,
sess_1a36de11,usr_1982,2026-07-09 03:43:06,2_Product_View,Books,
sess_15ff8a80,usr_0638,2026-07-08 23:21:16,1_Landing,Electronics,
sess_fabce997,usr_1788,2026-07-10 03:37:53,1_Landing,Electronics,
sess_104cca45,usr_1283,04/07/2026 08:49:07,1_Landing,Clothing,
sess_8ada9f19,usr_0511,2026-07-03 02:05:38,2_Product_View,Electronics,
sess_8d5d647c,usr_2312,2026-07-10 07:37:18,3_Add_to_Cart,Home & Kitchen,
sess_99dc1ad8,usr_2680,2026-07-06 16:04:45,2_Product_View,Home & Kitchen,
sess_86db8526,usr_1055,2026-07-05 18:31:40,1_Landing,Books,
sess_53cb7963,usr_2441,2026-07-01 19:54:49,2_Product_View,Electronics,
sess_fb7d5b03,usr_0862,2026-07-03 11:20:16,2_Product_View,Clothing,
sess_7926a9da,usr_2671,10/07/2026 12:34:26,2_Product_View,Home & Kitchen,
sess_21dabbfb,usr_1016,2026-07-07 21:47:38,1_Landing,Books,
sess_df9deae8,usr_0146,2026-07-01 22:23:13,1_Landing,Home & Kitchen,
sess_80ebbb72,usr_0783,2026-07-01 11:57:35,1_Landing,Home & Kitchen,
sess_3f8f0c95,usr_1029,08/07/2026 04:11:12,1_Landing,Electronics,
sess_634edebd,usr_0296,2026-07-05 04:47:50,2_Product_View,Clothing,
sess_3d36fe72,usr_1687,2026-07-08 07:48:16,1_Landing,Books,
sess_e5421a39,usr_1227,2026-07-05 22:41:01,2_Product_View,Electronics,
sess_123292e7,usr_1086,2026-07-01 07:47:01,1_Landing,Books,
sess_123c2321,usr_2032,2026-07-01 17:59:48,2_Product_View,Books,
sess_4c988029,usr_2707,07/07/2026 12:48:34,1_Landing,Home & Kitchen,
sess_5e3d6f02,usr_1899,2026-07-08 19:45:11,1_Landing,Clothing,
sess_4b11db4b,usr_1777,2026-07-04 14:15:43,2_Product_View,Clothing,
sess_5da36ee1,usr_1379,2026-07-01 18:27:08,1_Landing,Books,
sess_22e179c2,usr_2303,2026-07-08 18:25:12,1_Landing,Books,
sess_9b75122f,usr_0494,2026-07-08 08:13:48,1_Landing,Electronics,
sess_2c8ceddc,usr_0974,2026-07-02 05:50:42,2_Product_View,Books,
sess_ed315c46,usr_0279,2026-07-02 21:02:32,2_Product_View,Home & Kitchen,
sess_3eeb30e3,usr_1258,2026-07-08 18:21:10,3_Add_to_Cart,Books,
sess_7a4347eb,usr_1898,2026-07-07T21:14:13Z,1_Landing,Electronics,
sess_52a8fc55,usr_2183,2026-07-09 05:38:11,2_Product_View,Electronics,
sess_01b30f1f,usr_2544,2026-07-02 02:34:19,1_Landing,Home & Kitchen,
sess_d5702945,usr_0877,2026-07-08 11:26:28,1_Landing,Clothing,
sess_94c38b18,usr_1323,2026-07-07 13:44:05,2_Product_View,Clothing,
sess_98b401c3,usr_2551,2026-07-04 19:06:41,2_Product_View,Clothing,
sess_841489be,usr_0870,2026-07-03 10:24:21,2_Product_View,Clothing,
sess_578bc1b5,usr_1091,2026-07-10 00:01:18,2_Product_View,Clothing,
sess_93ffca6b,usr_1635,2026-07-04 19:11:49,1_Landing,Electronics,
sess_d4d30799,usr_1216,2026-07-04 23:16:42,1_Landing,Home & Kitchen,
sess_3e878958,usr_2196,2026-07-09 04:29:50,2_Product_View,Home & Kitchen,
sess_14fa63bd,usr_0653,2026-07-07 07:20:38,2_Product_View,Books,
sess_08d12ebe,usr_2634,2026-07-09 07:57:35,1_Landing,Home & Kitchen,
sess_560cf983,usr_2764,2026-07-05 04:46:12,2_Product_View,Books,
sess_02a79edf,usr_1997,2026-07-08 12:50:04,3_Add_to_Cart,Home & Kitchen,
sess_69433461,usr_2344,2026-07-05 07:50:45,2_Product_View,Electronics,
sess_fe9cc26e,usr_0805,2026-07-07 21:48:57,2_Product_View,Clothing,
sess_67f958f3,usr_1605,2026-07-04 14:33:52,2_Product_View,Electronics,
sess_21561fc6,usr_1104,2026-07-10 19:06:21,1_Landing,Books,
sess_ed302652,usr_1223,2026-07-09 21:38:37,1_Landing,Clothing,
sess_306d5409,usr_0158,2026-07-07 19:46:39,3_Add_to_Cart,Home & Kitchen,
sess_14a483d3,usr_2779,2026-07-06 00:14:22,2_Product_View,Books,
sess_eb132a0c,usr_1577,2026-07-02 07:26:35,1_Landing,Books,
sess_a9289a34,usr_2051,2026-07-09 12:05:25,2_Product_View,Books,
sess_b531402e,usr_0399,2026-07-08 14:50:15,3_Add_to_Cart,Electronics,
sess_668549af,usr_1533,2026-07-04T11:31:08Z,4_Purchase,Home & Kitchen,41.4
sess_e28ae757,usr_0874,2026-07-04 14:05:05,1_Landing,Electronics,
sess_940a2225,usr_1716,01/07/2026 13:22:41,1_Landing,Books,
sess_cdd59604,usr_0015,2026-07-03 11:48:10,1_Landing,Clothing,
sess_a34453ec,usr_2314,2026-07-04T13:30:33Z,2_Product_View,Electronics,
sess_074476dc,usr_0463,2026-07-04 20:16:51,2_Product_View,Books,
sess_3da902f2,usr_2020,2026-07-09 10:14:23,2_Product_View,Books,
sess_3073ae32,usr_2103,2026-07-01 09:32:51,2_Product_View,Books,
sess_b0c930bd,usr_0493,2026-07-03 11:01:36,3_Add_to_Cart,Books,
sess_6000b17d,usr_0498,2026-07-06 09:19:44,3_Add_to_Cart,Clothing,
sess_54275d9b,usr_2522,2026-07-08 08:33:48,1_Landing,Home & Kitchen,
sess_9b833254,usr_0716,2026-07-03T06:19:47Z,2_Product_View,Home & Kitchen,
sess_39cfba32,usr_0790,10/07/2026 05:48:11,3_Add_to_Cart,Books,
sess_d3b4a59f,usr_2104,2026-07-06 18:14:28,1_Landing,Clothing,
sess_ac92b0a8,usr_2466,2026-07-10 12:22:37,2_Product_View,Electronics,
sess_58293a81,usr_2172,2026-07-04T06:08:18Z,1_Landing,Clothing,
sess_137718b4,usr_0687,2026-07-05 17:42:44,2_Product_View,Electronics,
sess_2688a867,usr_2139,2026-07-09 07:26:00,1_Landing,Clothing,
sess_84ea0f9e,usr_0500,2026-07-07 00:14:14,1_Landing,Clothing,
sess_af3711c9,usr_1359,2026-07-03 02:11:23,2_Product_View,Home & Kitchen,
sess_60f932c0,usr_0832,2026-07-10 01:16:55,2_Product_View,Books,
sess_cb20fa7b,usr_0656,2026-07-10 15:13:54,2_Product_View,Home & Kitchen,
sess_11dc164a,usr_1868,2026-07-08 14:47:36,4_Purchase,Books,30.58
sess_0aa15ca3,usr_0698,2026-07-03 11:39:52,1_Landing,Home & Kitchen,
sess_726bbd84,usr_0989,03/07/2026 16:49:34,3_Add_to_Cart,Home & Kitchen,
sess_8d3f83cf,usr_2606,07/07/2026 06:57:17,1_Landing,Electronics,
sess_cb28e6ad,usr_1598,2026-07-09 14:33:14,2_Product_View,Clothing,
sess_8e05b793,usr_1039,05/07/2026 16:10:05,1_Landing,Home & Kitchen,
sess_8559a06a,usr_0452,2026-07-05 09:15:06,1_Landing,Home & Kitchen,
sess_983cfd37,usr_2068,2026-07-08 02:14:29,1_Landing,Home & Kitchen,
sess_1000f6de,usr_2165,2026-07-02 11:02:06,2_Product_View,Clothing,
sess_1e227448,usr_0001,2026-07-10 13:02:01,1_Landing,Electronics,
sess_7f683e2f,usr_1076,2026-07-03 11:34:10,1_Landing,Clothing,
sess_2764cdda,usr_0429,2026-07-09 15:29:22,2_Product_View,Books,
sess_f7a3af13,usr_1386,2026-07-02 15:50:01,1_Landing,Books,
sess_11116cfd,usr_1257,2026-07-10T09:57:31Z,3_Add_to_Cart,Home & Kitchen,
sess_8787877b,usr_0981,2026-07-03 02:23:10,1_Landing,Home & Kitchen,
sess_a91e5d88,usr_0808,2026-07-05 08:51:06,1_Landing,Home & Kitchen,
sess_bf3e1b0b,usr_0980,2026-07-04 08:52:33,2_Product_View,Books,
sess_664e3092,usr_0070,2026-07-03 14:58:08,1_Landing,Books,
sess_645d18e1,usr_1385,2026-07-05 05:12:02,2_Product_View,Home & Kitchen,
sess_24f06e73,usr_0363,2026-07-01 14:16:22,1_Landing,Home & Kitchen,
sess_17216ccb,usr_0023,2026-07-04 15:51:26,1_Landing,Books,
sess_48a43f18,usr_0920,2026-07-09 06:45:12,1_Landing,Electronics,
sess_f4b98351,usr_1951,06/07/2026 14:25:38,1_Landing,Books,
sess_6dbac320,usr_1299,2026-07-05 07:37:19,4_Purchase,Home & Kitchen,283.77
sess_9584dfac,usr_1420,06/07/2026 12:28:55,1_Landing,Clothing,
sess_7274f480,usr_0473,2026-07-03 07:00:06,3_Add_to_Cart,Electronics,
sess_0ebcfd53,usr_0349,2026-07-09 05:42:39,2_Product_View,Clothing,
sess_6644f68b,usr_0414,2026-07-03T03:10:28Z,1_Landing,Electronics,
sess_fbfd5a99,usr_2202,2026-07-05 20:46:16,1_Landing,Electronics,
sess_ef42df28,usr_1723,2026-07-03 18:19:36,1_Landing,Clothing,
sess_cf1c1550,usr_0704,2026-07-07 18:57:42,1_Landing,Electronics,
sess_e8753beb,usr_1809,2026-07-07T11:23:57Z,1_Landing,Home & Kitchen,
sess_64af6267,usr_0448,03/07/2026 14:04:51,1_Landing,Clothing,
sess_48c8cf60,usr_0956,2026-07-07 07:07:09,1_Landing,Clothing,
sess_f8d42c30,usr_0003,2026-07-03 07:04:51,4_Purchase,Home & Kitchen,148.64
sess_4d547fe8,usr_1729,2026-07-09 15:21:23,2_Product_View,Home & Kitchen,
sess_d67d4eb6,usr_0741,2026-07-05 10:26:45,2_Product_View,Electronics,
sess_421a62db,usr_0405,2026-07-06 02:39:47,2_Product_View,Home & Kitchen,
sess_436f1fa0,usr_2433,2026-07-09 17:58:46,1_Landing,Electronics,
sess_5689e582,usr_2067,2026-07-03 13:52:59,3_Add_to_Cart,Books,
sess_588c2863,usr_1075,2026-07-04 17:52:16,2_Product_View,Electronics,
sess_c8bf27bc,usr_2615,2026-07-09 20:43:46,1_Landing,Electronics,
sess_9449d124,usr_1044,2026-07-07 12:56:43,1_Landing,Home & Kitchen,
sess_2dad8111,usr_1141,2026-07-09 09:20:37,1_Landing,Books,
sess_fd3a7062,usr_0487,09/07/2026 09:54:10,1_Landing,Home & Kitchen,
sess_80f853d1,usr_2290,2026-07-07 19:38:34,1_Landing,Clothing,
sess_e94f05af,usr_1338,2026-07-08 15:41:46,3_Add_to_Cart,Electronics,
sess_479fd213,usr_0350,2026-07-08 18:42:47,4_Purchase,Clothing,40.24
sess_8aa13d37,usr_0216,2026-07-05T12:13:37Z,3_Add_to_Cart,Clothing,
sess_b865464c,usr_2237,2026-07-10 06:33:53,1_Landing,Clothing,
sess_12663fbd,usr_0069,2026-07-08 07:24:48,2_Product_View,Clothing,
sess_e2412241,usr_1040,2026-07-03 16:40:17,2_Product_View,Clothing,
sess_fcfda8a7,usr_2599,2026-07-10 18:43:24,1_Landing,Electronics,
sess_841d8ba2,usr_0593,2026-07-05 02:22:23,2_Product_View,Electronics,
sess_194dcdd7,usr_1773,2026-07-01 02:21:58,2_Product_View,Home & Kitchen,
sess_eab1e36a,usr_1048,2026-07-04 02:39:23,2_Product_View,Home & Kitchen,
sess_e6d761c8,usr_1907,2026-07-08 10:03:45,3_Add_to_Cart,Home & Kitchen,
sess_252d524a,usr_1335,2026-07-10 05:46:37,2_Product_View,Electronics,
sess_7c72072b,usr_2285,2026-07-06 00:24:34,1_Landing,Electronics,
sess_0313555a,usr_2261,10/07/2026 13:00:03,2_Product_View,Books,
sess_83747d6c,usr_2463,2026-07-11 00:12:09,3_Add_to_Cart,Books,
sess_0c1290b7,usr_2397,2026-07-10 16:10:31,2_Product_View,Home & Kitchen,
sess_ba2bd33d,usr_2223,2026-07-04 22:36:52,2_Product_View,Electronics,
sess_2034e0a9,usr_1236,2026-07-01 03:28:03,2_Product_View,Clothing,
sess_74760d16,usr_0643,2026-07-08 11:57:11,3_Add_to_Cart,Home & Kitchen,
sess_0d06072c,usr_0908,2026-07-01 09:24:53,3_Add_to_Cart,Home & Kitchen,
sess_2f322ed2,usr_1779,2026-07-09 23:39:29,1_Landing,Electronics,
sess_4399d4aa,usr_0132,2026-07-02 07:37:37,3_Add_to_Cart,Books,
sess_8fa260cc,usr_0118,2026-07-06 06:49:09,2_Product_View,Books,
sess_b98f8748,usr_2248,09/07/2026 15:18:13,2_Product_View,Electronics,
sess_2226c85c,usr_2326,2026-07-02 09:19:18,1_Landing,Clothing,
sess_e2412241,usr_1040,2026-07-03 16:26:50,1_Landing,Clothing,
sess_3252d085,usr_2552,01/07/2026 12:59:45,4_Purchase,Electronics,837.02
sess_5e92fec4,usr_0408,2026-07-06 01:06:01,3_Add_to_Cart,Electronics,
sess_d7bd5acd,usr_1932,2026-07-07 20:31:18,2_Product_View,Electronics,
sess_ca825e41,usr_2510,2026-07-03 22:16:45,1_Landing,Clothing,
sess_4cb39330,usr_0924,2026-07-02 10:31:07,1_Landing,Electronics,
sess_9fc980a4,usr_2216,2026-07-04 16:16:37,1_Landing,Home & Kitchen,
sess_99c7b757,usr_1255,2026-07-02 10:56:25,4_Purchase,Books,22.04
sess_c75139a1,usr_0272,2026-07-04 03:21:10,1_Landing,Home & Kitchen,
sess_f6a8ec35,usr_1636,2026-07-10 19:48:25,1_Landing,Electronics,
sess_b2b405b2,usr_0370,2026-07-08 04:44:04,2_Product_View,Books,
sess_3a33e413,usr_0154,2026-07-09 18:16:30,2_Product_View,Home & Kitchen,
sess_da12a01d,usr_1785,2026-07-05 08:58:30,3_Add_to_Cart,Home & Kitchen,
sess_24771ac0,usr_0574,2026-07-08 14:31:55,2_Product_View,Books,
sess_4f6232bd,usr_0247,2026-07-07 01:36:35,1_Landing,Electronics,
sess_b462df74,usr_2092,02/07/2026 14:08:09,1_Landing,Clothing,
sess_1edb23eb,usr_1403,2026-07-01 08:29:45,2_Product_View,Books,
sess_89c4a848,usr_0467,2026-07-07 08:24:41,1_Landing,Home & Kitchen,
sess_c23bd641,usr_1821,2026-07-03 00:51:56,3_Add_to_Cart,Clothing,
sess_c38b0666,usr_2013,2026-07-05 20:17:59,1_Landing,Electronics,
sess_535fe585,usr_0016,2026-07-10 10:31:01,1_Landing,Electronics,
sess_3c8fa1f7,usr_2271,2026-07-02 02:40:24,2_Product_View,Clothing,
sess_f514e5e6,usr_2178,2026-07-03 19:53:50,1_Landing,Books,
sess_9e28b047,usr_1518,02/07/2026 08:05:22,3_Add_to_Cart,Home & Kitchen,
sess_fad6d847,usr_0059,2026-07-01 17:15:58,1_Landing,Books,
sess_504cab8b,usr_1354,2026-07-03 03:26:18,2_Product_View,Electronics,
sess_5cfcb1dc,usr_1628,10/07/2026 00:16:28,2_Product_View,Books,
sess_a832943b,usr_0602,2026-07-05 20:00:34,2_Product_View,Electronics,
sess_75c12017,usr_0307,2026-07-05T04:23:14Z,2_Product_View,Books,
sess_a7471181,usr_1807,2026-07-07 05:54:33,1_Landing,Clothing,
sess_c364bc6b,usr_0743,2026-07-06 16:31:12,2_Product_View,Home & Kitchen,
sess_911f3043,usr_2291,2026-07-06 01:38:44,1_Landing,Electronics,
sess_71b8bec7,usr_1546,2026-07-02 07:19:31,1_Landing,Home & Kitchen,
sess_7274f480,usr_0473,2026-07-03 06:56:53,1_Landing,Electronics,
sess_0f3cba49,usr_1234,2026-07-07 13:44:59,2_Product_View,Clothing,
sess_69acafb5,usr_2791,2026-07-09 07:22:08,2_Product_View,Clothing,
sess_9c56c054,usr_2504,2026-07-06 08:58:08,1_Landing,Home & Kitchen,
sess_3d69e7ad,usr_0415,2026-07-08T09:29:16Z,1_Landing,Clothing,
sess_04ca9c70,usr_0769,02/07/2026 14:33:12,2_Product_View,Books,
sess_8caf1e2d,usr_1487,2026-07-04T10:12:15Z,2_Product_View,Electronics,
sess_8a490ce0,usr_2155,2026-07-09 17:02:11,4_Purchase,Clothing,84.72
sess_051b70a3,usr_0314,2026-07-03 03:58:06,1_Landing,Books,
sess_a3958204,usr_2258,05/07/2026 06:52:32,2_Product_View,Electronics,
sess_03c98070,usr_1956,2026-07-05 13:41:01,1_Landing,Electronics,
sess_ec4a73f0,usr_0194,2026-07-06T19:08:38Z,1_Landing,Electronics,
sess_47b03a7b,usr_2215,2026-07-01 10:02:11,3_Add_to_Cart,Home & Kitchen,
sess_a71cfa0b,usr_1597,2026-07-03 05:30:55,1_Landing,Clothing,
sess_6cc6fec7,usr_2028,10/07/2026 23:39:17,1_Landing,Electronics,
sess_6b1c54a7,usr_0200,2026-07-08 11:50:32,2_Product_View,Electronics,
sess_075999d2,usr_1701,2026-07-04 07:15:37,1_Landing,Electronics,
sess_4e945688,usr_0019,2026-07-05 12:58:14,2_Product_View,Clothing,
sess_a36060d0,usr_0245,2026-07-04 06:42:53,2_Product_View,Books,
sess_dc3f1968,usr_2029,2026-07-02 08:07:03,3_Add_to_Cart,Electronics,
sess_d57cc522,usr_1846,2026-07-08 04:42:44,1_Landing,Electronics,
sess_667c5230,usr_1891,2026-07-07 10:37:18,2_Product_View,Home & Kitchen,
sess_a281ce73,usr_0354,2026-07-02 07:19:07,1_Landing,Home & Kitchen,
sess_01699b29,usr_1235,2026-07-09 20:21:37,1_Landing,Electronics,
sess_60ef4a48,usr_0898,2026-07-07T04:53:37Z,1_Landing,Books,
sess_cb352281,usr_1595,2026-07-09 18:41:49,1_Landing,Clothing,
sess_36a244ba,usr_2529,01/07/2026 21:38:06,1_Landing,Home & Kitchen,
sess_ab1d13ba,usr_2066,2026-07-03T04:48:58Z,1_Landing,Home & Kitchen,
sess_955cd30d,usr_0169,2026-07-01 04:10:48,1_Landing,Electronics,
sess_1291f4ad,usr_0103,2026-07-10 08:01:05,1_Landing,Home & Kitchen,
sess_a8ebde04,usr_1858,2026-07-10 23:10:46,1_Landing,Electronics,
sess_8ce923b0,usr_0678,2026-07-02 06:37:40,2_Product_View,Home & Kitchen,
sess_2b1523f3,usr_0690,2026-07-01 10:22:56,1_Landing,Electronics,
sess_79d59892,usr_1978,2026-07-01 00:05:10,2_Product_View,Clothing,
sess_0c9c54ad,usr_1845,2026-07-07 09:07:28,2_Product_View,Books,
sess_12c7b864,usr_0164,2026-07-09 11:07:48,1_Landing,Home & Kitchen,
sess_e7e1aa57,usr_1528,06/07/2026 13:57:41,1_Landing,Home & Kitchen,
sess_6126aecf,usr_2082,2026-07-02 02:05:50,1_Landing,Electronics,
sess_be671632,usr_1579,08/07/2026 07:36:01,1_Landing,Electronics,
sess_b80cadb7,usr_0830,2026-07-09 14:43:55,1_Landing,Clothing,
sess_230d37b2,usr_1184,2026-07-03 15:15:53,2_Product_View,Books,
sess_5ca9b26d,usr_2137,06/07/2026 05:11:41,1_Landing,Electronics,
sess_54785179,usr_1800,2026-07-09 17:11:25,1_Landing,Home & Kitchen,
sess_c1212cd8,usr_0738,2026-07-03 01:42:36,1_Landing,Electronics,
sess_750e4610,usr_0080,2026-07-08 13:59:40,2_Product_View,Books,
sess_150f4048,usr_2141,2026-07-09 09:22:08,1_Landing,Clothing,
sess_fa19200d,usr_2594,2026-07-10 13:32:24,2_Product_View,Clothing,
sess_04c612e5,usr_1813,06/07/2026 22:44:41,1_Landing,Clothing,
sess_6322f463,usr_2154,2026-07-08 12:17:10,1_Landing,Home & Kitchen,
sess_8839fcbf,usr_2520,2026-07-04 23:55:06,2_Product_View,Electronics,
sess_f1a46171,usr_2547,2026-07-03 01:23:24,1_Landing,Home & Kitchen,
sess_dff24612,usr_0474,2026-07-05 12:04:28,2_Product_View,Clothing,
sess_68b0b5a7,usr_0025,2026-07-04T06:24:40Z,3_Add_to_Cart,Electronics,
sess_139823ef,usr_0634,2026-07-07 08:41:40,3_Add_to_Cart,Home & Kitchen,
sess_f0a20a66,usr_2587,2026-07-02 19:24:25,1_Landing,Home & Kitchen,
sess_131b366b,usr_1082,2026-07-04 21:30:42,2_Product_View,Home & Kitchen,
sess_9b4e6097,usr_0771,2026-07-06 14:31:01,1_Landing,Home & Kitchen,
sess_1075eb8d,usr_0073,04/07/2026 20:04:49,1_Landing,Home & Kitchen,
sess_12e08d71,usr_0241,06/07/2026 12:26:01,3_Add_to_Cart,Home & Kitchen,
sess_8bc9c248,usr_2272,2026-07-09 21:20:08,1_Landing,Clothing,
sess_c6945838,usr_1991,2026-07-07 01:33:54,2_Product_View,Clothing,
sess_282db73d,usr_0904,2026-07-01 03:50:55,2_Product_View,Clothing,
sess_6abbb402,usr_0378,2026-07-03T08:05:41Z,1_Landing,Home & Kitchen,
sess_7908af7c,usr_0914,05/07/2026 04:13:08,1_Landing,Clothing,
sess_0d62c725,usr_2293,2026-07-02 09:22:28,1_Landing,Electronics,
sess_b6f3c58e,usr_1373,2026-07-04 07:51:41,2_Product_View,Books,
sess_db495dc4,usr_2498,2026-07-01 09:05:35,1_Landing,Books,
sess_8dccc9c2,usr_2135,2026-07-06 08:49:40,2_Product_View,Electronics,
sess_864958eb,usr_0675,2026-07-08 16:39:44,1_Landing,Books,
sess_56a5ea53,usr_2754,2026-07-01 02:12:09,1_Landing,Electronics,
sess_c181b6d6,usr_1448,2026-07-09 21:52:20,2_Product_View,Home & Kitchen,
sess_fe234778,usr_0086,2026-07-02 23:34:48,1_Landing,Home & Kitchen,
sess_41c0f33b,usr_0577,2026-07-01 17:16:34,1_Landing,Clothing,
sess_e26008c6,usr_1053,2026-07-07 16:47:15,1_Landing,Clothing,
sess_39b5968f,usr_2595,2026-07-03 13:56:53,1_Landing,Books,
sess_9b73789a,usr_0071,2026-07-07 18:48:09,2_Product_View,Electronics,
sess_894245dd,usr_2098,2026-07-05 06:46:11,1_Landing,Books,
sess_2cac2ca4,usr_1703,2026-07-02 06:48:32,3_Add_to_Cart,Home & Kitchen,
sess_25318d7b,usr_2436,2026-07-10 12:44:39,1_Landing,Clothing,
sess_d0bf62e6,usr_1455,08/07/2026 11:34:58,2_Product_View,Home & Kitchen,
sess_e4fd7623,usr_1915,2026-07-08 00:30:59,2_Product_View,Books,
sess_e1b3f45a,usr_0703,2026-07-08 15:10:34,2_Product_View,Home & Kitchen,
sess_eab1e36a,usr_1048,2026-07-04 02:32:35,1_Landing,Home & Kitchen,
sess_761b35bb,usr_2559,2026-07-08 10:48:56,1_Landing,Home & Kitchen,
sess_417503cd,usr_1840,2026-07-04 22:20:04,1_Landing,Clothing,
sess_b3e7829b,usr_2785,2026-07-07 15:17:42,1_Landing,Electronics,
sess_5d71f396,usr_2439,2026-07-06 08:07:17,4_Purchase,Books,7.78
sess_2f739563,usr_1537,2026-07-08 00:10:07,1_Landing,Clothing,
sess_4b2063f5,usr_1510,2026-07-05 19:24:31,1_Landing,Electronics,
sess_1105f727,usr_2686,2026-07-05T05:12:53Z,1_Landing,Clothing,
sess_d6414d83,usr_0872,2026-07-09 16:53:07,1_Landing,Books,
sess_81689561,usr_1503,2026-07-01 10:22:38,1_Landing,Home & Kitchen,
sess_77893618,usr_0227,06/07/2026 22:19:54,2_Product_View,Home & Kitchen,
sess_2b04b062,usr_0305,2026-07-02 23:30:48,1_Landing,Books,
sess_bb5a719d,usr_2171,2026-07-05 06:11:52,1_Landing,Electronics,
sess_af4e3d0c,usr_2453,2026-07-02 15:37:33,1_Landing,Electronics,
sess_573eceff,usr_2623,2026-07-03 02:19:11,1_Landing,Clothing,
sess_cee391f2,usr_1059,06/07/2026 09:25:09,2_Product_View,Electronics,
sess_957b05c3,usr_2060,2026-07-01 15:04:22,1_Landing,Books,
sess_591ac183,usr_2514,2026-07-08 03:52:42,1_Landing,Clothing,
sess_aab2c197,usr_0820,2026-07-08T13:25:54Z,1_Landing,Books,
sess_d9740430,usr_2384,08/07/2026 05:27:33,1_Landing,Electronics,
sess_012e97a4,usr_2708,2026-07-04 15:15:40,1_Landing,Clothing,
sess_6d123c2c,usr_0017,2026-07-04 01:15:56,1_Landing,Home & Kitchen,
sess_9db6b315,usr_1067,08/07/2026 16:57:01,1_Landing,Clothing,
sess_357475bc,usr_1995,09/07/2026 22:23:40,1_Landing,Electronics,
sess_2c207ffd,usr_1111,2026-07-07 11:17:02,2_Product_View,Electronics,
sess_9b770a0d,usr_0033,2026-07-05 06:42:45,1_Landing,Home & Kitchen,
sess_929f222c,usr_1014,2026-07-06 05:13:11,1_Landing,Home & Kitchen,
sess_4d6424c9,usr_1925,2026-07-06 20:27:56,4_Purchase,Books,38.1
sess_dcf2f10a,usr_1349,2026-07-08 03:44:53,3_Add_to_Cart,Electronics,
sess_1ffcd7f9,usr_1610,2026-07-01 14:40:45,1_Landing,Electronics,
sess_cee391f2,usr_1059,2026-07-06 09:40:31,4_Purchase,Electronics,319.31
sess_70ec6991,usr_0221,05/07/2026 21:04:29,3_Add_to_Cart,Books,
sess_84fef1e6,usr_1049,2026-07-01T17:37:16Z,1_Landing,Electronics,
sess_79b4f682,usr_1293,2026-07-06T14:47:49Z,2_Product_View,Home & Kitchen,
sess_8b8b2840,usr_0660,2026-07-01 04:04:25,3_Add_to_Cart,Books,
sess_21cf7d6f,usr_1736,2026-07-03 17:22:04,1_Landing,Electronics,
sess_00cbaf8d,usr_0661,2026-07-09 21:21:16,3_Add_to_Cart,Electronics,
sess_2c9dca09,usr_0114,2026-07-07 15:33:39,2_Product_View,Home & Kitchen,
sess_32794a35,usr_2579,2026-07-03 08:02:39,2_Product_View,Home & Kitchen,
sess_3810e835,usr_1321,2026-07-03T02:20:08Z,1_Landing,Home & Kitchen,
sess_732a906a,usr_2350,2026-07-03 18:39:07,2_Product_View,Home & Kitchen,
sess_72c6c3e4,usr_1308,02/07/2026 04:20:08,2_Product_View,Clothing,
sess_f11ef600,usr_1659,02/07/2026 19:18:46,1_Landing,Clothing,
sess_eea2d5f5,usr_1613,2026-07-02 07:05:05,2_Product_View,Electronics,
sess_76f6f772,usr_2009,01/07/2026 11:17:25,1_Landing,Clothing,
sess_1edb23eb,usr_1403,2026-07-01 08:26:07,1_Landing,Books,
sess_0f18dd60,usr_2455,2026-07-10 20:23:13,4_Purchase,Clothing,121.99
sess_d4509e42,usr_2152,2026-07-05 08:11:27,1_Landing,Clothing,
sess_72690f7d,usr_1074,2026-07-04 00:17:35,1_Landing,Books,
sess_5208cb87,usr_1358,2026-07-04T01:13:55Z,1_Landing,Books,
sess_bf202b75,usr_1399,2026-07-03 11:27:34,3_Add_to_Cart,Books,
sess_dce7f78d,usr_2385,2026-07-01 14:12:40,2_Product_View,Home & Kitchen,
sess_e1b3f45a,usr_0703,2026-07-08 15:20:22,3_Add_to_Cart,Home & Kitchen,
sess_a34e2b34,usr_1645,2026-07-04T16:52:39Z,1_Landing,Home & Kitchen,
sess_74ce6f77,usr_2797,2026-07-06 09:46:24,2_Product_View,Electronics,
sess_c75d8d89,usr_0650,08/07/2026 09:37:48,4_Purchase,Electronics,703.38
sess_6bf488da,usr_0404,2026-07-07 02:56:29,1_Landing,Electronics,
sess_59d116dd,usr_0788,2026-07-01T02:56:32Z,2_Product_View,Clothing,
sess_b32dc00e,usr_2796,2026-07-03 22:54:20,1_Landing,Home & Kitchen,
sess_f5290935,usr_1614,2026-07-05T08:43:58Z,2_Product_View,Electronics,
sess_b3187108,usr_2323,2026-07-02 22:44:17,3_Add_to_Cart,Electronics,
sess_53cb7963,usr_2441,01/07/2026 19:41:41,1_Landing,Electronics,
sess_72adedb0,usr_1407,2026-07-05 10:58:11,2_Product_View,Home & Kitchen,
sess_c851c6b4,usr_2460,09/07/2026 11:16:49,3_Add_to_Cart,Clothing,
sess_51fe199e,usr_1824,2026-07-06 14:50:02,2_Product_View,Electronics,
sess_19d3118a,usr_0985,2026-07-05 23:51:02,2_Product_View,Clothing,
sess_5a346900,usr_0254,2026-07-03 21:35:29,3_Add_to_Cart,Books,
sess_432f18c1,usr_2127,2026-07-04 09:36:46,2_Product_View,Home & Kitchen,
sess_b47bd98e,usr_0663,2026-07-02 07:44:17,2_Product_View,Clothing,
sess_90809069,usr_0464,2026-07-02 12:35:25,1_Landing,Electronics,
sess_cc64afc8,usr_1747,2026-07-06 19:30:03,2_Product_View,Home & Kitchen,
sess_87fb61d4,usr_1876,2026-07-06 02:20:59,1_Landing,Electronics,
sess_061f7979,usr_2160,02/07/2026 12:30:39,1_Landing,Home & Kitchen,
sess_8fbf909c,usr_1596,2026-07-10 22:04:25,3_Add_to_Cart,Home & Kitchen,
sess_db2b792b,usr_1123,2026-07-03 10:15:03,1_Landing,Home & Kitchen,
sess_b5e2a527,usr_0389,06/07/2026 10:08:24,1_Landing,Electronics,
sess_54482cb4,usr_2255,2026-07-07 20:04:59,1_Landing,Home & Kitchen,
sess_0e5887c3,usr_0476,2026-07-05 00:34:52,2_Product_View,Electronics,
sess_face60ce,usr_0413,2026-07-06 14:17:14,1_Landing,Home & Kitchen,
sess_1759ea6c,usr_2177,2026-07-08 06:03:51,2_Product_View,Home & Kitchen,
sess_71d70592,usr_0077,2026-07-10T01:22:34Z,1_Landing,Electronics,
sess_b7773e6d,usr_2313,2026-07-02 11:13:32,4_Purchase,Books,37.75
sess_66694374,usr_2025,2026-07-04 01:58:49,2_Product_View,Books,
sess_1e12a28b,usr_1292,2026-07-02 17:51:11,3_Add_to_Cart,Electronics,
sess_0e50b27d,usr_1615,10/07/2026 14:05:07,1_Landing,Electronics,
sess_8d11780c,usr_0664,2026-07-01 19:00:53,2_Product_View,Electronics,
sess_f5d799a3,usr_0603,10/07/2026 16:18:46,2_Product_View,Electronics,
sess_ee26f7c9,usr_2580,2026-07-06 22:12:02,1_Landing,Clothing,
sess_324203c1,usr_2684,2026-07-01 17:27:51,1_Landing,Books,
sess_b65025bd,usr_1670,2026-07-04 12:31:48,1_Landing,Books,
sess_672917de,usr_1676,2026-07-10 20:24:35,1_Landing,Electronics,
sess_cd913c3b,usr_0163,2026-07-01 09:48:51,2_Product_View,Books,
sess_9a4d1098,usr_1271,2026-07-09 03:38:56,4_Purchase,Clothing,140.97
sess_e53f933c,usr_2411,2026-07-09 17:06:06,4_Purchase,Home & Kitchen,
sess_fa2e7300,usr_2246,2026-07-10 19:54:50,2_Product_View,Home & Kitchen,
sess_d292e3cb,usr_0419,02/07/2026 14:06:51,1_Landing,Clothing,
sess_04b4ebc8,usr_1564,2026-07-03 14:20:42,1_Landing,Electronics,
sess_c9747d7e,usr_1753,2026-07-03 19:51:40,1_Landing,Books,
sess_012e97a4,usr_2708,2026-07-04 15:26:29,2_Product_View,Clothing,
sess_17216ccb,usr_0023,2026-07-04 15:54:08,2_Product_View,Books,
sess_ab1d13ba,usr_2066,2026-07-03T05:03:24Z,3_Add_to_Cart,Home & Kitchen,
sess_cc64afc8,usr_1747,2026-07-06 19:26:52,1_Landing,Home & Kitchen,
sess_88010216,usr_0975,2026-07-08 22:12:59,2_Product_View,Home & Kitchen,
sess_a360623c,usr_0749,02/07/2026 21:32:00,2_Product_View,Electronics,
sess_2bfa9f1a,usr_2475,2026-07-05 14:47:10,2_Product_View,Electronics,
sess_0f69bf7b,usr_2486,08/07/2026 12:58:11,1_Landing,Electronics,
sess_732d24f9,usr_2112,2026-07-03 21:22:39,2_Product_View,Home & Kitchen,
sess_7ade2fc0,usr_1688,2026-07-01 08:12:17,3_Add_to_Cart,Home & Kitchen,
sess_8171f853,usr_0478,2026-07-01 16:08:59,2_Product_View,Electronics,
sess_0b5ec791,usr_1666,2026-07-09 04:24:38,1_Landing,Books,
sess_263d25e8,usr_1103,2026-07-04 19:59:06,2_Product_View,Books,
sess_51ce0935,usr_2620,2026-07-04 06:44:03,2_Product_View,Books,
sess_0dcc51f8,usr_1554,2026-07-08 13:31:16,1_Landing,Electronics,
sess_ad49ec65,usr_0386,2026-07-05 20:16:01,2_Product_View,Clothing,
sess_10c110aa,usr_1819,2026-07-03 17:51:53,3_Add_to_Cart,Books,
sess_ff9290dd,usr_1769,09/07/2026 07:47:39,2_Product_View,Home & Kitchen,
sess_8170e7e6,usr_0140,10/07/2026 12:52:40,1_Landing,Home & Kitchen,
sess_55f37575,usr_0759,2026-07-06 04:49:55,1_Landing,Home & Kitchen,
sess_bff70874,usr_2304,04/07/2026 20:19:37,2_Product_View,Clothing,
sess_c3153978,usr_2752,2026-07-02 20:34:58,1_Landing,Home & Kitchen,
sess_ea9541cd,usr_1189,2026-07-07 02:08:17,2_Product_View,Electronics,
sess_d6e45486,usr_1378,06/07/2026 05:36:27,1_Landing,Home & Kitchen,
sess_f1a8fa5e,usr_1061,2026-07-10T14:57:21Z,1_Landing,Home & Kitchen,
sess_42d5f31a,usr_1717,05/07/2026 01:04:30,2_Product_View,Books,
sess_48925b66,usr_0361,2026-07-10T03:17:49Z,1_Landing,Electronics,
sess_f1da1f56,usr_0482,09/07/2026 20:38:38,1_Landing,Home & Kitchen,
sess_77034838,usr_2692,2026-07-03 05:58:02,2_Product_View,Electronics,
sess_0f4fb8ff,usr_1154,2026-07-01 08:12:35,2_Product_View,Books,
sess_826191db,usr_0501,2026-07-04T23:04:00Z,2_Product_View,Clothing,
sess_6b3461ac,usr_1624,06/07/2026 22:21:40,2_Product_View,Electronics,
sess_d3b7aa0f,usr_0902,2026-07-01 00:21:09,2_Product_View,Clothing,
sess_269ad96b,usr_2538,2026-07-06 20:43:43,1_Landing,Clothing,
sess_af1be02c,usr_2254,2026-07-10 11:34:43,1_Landing,Books,
sess_bd723569,usr_0883,2026-07-06 09:29:10,1_Landing,Clothing,
sess_102ed7f9,usr_0170,2026-07-05 06:48:32,1_Landing,Books,
sess_47e4a68e,usr_1878,2026-07-05 09:29:54,3_Add_to_Cart,Clothing,
sess_061f7979,usr_2160,2026-07-02 12:34:59,2_Product_View,Home & Kitchen,
sess_42e0fb9a,usr_0343,2026-07-02 00:18:49,2_Product_View,Books,
sess_21cf7d6f,usr_1736,2026-07-03 17:33:15,3_Add_to_Cart,Electronics,
sess_d7e8107c,usr_2511,2026-07-07 17:59:59,1_Landing,Electronics,
sess_0b9d47ec,usr_0489,2026-07-06 20:18:09,2_Product_View,Clothing,
sess_657c2b8b,usr_0129,2026-07-03 02:51:10,2_Product_View,Clothing,
sess_3a21b9d4,usr_1124,02/07/2026 16:03:37,3_Add_to_Cart,Clothing,
sess_94dd36b8,usr_1375,2026-07-01 11:50:14,1_Landing,Books,
sess_af0cdf23,usr_2421,2026-07-01 08:31:00,2_Product_View,Books,
sess_9dfa45f7,usr_2723,2026-07-05 05:35:48,2_Product_View,Clothing,
sess_c3feb9eb,usr_0748,2026-07-01 20:25:48,2_Product_View,Clothing,
sess_5f376948,usr_1815,2026-07-02 05:01:35,1_Landing,Books,
sess_53cb7963,usr_2441,2026-07-01 20:10:03,4_Purchase,Electronics,407.52
sess_7733fa54,usr_1018,2026-07-05 02:21:35,4_Purchase,Books,11.53
sess_9939fa5c,usr_2097,2026-07-06 18:55:44,1_Landing,Books,
sess_af0cdf23,usr_2421,2026-07-01 08:43:31,4_Purchase,Books,49.16
sess_4954ebc9,usr_2534,2026-07-03 00:57:05,1_Landing,Electronics,
sess_e492ebcd,usr_2770,2026-07-04 12:46:37,1_Landing,Home & Kitchen,
sess_bf03f749,usr_0866,2026-07-07 22:29:21,2_Product_View,Electronics,
sess_b7479a15,usr_1828,2026-07-03 19:23:36,1_Landing,Electronics,
sess_ece91ea3,usr_1976,2026-07-09 03:31:09,1_Landing,Electronics,
sess_ec9b963b,usr_0237,2026-07-04T18:35:35Z,2_Product_View,Home & Kitchen,
sess_65564c7c,usr_2548,2026-07-01 12:36:27,1_Landing,Electronics,
sess_f6c64cbd,usr_0192,2026-07-07 16:23:01,1_Landing,Electronics,
sess_a7009ba5,usr_2694,01/07/2026 04:15:44,4_Purchase,Clothing,70.12
sess_338edd3d,usr_1466,2026-07-10T03:30:18Z,2_Product_View,Books,
sess_f1cd24d4,usr_0266,2026-07-08 20:12:48,1_Landing,Books,
sess_59a5bfe6,usr_2416,10/07/2026 21:59:54,1_Landing,Books,
sess_43baaa0b,usr_2146,2026-07-02 18:00:41,1_Landing,Home & Kitchen,
sess_4b11db4b,usr_1777,2026-07-04 14:09:43,1_Landing,Clothing,
sess_37a7dd88,usr_0094,2026-07-10 19:03:39,1_Landing,Home & Kitchen,
sess_7ae53581,usr_0674,2026-07-01 04:16:02,3_Add_to_Cart,Electronics,
sess_30f81cf5,usr_1774,01/07/2026 13:11:57,2_Product_View,Electronics,
sess_d7299bb7,usr_1371,2026-07-02 03:32:06,3_Add_to_Cart,Electronics,
sess_ca71f6e8,usr_2375,2026-07-01 04:33:22,2_Product_View,Clothing,
sess_e999b54e,usr_2045,2026-07-01T06:51:51Z,2_Product_View,Clothing,
sess_5f47825b,usr_0948,2026-07-10 03:48:12,2_Product_View,Electronics,
sess_dd28c12c,usr_2765,2026-07-10 13:27:37,1_Landing,Clothing,
sess_3ffb1924,usr_1458,2026-07-07 04:39:30,2_Product_View,Electronics,
sess_26fbd764,usr_1538,2026-07-02 04:55:02,1_Landing,Books,
sess_ef47798b,usr_0614,2026-07-05 12:32:54,2_Product_View,Electronics,
sess_184f0f26,usr_0836,2026-07-06 03:50:29,2_Product_View,Books,
sess_7241d488,usr_1730,2026-07-09 02:36:59,1_Landing,Clothing,
sess_08ef0d8c,usr_1760,07/07/2026 20:08:43,3_Add_to_Cart,Electronics,
sess_2aa0d680,usr_1451,2026-07-10 04:47:15,2_Product_View,Home & Kitchen,
sess_e541af18,usr_0916,2026-07-08 04:13:01,4_Purchase,Electronics,608.22
sess_4d6424c9,usr_1925,2026-07-06 20:20:53,3_Add_to_Cart,Books,
sess_d4972fd4,usr_1706,2026-07-01 09:06:36,3_Add_to_Cart,Books,
sess_d4972fd4,usr_1706,2026-07-01 08:57:06,2_Product_View,Books,
sess_bb01cd99,usr_1791,2026-07-07 21:05:51,3_Add_to_Cart,Electronics,
sess_1f650db9,usr_2712,2026-07-05T22:07:29Z,2_Product_View,Books,
sess_ee693703,usr_1745,2026-07-01 04:55:23,2_Product_View,Home & Kitchen,
sess_e11ee2c6,usr_0302,2026-07-08 07:10:58,2_Product_View,Clothing,
sess_e3b0f5f2,usr_1553,2026-07-08T16:24:00Z,2_Product_View,Books,
sess_a210eb57,usr_2688,2026-07-10 13:32:47,1_Landing,Books,
sess_4d16a8d3,usr_0057,2026-07-08 14:09:24,2_Product_View,Electronics,
sess_402de5b3,usr_1967,09/07/2026 13:29:23,2_Product_View,Books,
sess_3ea308a4,usr_1490,2026-07-01 10:26:16,1_Landing,Electronics,
sess_76e6be37,usr_2269,2026-07-05 00:35:15,2_Product_View,Electronics,
sess_bb01cd99,usr_1791,2026-07-07 20:47:49,1_Landing,Electronics,
sess_6dbb4adf,usr_1383,2026-07-03 07:46:31,2_Product_View,Home & Kitchen,
sess_ae1560dd,usr_0416,2026-07-03 21:19:52,1_Landing,Electronics,
sess_60f932c0,usr_0832,10/07/2026 01:15:44,1_Landing,Books,
sess_cdaa7225,usr_0499,09/07/2026 19:33:21,1_Landing,Books,
sess_68826923,usr_1660,2026-07-10 13:40:38,1_Landing,Books,
sess_e7e1aa57,usr_1528,2026-07-06 14:03:20,2_Product_View,Home & Kitchen,
sess_3f56eb4f,usr_1116,2026-07-01T00:17:08Z,2_Product_View,Home & Kitchen,
sess_30b91afd,usr_0028,2026-07-03 12:00:24,1_Landing,Electronics,
sess_dde44345,usr_1246,2026-07-04 09:02:33,1_Landing,Electronics,
sess_61ea52f3,usr_0181,2026-07-03 20:31:29,1_Landing,Electronics,
sess_f4254596,usr_1199,2026-07-05 23:27:10,1_Landing,Books,
sess_7eb1d5a7,usr_0171,2026-07-01 07:29:57,2_Product_View,Home & Kitchen,
sess_0cd8e37c,usr_0409,2026-07-08 01:09:45,1_Landing,Books,
sess_fa967ca2,usr_2442,2026-07-09 19:28:47,2_Product_View,Home & Kitchen,
sess_cc301334,usr_1622,04/07/2026 10:44:32,1_Landing,Home & Kitchen,
sess_68dffeb6,usr_1366,2026-07-10T03:02:13Z,1_Landing,Books,
sess_84785e37,usr_1482,2026-07-02 18:01:40,1_Landing,Clothing,
sess_fcbd7e59,usr_1684,2026-07-07 03:06:09,1_Landing,Books,
sess_4a2aeaf0,usr_2090,2026-07-05 20:45:52,1_Landing,Home & Kitchen,
sess_72f8169a,usr_1080,01/07/2026 05:55:32,3_Add_to_Cart,Home & Kitchen,
sess_3d06f26b,usr_0940,2026-07-10 21:22:49,1_Landing,Books,
sess_b531402e,usr_0399,2026-07-08 14:32:23,1_Landing,Electronics,
sess_b4e0e66a,usr_1003,2026-07-04 01:51:41,1_Landing,Clothing,
sess_e4c29366,usr_1356,2026-07-06 10:51:01,2_Product_View,Electronics,
sess_242ae15d,usr_0040,2026-07-09 02:02:13,3_Add_to_Cart,Clothing,
sess_8c6b4981,usr_2153,2026-07-09T02:48:43Z,2_Product_View,Books,
sess_9c9587f1,usr_1906,2026-07-10 08:46:53,1_Landing,Electronics,
sess_2239490e,usr_1467,2026-07-03 16:58:51,3_Add_to_Cart,Clothing,
sess_b7dcdcda,usr_1209,2026-07-04 00:52:15,2_Product_View,Books,
sess_027f6177,usr_2562,2026-07-01 22:18:40,2_Product_View,Clothing,
sess_b8934e45,usr_2740,2026-07-03 02:27:54,3_Add_to_Cart,Clothing,
sess_51ab71ca,usr_1630,2026-07-03T14:15:53Z,2_Product_View,Books,
sess_525cbb44,usr_2758,09/07/2026 16:06:54,1_Landing,Electronics,
sess_c181b6d6,usr_1448,2026-07-09T21:49:35Z,1_Landing,Home & Kitchen,
sess_f975a13f,usr_1478,2026-07-02 05:54:56,2_Product_View,Clothing,
sess_5e129f18,usr_0954,07/07/2026 13:20:55,1_Landing,Home & Kitchen,
sess_aa4327df,usr_2348,2026-07-01 05:39:14,2_Product_View,Books,
sess_d751031f,usr_0950,2026-07-09T09:32:08Z,2_Product_View,Home & Kitchen,
sess_af73221e,usr_1345,2026-07-01 19:05:18,2_Product_View,Clothing,
sess_8e312e83,usr_1145,2026-07-03 06:04:58,1_Landing,Electronics,
sess_9226d789,usr_1191,07/07/2026 13:49:13,2_Product_View,Electronics,
sess_9ed5892d,usr_0481,2026-07-10 03:00:32,1_Landing,Books,
sess_3eeadc5c,usr_1559,2026-07-08 09:10:45,2_Product_View,Clothing,
sess_b11210a6,usr_0570,2026-07-09 14:52:39,2_Product_View,Electronics,
sess_7bbb07da,usr_1319,2026-07-06T04:24:28Z,1_Landing,Clothing,
sess_243cea7f,usr_1125,2026-07-03 10:45:23,1_Landing,Books,
sess_a772dfc9,usr_0210,2026-07-08 01:40:24,1_Landing,Books,
sess_89c4a848,usr_0467,2026-07-07T08:40:36Z,3_Add_to_Cart,Home & Kitchen,
sess_f22bd80e,usr_0641,07/07/2026 19:18:29,1_Landing,Electronics,
sess_3c87507c,usr_0239,2026-07-05 14:13:10,2_Product_View,Books,
sess_e23d91e1,usr_1041,2026-07-08 16:52:11,2_Product_View,Books,
sess_90152f50,usr_0612,2026-07-04 02:02:52,2_Product_View,Home & Kitchen,
sess_c9cf3975,usr_1337,2026-07-04 13:59:10,1_Landing,Home & Kitchen,
sess_41aa1200,usr_0091,2026-07-02T02:41:05Z,3_Add_to_Cart,Books,
sess_f91a95b5,usr_1008,2026-07-03 15:35:58,2_Product_View,Clothing,
sess_b4ed419f,usr_1576,2026-07-09 23:15:55,3_Add_to_Cart,Books,
sess_bdf5f61e,usr_2043,2026-07-10 20:50:50,1_Landing,Electronics,
sess_190967f7,usr_1099,2026-07-02T15:15:21Z,1_Landing,Clothing,
sess_19de02a4,usr_1871,2026-07-01 06:26:30,3_Add_to_Cart,Books,
sess_1bf5a92a,usr_2496,2026-07-03 00:05:08,1_Landing,Clothing,
sess_79186acf,usr_1021,2026-07-01 10:12:33,2_Product_View,Books,
sess_d7c45de1,usr_2049,2026-07-07 04:13:49,2_Product_View,Electronics,
sess_95003fad,usr_2342,2026-07-01T10:11:11Z,1_Landing,Clothing,
sess_b9d7fec4,usr_1552,2026-07-01 15:58:10,2_Product_View,Clothing,
sess_15ff8a80,usr_0638,2026-07-08 23:30:51,2_Product_View,Electronics,
sess_225849c1,usr_1119,2026-07-06 06:19:29,1_Landing,Electronics,
sess_6dd6cf89,usr_1374,2026-07-06 14:26:58,1_Landing,Electronics,
sess_a102e1aa,usr_0503,2026-07-01 01:44:07,1_Landing,Electronics,
sess_0797c30e,usr_1117,2026-07-03 06:01:11,1_Landing,Clothing,
sess_48e5b1ae,usr_2379,2026-07-04 22:49:58,2_Product_View,Electronics,
sess_d59c2018,usr_1909,2026-07-08 14:28:09,1_Landing,Books,
sess_61581234,usr_1826,2026-07-01 10:39:55,2_Product_View,Electronics,
sess_4cef22b7,usr_2395,2026-07-10 23:05:03,3_Add_to_Cart,Electronics,
sess_89eefff8,usr_0668,03/07/2026 09:05:37,2_Product_View,Home & Kitchen,
sess_e4a16834,usr_0953,2026-07-09 06:23:29,1_Landing,Electronics,
sess_b73b53a7,usr_1195,2026-07-05 16:34:42,1_Landing,Home & Kitchen,
sess_6fe9c03f,usr_1250,2026-07-10 11:17:08,1_Landing,Clothing,
sess_1a5cd0e7,usr_1090,2026-07-02 18:08:47,1_Landing,Clothing,
sess_86156816,usr_0542,05/07/2026 04:53:03,1_Landing,Home & Kitchen,
sess_f4ddcacb,usr_0301,2026-07-05 12:57:42,2_Product_View,Electronics,
sess_6322f463,usr_2154,2026-07-08 12:26:07,2_Product_View,Home & Kitchen,
sess_66750d24,usr_1333,2026-07-07 23:21:28,1_Landing,Books,
sess_8e4269d2,usr_0034,2026-07-01 14:39:36,1_Landing,Electronics,
sess_efc04b37,usr_1470,2026-07-01 05:22:32,1_Landing,Home & Kitchen,
sess_552f0736,usr_2449,2026-07-03 03:25:00,2_Product_View,Clothing,
sess_af39d4fb,usr_0665,2026-07-01 11:41:09,1_Landing,Electronics,
sess_b4cf563a,usr_2696,07/07/2026 04:56:18,2_Product_View,Books,
sess_86c3084a,usr_0443,2026-07-03 23:00:44,1_Landing,Clothing,
sess_90fb5222,usr_1954,2026-07-08 12:46:36,1_Landing,Home & Kitchen,
sess_d57cc522,usr_1846,2026-07-08 04:53:51,2_Product_View,Electronics,
sess_cf027333,usr_1507,2026-07-05T02:40:17Z,4_Purchase,Books,
sess_82989828,usr_1718,2026-07-06 17:35:47,1_Landing,Books,
sess_ed3b2366,usr_1302,2026-07-10 09:27:06,3_Add_to_Cart,Books,
sess_a5a5842d,usr_0797,08/07/2026 16:57:30,1_Landing,Books,
sess_d5c27955,usr_1339,2026-07-02 03:23:54,3_Add_to_Cart,Home & Kitchen,
sess_9c395ab1,usr_1790,2026-07-07T23:00:30Z,2_Product_View,Books,
sess_8ff44ef1,usr_0187,01/07/2026 07:45:28,1_Landing,Clothing,
sess_9b28dd47,usr_0978,2026-07-08 23:24:20,3_Add_to_Cart,Books,
sess_a3958204,usr_2258,2026-07-05 06:49:17,1_Landing,Electronics,
sess_af1e5746,usr_2675,2026-07-03 07:03:37,1_Landing,Clothing,
sess_0df76b37,usr_2701,2026-07-05 01:56:23,1_Landing,Clothing,
sess_52ac82b5,usr_2047,09/07/2026 17:00:06,2_Product_View,Electronics,
sess_8ce59559,usr_0812,2026-07-10 20:07:45,1_Landing,Clothing,
sess_e06c319b,usr_0569,2026-07-04T03:11:42Z,1_Landing,Home & Kitchen,
sess_41bd0d65,usr_1867,2026-07-07 05:01:06,2_Product_View,Clothing,
sess_a48caba4,usr_1768,2026-07-03 21:14:49,1_Landing,Clothing,
sess_473bc0ec,usr_1043,2026-07-07 01:25:48,1_Landing,Clothing,
sess_e8f62b09,usr_1505,2026-07-08 22:19:23,1_Landing,Clothing,
sess_23bc4870,usr_1020,2026-07-08 00:55:28,1_Landing,Books,
sess_b8378428,usr_1430,2026-07-05 22:25:29,3_Add_to_Cart,Books,
sess_31beb0a1,usr_2685,2026-07-04 08:58:00,3_Add_to_Cart,Home & Kitchen,
sess_a6e99413,usr_1211,2026-07-02 23:36:27,2_Product_View,Books,
sess_8ce923b0,usr_0678,2026-07-02 06:42:13,3_Add_to_Cart,Home & Kitchen,
sess_5b84d044,usr_0159,2026-07-07 15:13:03,3_Add_to_Cart,Clothing,
sess_5e99b567,usr_0818,2026-07-01 15:24:43,2_Product_View,Books,
sess_63196875,usr_1884,2026-07-02 21:25:30,2_Product_View,Clothing,
sess_e26008c6,usr_1053,2026-07-07 17:03:21,3_Add_to_Cart,Clothing,
sess_609a7ed6,usr_1132,02/07/2026 03:04:23,1_Landing,Clothing,
sess_8992a4c0,usr_0853,2026-07-03T12:23:08Z,1_Landing,Books,
sess_4ede67ad,usr_0128,2026-07-09T13:36:43Z,1_Landing,Clothing,
sess_3dec5f49,usr_2730,2026-07-02 06:25:20,2_Product_View,Home & Kitchen,
sess_473bc0ec,usr_1043,2026-07-07 01:41:29,2_Product_View,Clothing,
sess_cfad164b,usr_2434,2026-07-02 08:15:22,2_Product_View,Clothing,
sess_735e04dd,usr_0456,2026-07-02 20:57:50,3_Add_to_Cart,Home & Kitchen,
sess_59b6f251,usr_1900,2026-07-08 05:36:16,2_Product_View,Electronics,
sess_55a4c2f6,usr_1037,2026-07-09 15:46:55,1_Landing,Books,
sess_d7207bcc,usr_2156,2026-07-01 02:52:14,2_Product_View,Books,
sess_596049e9,usr_0983,2026-07-08 03:29:37,2_Product_View,Books,
sess_2fdf5cc9,usr_0937,2026-07-08 01:17:00,2_Product_View,Books,
sess_a5a5842d,usr_0797,2026-07-08T17:17:13Z,4_Purchase,Books,31.89
sess_7a8e2dd8,usr_2249,2026-07-08 05:59:27,2_Product_View,Electronics,
sess_8fe5a22d,usr_2417,02/07/2026 11:36:43,2_Product_View,Books,
sess_1f650db9,usr_2712,2026-07-05 22:10:06,3_Add_to_Cart,Books,
sess_b28c1dca,usr_2372,2026-07-01 06:45:42,1_Landing,Electronics,
sess_58d1f6cb,usr_2144,2026-07-03 18:11:52,1_Landing,Home & Kitchen,
sess_4be4e88e,usr_2355,02/07/2026 14:04:22,1_Landing,Home & Kitchen,
sess_e282c644,usr_0108,2026-07-09 01:35:12,2_Product_View,Books,
sess_48925b66,usr_0361,2026-07-10 03:24:23,2_Product_View,Electronics,
sess_aa149056,usr_2776,2026-07-06 15:19:42,1_Landing,Electronics,
sess_03b5f0bb,usr_0580,2026-07-09 04:28:10,1_Landing,Clothing,
sess_bf202b75,usr_1399,2026-07-03 11:34:34,4_Purchase,Books,37.26
sess_9468ad6e,usr_0427,2026-07-01 02:22:05,2_Product_View,Books,
sess_24fd4469,usr_2184,2026-07-04 17:50:45,3_Add_to_Cart,Electronics,
sess_5d31fc52,usr_2563,2026-07-01T14:07:05Z,1_Landing,Clothing,
sess_6dbac320,usr_1299,2026-07-05 07:20:55,2_Product_View,Home & Kitchen,
sess_61bd8af7,usr_1486,2026-07-02 14:44:49,4_Purchase,Clothing,21.95
sess_30b0d3ba,usr_0053,2026-07-10 18:20:44,2_Product_View,Clothing,
sess_53711743,usr_0323,2026-07-09 10:24:48,1_Landing,Books,
sess_1e227448,usr_0001,2026-07-10 13:06:33,2_Product_View,Electronics,
sess_932a600a,usr_2123,10/07/2026 11:01:42,1_Landing,Electronics,
sess_48f60476,usr_0234,09/07/2026 04:47:08,4_Purchase,Electronics,236.49
sess_05292fa5,usr_0002,2026-07-09 13:28:23,2_Product_View,Clothing,
sess_fdaf485e,usr_0466,02/07/2026 18:49:06,1_Landing,Electronics,
sess_af1b4827,usr_1317,2026-07-10 09:38:27,2_Product_View,Home & Kitchen,
sess_69cd5854,usr_2204,2026-07-07 22:50:37,2_Product_View,Clothing,
sess_71fe65ee,usr_0541,2026-07-09 10:05:36,3_Add_to_Cart,Books,
sess_dadc0104,usr_1315,2026-07-02T15:21:36Z,3_Add_to_Cart,Books,
sess_29a22e41,usr_0117,2026-07-03 14:44:18,2_Product_View,Books,
sess_ce69c9c0,usr_2689,2026-07-09 00:02:35,1_Landing,Books,
sess_ddc9a8e3,usr_0590,2026-07-08 15:29:11,3_Add_to_Cart,Books,
sess_2b5ecad5,usr_1457,2026-07-10 17:57:36,1_Landing,Clothing,
sess_8314cdf8,usr_1895,2026-07-03 18:40:55,1_Landing,Electronics,
sess_ed302652,usr_1223,2026-07-09 21:45:37,2_Product_View,Clothing,
sess_6682a5b3,usr_1783,2026-07-04 21:31:53,1_Landing,Home & Kitchen,
sess_115e19b2,usr_1732,2026-07-06 02:20:14,2_Product_View,Clothing,
sess_dede1baf,usr_1303,2026-07-07 20:27:30,2_Product_View,Electronics,
sess_7fa2fd16,usr_0813,2026-07-10 04:24:42,1_Landing,Electronics,
sess_836a9b92,usr_0889,01/07/2026 23:34:32,1_Landing,Clothing,
sess_f90f299f,usr_1186,2026-07-07 14:19:29,1_Landing,Home & Kitchen,
sess_c9727910,usr_1372,2026-07-09 18:51:02,1_Landing,Books,
sess_d42f18ce,usr_2715,2026-07-04 17:39:12,3_Add_to_Cart,Clothing,
sess_8d11780c,usr_0664,2026-07-01T19:03:08Z,3_Add_to_Cart,Electronics,
sess_ee693703,usr_1745,01/07/2026 04:54:15,1_Landing,Home & Kitchen,
sess_c85121c8,usr_1933,2026-07-06 18:57:39,2_Product_View,Home & Kitchen,
sess_2b1523f3,usr_0690,2026-07-01 10:22:56,1_Landing,Electronics,
sess_a03c30c5,usr_1204,08/07/2026 15:48:21,1_Landing,Home & Kitchen,
sess_b8759200,usr_1011,2026-07-09 13:38:42,2_Product_View,Electronics,
sess_137d8cb1,usr_1781,2026-07-08 13:37:10,1_Landing,Electronics,
sess_282db73d,usr_0904,2026-07-01 03:48:17,1_Landing,Clothing,
sess_f7a3af13,usr_1386,2026-07-02 16:06:05,3_Add_to_Cart,Books,
sess_f58f2604,usr_1142,2026-07-06 18:51:27,2_Product_View,Clothing,
sess_f6ecacf7,usr_1260,2026-07-10 13:52:20,2_Product_View,Clothing,
sess_a938d34b,usr_2036,2026-07-02 14:56:13,2_Product_View,Clothing,
sess_290c1374,usr_2399,2026-07-02 13:58:24,1_Landing,Home & Kitchen,
sess_0972e772,usr_0756,2026-07-01 08:26:05,1_Landing,Home & Kitchen,
sess_82d72eab,usr_2143,2026-07-05 20:38:31,1_Landing,Books,
sess_55af8f41,usr_1102,2026-07-02 21:03:35,1_Landing,Electronics,
sess_de16e47c,usr_0596,2026-07-04 12:24:08,1_Landing,Electronics,
sess_b5c0b64e,usr_2792,2026-07-04 12:11:41,2_Product_View,Electronics,
sess_41a4c378,usr_0112,2026-07-05 17:05:28,2_Product_View,Clothing,
sess_1891a5ee,usr_0029,2026-07-09 21:45:31,1_Landing,Books,
sess_fc0fdb7f,usr_0811,2026-07-08 11:20:51,3_Add_to_Cart,Electronics,
sess_b5574f44,usr_1661,2026-07-06 10:20:22,1_Landing,Electronics,
sess_61581234,usr_1826,2026-07-01 10:24:19,1_Landing,Electronics,
sess_fe511377,usr_2358,01/07/2026 02:31:07,2_Product_View,Home & Kitchen,
sess_4d16a8d3,usr_0057,2026-07-08 13:56:40,1_Landing,Electronics,
sess_62d82857,usr_0658,2026-07-08 23:04:50,2_Product_View,Home & Kitchen,
sess_45f85264,usr_1012,2026-07-05 18:05:49,1_Landing,Home & Kitchen,
sess_5835654e,usr_2793,2026-07-04 20:09:40,1_Landing,Books,
sess_e57e5f84,usr_2773,2026-07-03 12:15:47,2_Product_View,Electronics,
sess_cee391f2,usr_1059,06/07/2026 09:35:35,3_Add_to_Cart,Electronics,
sess_bb260619,usr_2330,2026-07-06 09:36:47,3_Add_to_Cart,Clothing,
sess_f9f07e33,usr_1567,2026-07-05 15:46:14,1_Landing,Electronics,
sess_3b8aa7e4,usr_2682,2026-07-03 23:55:22,1_Landing,Electronics,
sess_08a1a3d6,usr_1695,2026-07-02 10:14:19,1_Landing,Electronics,
sess_f8f8c8e9,usr_2762,2026-07-10 11:53:53,3_Add_to_Cart,Clothing,
sess_d0ff68d8,usr_1418,2026-07-04 15:17:09,2_Product_View,Books,
sess_03996d17,usr_0465,10/07/2026 18:51:36,3_Add_to_Cart,Electronics,
sess_c9777734,usr_0837,2026-07-01T18:11:21Z,1_Landing,Clothing,
sess_8d3f83cf,usr_2606,2026-07-07 07:02:12,3_Add_to_Cart,Electronics,
sess_09705aee,usr_2608,2026-07-09T03:06:35Z,3_Add_to_Cart,Home & Kitchen,
sess_9b8d29a0,usr_2527,2026-07-02 11:25:10,1_Landing,Home & Kitchen,
sess_1eaa5b3d,usr_2352,2026-07-10 22:06:24,2_Product_View,Books,
sess_e3dc08b9,usr_0182,10/07/2026 20:51:59,2_Product_View,Books,
sess_eba61c46,usr_1663,2026-07-08 17:22:05,1_Landing,Electronics,
sess_4fb1cd57,usr_1084,2026-07-09 02:53:30,2_Product_View,Books,
sess_9939fa5c,usr_2097,2026-07-06 19:20:09,4_Purchase,Books,6.89
sess_89f40704,usr_2325,2026-07-06 10:04:13,1_Landing,Electronics,
sess_34d27f03,usr_0261,2026-07-05 03:52:08,2_Product_View,Home & Kitchen,
sess_a34841a5,usr_2450,2026-07-08 09:25:08,1_Landing,Books,
sess_59423c45,usr_0024,2026-07-07 14:55:46,1_Landing,Books,
sess_e705a846,usr_0319,2026-07-04 06:57:55,1_Landing,Electronics,
sess_92384220,usr_0150,2026-07-10T07:06:04Z,2_Product_View,Clothing,
sess_e6016066,usr_1401,2026-07-10 20:26:43,1_Landing,Electronics,
sess_c75d8d89,usr_0650,2026-07-08 09:23:26,1_Landing,Electronics,
sess_24551aa9,usr_2400,2026-07-04T15:28:20Z,2_Product_View,Clothing,
sess_24a42a9d,usr_1051,2026-07-08 09:36:47,1_Landing,Electronics,
sess_1183315f,usr_2617,2026-07-03 14:13:16,3_Add_to_Cart,Home & Kitchen,
sess_2ecd7d8f,usr_2259,2026-07-09 08:42:50,2_Product_View,Home & Kitchen,
sess_d57cc522,usr_1846,2026-07-08 05:01:55,3_Add_to_Cart,Electronics,
sess_ee7a26c0,usr_2108,2026-07-10 21:03:31,1_Landing,Home & Kitchen,
sess_fb9486ec,usr_1462,2026-07-03T07:57:43Z,1_Landing,Books,
sess_93881cbe,usr_2140,2026-07-11 00:03:47,3_Add_to_Cart,Home & Kitchen,
sess_a901c75f,usr_2632,2026-07-09 14:02:32,1_Landing,Electronics,
sess_0126d62f,usr_1166,2026-07-03 01:26:32,1_Landing,Clothing,
sess_0f4fb8ff,usr_1154,2026-07-01 07:56:55,1_Landing,Books,
sess_ba49ddd0,usr_2663,2026-07-06 13:54:26,3_Add_to_Cart,Books,
sess_c1b4d211,usr_1171,2026-07-05T03:38:20Z,1_Landing,Clothing,
sess_60ef4a48,usr_0898,2026-07-07 05:12:59,4_Purchase,Books,
sess_d9a14824,usr_2644,2026-07-02 20:51:02,2_Product_View,Home & Kitchen,
sess_84cbcdfd,usr_1007,2026-07-02 01:32:21,1_Landing,Books,
sess_324203c1,usr_2684,2026-07-01T17:38:30Z,2_Product_View,Books,
sess_be671632,usr_1579,2026-07-08 07:50:35,3_Add_to_Cart,Electronics,
sess_3c6f50b9,usr_1221,2026-07-10 23:00:19,1_Landing,Books,
sess_19c9f7d2,usr_0260,2026-07-08 11:35:59,1_Landing,Home & Kitchen,
sess_add42439,usr_1981,2026-07-08 01:37:04,2_Product_View,Electronics,
sess_e4c29366,usr_1356,06/07/2026 10:59:03,3_Add_to_Cart,Electronics,
sess_34b01c92,usr_2391,2026-07-05 13:56:25,1_Landing,Books,
sess_4f5576ab,usr_2728,2026-07-07T05:52:39Z,1_Landing,Clothing,
sess_08e47539,usr_1582,2026-07-01 15:23:19,2_Product_View,Clothing,
sess_7f256513,usr_2116,2026-07-03 03:58:17,2_Product_View,Home & Kitchen,
sess_f91a95b5,usr_1008,2026-07-03 15:33:40,1_Landing,Clothing,
sess_a6a7c875,usr_0335,2026-07-05 10:38:44,1_Landing,Clothing,
sess_6f21d283,usr_2132,02/07/2026 05:44:20,3_Add_to_Cart,Home & Kitchen,
sess_568d8832,usr_0332,2026-07-06 08:15:46,1_Landing,Electronics,
sess_8ef383cb,usr_2678,03/07/2026 01:52:59,2_Product_View,Books,
sess_71204ed1,usr_0966,2026-07-06 15:45:23,1_Landing,Clothing,
sess_8ae6ba1f,usr_1651,2026-07-09T18:29:02Z,1_Landing,Clothing,
sess_7edd5d1c,usr_0137,2026-07-08 09:47:55,1_Landing,Home & Kitchen,
sess_8b0ebd7d,usr_0879,2026-07-09 20:33:07,2_Product_View,Clothing,
sess_b6fd2fc1,usr_1499,2026-07-07 22:35:42,2_Product_View,Clothing,
sess_a5db5ff6,usr_2270,2026-07-06 23:14:35,2_Product_View,Home & Kitchen,
sess_735e04dd,usr_0456,2026-07-02 20:34:24,1_Landing,Home & Kitchen,
sess_49d9aa7f,usr_1743,2026-07-01 13:11:25,3_Add_to_Cart,Electronics,
sess_6ffac2fa,usr_0383,2026-07-07 04:41:43,1_Landing,Clothing,
sess_9b28dd47,usr_0978,2026-07-08 23:08:16,1_Landing,Books,
sess_e50e367c,usr_2055,2026-07-07 20:48:09,1_Landing,Clothing,
sess_2cecdc9a,usr_1939,2026-07-01 20:58:55,3_Add_to_Cart,Electronics,
sess_df8f97c9,usr_2105,2026-07-10 08:29:18,2_Product_View,Clothing,
sess_a904badc,usr_1936,2026-07-07 17:16:58,2_Product_View,Books,
sess_6665a942,usr_2189,2026-07-08 17:53:10,2_Product_View,Electronics,
sess_b6b8eacd,usr_1316,2026-07-01 19:22:58,3_Add_to_Cart,Electronics,
sess_ce0f1d26,usr_2119,2026-07-08 20:29:51,2_Product_View,Clothing,
sess_75994069,usr_1539,2026-07-03 02:08:32,1_Landing,Electronics,
sess_a5e2c123,usr_1818,2026-07-07 06:59:47,3_Add_to_Cart,Clothing,
sess_685b2543,usr_1435,2026-07-02 10:09:50,3_Add_to_Cart,Electronics,
sess_d29a4745,usr_1758,2026-07-06 22:39:18,2_Product_View,Home & Kitchen,
sess_09cef661,usr_0064,2026-07-09T15:48:21Z,3_Add_to_Cart,Home & Kitchen,
sess_5cc95c95,usr_2484,2026-07-09 20:08:12,1_Landing,Books,
sess_0de38ff0,usr_1112,2026-07-10 22:43:41,4_Purchase,Books,6.9
sess_3973a104,usr_1085,2026-07-01 03:29:23,1_Landing,Clothing,
sess_69369417,usr_1607,2026-07-08 19:49:16,2_Product_View,Electronics,
sess_ee4f8e97,usr_2467,2026-07-07 19:50:14,1_Landing,Electronics,
sess_8fdce774,usr_2362,2026-07-04 05:07:55,1_Landing,Electronics,
sess_84674fe6,usr_2603,2026-07-10 21:25:56,2_Product_View,Books,
sess_637b1cce,usr_2775,2026-07-01 17:56:34,1_Landing,Clothing,
sess_4010e82a,usr_2169,2026-07-01T13:44:22Z,1_Landing,Home & Kitchen,
sess_47b03a7b,usr_2215,01/07/2026 09:57:58,2_Product_View,Home & Kitchen,
sess_7ae53581,usr_0674,2026-07-01 04:14:26,2_Product_View,Electronics,
sess_59977f4c,usr_1032,2026-07-02 10:27:07,1_Landing,Electronics,
sess_8d5d647c,usr_2312,2026-07-10 07:32:13,2_Product_View,Home & Kitchen,
sess_c9516c0c,usr_1267,2026-07-07 22:47:29,2_Product_View,Electronics,
sess_729da37a,usr_0688,2026-07-05 02:36:25,1_Landing,Home & Kitchen,
sess_a136538a,usr_0673,10/07/2026 09:22:32,2_Product_View,Clothing,
sess_ebb241a4,usr_2468,2026-07-10 07:37:51,4_Purchase,Home & Kitchen,143.35
sess_8392e365,usr_1098,2026-07-10 20:59:21,1_Landing,Electronics,
sess_d8805bb6,usr_2306,2026-07-08 06:08:31,2_Product_View,Home & Kitchen,
sess_95a78b89,usr_1083,2026-07-01 00:43:11,1_Landing,Books,
sess_b5398e65,usr_2380,2026-07-08 19:05:16,2_Product_View,Books,
sess_9799d4bb,usr_2024,2026-07-01 02:22:14,2_Product_View,Electronics,
sess_88e41719,usr_0640,2026-07-05 11:20:43,1_Landing,Clothing,
sess_15a6e455,usr_1657,2026-07-05T08:29:38Z,1_Landing,Clothing,
sess_fda7abd8,usr_1710,2026-07-02 14:21:40,1_Landing,Home & Kitchen,
sess_cd77578a,usr_1426,2026-07-02 21:03:41,1_Landing,Books,
sess_24551aa9,usr_2400,2026-07-04 15:18:03,1_Landing,Clothing,
sess_f65794d6,usr_0946,03/07/2026 19:19:23,1_Landing,Home & Kitchen,
sess_ebb241a4,usr_2468,2026-07-10 07:29:26,3_Add_to_Cart,Home & Kitchen,
sess_4fcecb54,usr_1544,2026-07-09 00:02:11,2_Product_View,Books,
sess_f6c64cbd,usr_0192,2026-07-07 16:37:35,4_Purchase,Electronics,123.31
sess_2c9dca09,usr_0114,2026-07-07 15:30:15,1_Landing,Home & Kitchen,
sess_6979b796,usr_0550,2026-07-03 05:54:07,3_Add_to_Cart,Electronics,
sess_ce2e2a18,usr_1015,2026-07-07 17:02:10,2_Product_View,Electronics,
sess_587e8aa2,usr_2224,07/07/2026 00:56:39,1_Landing,Electronics,
sess_592fb457,usr_2014,2026-07-06 07:41:24,2_Product_View,Home & Kitchen,
sess_81f46e3d,usr_0387,2026-07-05T06:46:03Z,2_Product_View,Electronics,
sess_d0ec97a5,usr_1106,2026-07-10 06:57:36,1_Landing,Electronics,
sess_4903bdae,usr_2308,2026-07-02 08:07:57,2_Product_View,Home & Kitchen,
sess_18706732,usr_0336,2026-07-05 23:44:40,1_Landing,Home & Kitchen,
sess_59a3768c,usr_0123,2026-07-03T13:55:41Z,1_Landing,Electronics,
sess_d442a843,usr_0798,2026-07-01 20:30:37,1_Landing,Home & Kitchen,
sess_94eb4abb,usr_1731,2026-07-05 14:28:56,1_Landing,Books,
sess_143f1d19,usr_1062,2026-07-10 04:56:56,2_Product_View,Books,
sess_43da0b07,usr_0935,2026-07-08 06:18:42,1_Landing,Books,
sess_552d7191,usr_0521,2026-07-03 02:59:23,3_Add_to_Cart,Books,
sess_65766eb2,usr_2526,2026-07-05 13:13:28,3_Add_to_Cart,Books,
sess_b7773e6d,usr_2313,2026-07-02 10:52:20,1_Landing,Books,
sess_2eb446c1,usr_0357,06/07/2026 00:38:43,2_Product_View,Electronics,
sess_9db682b6,usr_2759,2026-07-04 02:47:34,2_Product_View,Home & Kitchen,
sess_36df7082,usr_2721,2026-07-02 19:49:55,1_Landing,Home & Kitchen,
sess_c99f66f8,usr_1047,2026-07-07T07:09:13Z,3_Add_to_Cart,Home & Kitchen,
sess_00864935,usr_2677,2026-07-02 07:10:06,1_Landing,Home & Kitchen,
sess_432f18c1,usr_2127,2026-07-04 09:42:28,3_Add_to_Cart,Home & Kitchen,
sess_809514bd,usr_2444,07/07/2026 11:31:48,1_Landing,Home & Kitchen,
sess_fbdb5324,usr_1381,2026-07-09T05:20:13Z,1_Landing,Home & Kitchen,
sess_0633c402,usr_2795,09/07/2026 10:10:11,1_Landing,Home & Kitchen,
sess_f60bc0b9,usr_0739,2026-07-06T02:06:16Z,2_Product_View,Home & Kitchen,
sess_0c9e4ad0,usr_0850,2026-07-07 06:47:43,1_Landing,Home & Kitchen,
sess_499add35,usr_1397,2026-07-06 19:13:42,3_Add_to_Cart,Home & Kitchen,
sess_35a482f8,usr_1023,2026-07-08 12:42:31,2_Product_View,Electronics,
sess_89f40704,usr_2325,2026-07-06 10:15:23,3_Add_to_Cart,Electronics,
sess_aa4327df,usr_2348,2026-07-01 05:49:43,3_Add_to_Cart,Books,
sess_a55fcd43,usr_0203,01/07/2026 13:07:49,2_Product_View,Home & Kitchen,
sess_5cf5aeb3,usr_0191,2026-07-09 12:45:32,2_Product_View,Home & Kitchen,
sess_81b494a0,usr_2781,2026-07-04 00:58:22,1_Landing,Home & Kitchen,
sess_38f4000f,usr_1100,2026-07-09 07:04:49,1_Landing,Home & Kitchen,
sess_6e9e4c8c,usr_0828,2026-07-08 12:10:21,2_Product_View,Clothing,
sess_ef2b415e,usr_1561,09/07/2026 21:11:56,1_Landing,Books,
sess_cfad164b,usr_2434,2026-07-02 08:05:28,1_Landing,Clothing,
sess_357475bc,usr_1995,2026-07-09 22:31:10,2_Product_View,Electronics,
sess_1f650db9,usr_2712,2026-07-05 22:02:51,1_Landing,Books,
sess_3d4057c3,usr_2117,2026-07-09 03:43:47,2_Product_View,Books,
sess_591ac183,usr_2514,2026-07-08 03:56:09,2_Product_View,Clothing,
sess_9dfa45f7,usr_2723,2026-07-05 05:28:58,1_Landing,Clothing,
sess_e282c644,usr_0108,2026-07-09 01:29:05,1_Landing,Books,
sess_225849c1,usr_1119,2026-07-06 06:32:52,2_Product_View,Electronics,
sess_77cf3a0d,usr_1588,2026-07-09T11:00:49Z,3_Add_to_Cart,Home & Kitchen,
sess_016f8b33,usr_2276,2026-07-08 17:06:59,1_Landing,Books,
sess_43da0b07,usr_0935,2026-07-08 06:27:58,2_Product_View,Books,
sess_4d6424c9,usr_1925,2026-07-06 20:27:56,4_Purchase,Books,38.1
sess_09705aee,usr_2608,2026-07-09T02:52:21Z,1_Landing,Home & Kitchen,
sess_f4f48769,usr_2525,2026-07-05 17:32:12,1_Landing,Home & Kitchen,
sess_c2b4bd8a,usr_0400,2026-07-04 23:46:00,2_Product_View,Electronics,
sess_3ffb1924,usr_1458,2026-07-07T04:25:42Z,1_Landing,Electronics,
sess_f8d42c30,usr_0003,2026-07-03 07:02:05,3_Add_to_Cart,Home & Kitchen,
sess_9bba21cf,usr_0995,2026-07-02 11:05:13,1_Landing,Clothing,
sess_c81fb56f,usr_0942,2026-07-06 12:12:53,2_Product_View,Electronics,
sess_53cb7963,usr_2441,2026-07-01 20:05:05,3_Add_to_Cart,Electronics,
sess_75a498ac,usr_0126,2026-07-09 01:55:49,3_Add_to_Cart,Books,
sess_7c72072b,usr_2285,2026-07-06 00:36:27,2_Product_View,Electronics,
sess_a3ad0bc7,usr_2787,2026-07-08 04:24:10,2_Product_View,Books,
sess_c524e05f,usr_0800,2026-07-10 23:22:53,2_Product_View,Clothing,
sess_15c68778,usr_1504,2026-07-05 04:46:41,3_Add_to_Cart,Clothing,
sess_b966c553,usr_0468,04/07/2026 01:47:30,1_Landing,Home & Kitchen,
sess_c452a280,usr_2739,2026-07-10 14:01:04,3_Add_to_Cart,Electronics,
sess_625dcf49,usr_1281,2026-07-03 03:06:50,1_Landing,Books,
sess_4a70daed,usr_2554,2026-07-05 03:29:34,1_Landing,Clothing,
sess_9981f5d1,usr_2702,2026-07-09 14:46:49,1_Landing,Home & Kitchen,
sess_e4fd7623,usr_1915,2026-07-08 00:19:40,1_Landing,Books,
sess_43999e96,usr_2459,2026-07-09 01:29:35,1_Landing,Books,
sess_d3b4a59f,usr_2104,2026-07-06 18:30:09,2_Product_View,Clothing,
sess_8839fcbf,usr_2520,05/07/2026 00:04:48,3_Add_to_Cart,Electronics,
sess_d983915b,usr_1408,2026-07-08 20:58:07,1_Landing,Books,
sess_b5ab2e56,usr_0269,2026-07-07 05:59:58,1_Landing,Clothing,
sess_f979b1e0,usr_1390,2026-07-10 00:53:17,3_Add_to_Cart,Clothing,
sess_7995f4fb,usr_2783,2026-07-02 16:42:01,2_Product_View,Electronics,
sess_09b02106,usr_1242,02/07/2026 16:53:37,1_Landing,Books,
sess_681b5c1b,usr_0582,2026-07-02 08:27:47,2_Product_View,Clothing,
sess_07be5464,usr_2609,2026-07-08 05:07:54,1_Landing,Home & Kitchen,
sess_972575a9,usr_2275,2026-07-08 06:43:16,1_Landing,Clothing,
sess_568d8832,usr_0332,2026-07-06 08:26:25,2_Product_View,Electronics,
sess_668549af,usr_1533,2026-07-04 11:24:36,3_Add_to_Cart,Home & Kitchen,
sess_fd27f05a,usr_0178,2026-07-03 02:32:40,1_Landing,Home & Kitchen,
sess_4237c618,usr_2575,2026-07-03 21:14:20,2_Product_View,Clothing,
sess_685b2543,usr_1435,2026-07-02 10:00:34,2_Product_View,Electronics,
sess_eb7ef831,usr_1411,2026-07-09 00:59:44,1_Landing,Home & Kitchen,
sess_144240aa,usr_0686,2026-07-01 09:14:13,1_Landing,Home & Kitchen,
sess_9e3e1e59,usr_2612,2026-07-05T20:34:37Z,1_Landing,Electronics,
sess_bcf761d6,usr_0235,2026-07-03 20:39:29,3_Add_to_Cart,Home & Kitchen,
sess_61f7653a,usr_1370,2026-07-02 05:39:05,2_Product_View,Home & Kitchen,
sess_3d36fe72,usr_1687,2026-07-08T08:00:44Z,2_Product_View,Books,
sess_de30c7e8,usr_1844,2026-07-04 20:47:58,1_Landing,Home & Kitchen,
sess_07ad7a9e,usr_0707,2026-07-04 12:39:16,2_Product_View,Books,
sess_114b5ca2,usr_1820,2026-07-04 07:38:49,1_Landing,Clothing,
sess_a6a2f49a,usr_2777,2026-07-10 19:47:30,1_Landing,Clothing,
sess_2e3f6063,usr_2676,2026-07-04 18:42:52,1_Landing,Books,
sess_50c0be79,usr_1711,2026-07-04 03:57:33,2_Product_View,Clothing,
sess_f22bd80e,usr_0641,2026-07-07 19:28:50,3_Add_to_Cart,Electronics,
sess_2f322ed2,usr_1779,2026-07-09 23:55:17,2_Product_View,Electronics,
sess_a8ecf56f,usr_0639,2026-07-06 00:37:45,2_Product_View,Home & Kitchen,
sess_a17b65f1,usr_2718,2026-07-04 09:18:19,1_Landing,Clothing,
sess_5c9e479d,usr_1424,2026-07-01 14:28:47,2_Product_View,Home & Kitchen,
sess_1ba219fe,usr_2188,2026-07-02 22:12:30,1_Landing,Electronics,
sess_6d540c06,usr_1662,2026-07-08 23:31:13,1_Landing,Clothing,
sess_ea561db7,usr_1488,07/07/2026 19:03:34,1_Landing,Home & Kitchen,
sess_f4c8200c,usr_2126,2026-07-02 19:51:02,1_Landing,Home & Kitchen,
sess_b2871313,usr_2679,2026-07-04 09:40:45,1_Landing,Home & Kitchen,
sess_bbf37ec5,usr_2494,2026-07-09 13:47:11,2_Product_View,Clothing,
sess_b1d3888b,usr_0947,2026-07-08 21:20:52,4_Purchase,Clothing,123.62
sess_10c110aa,usr_1819,2026-07-03 17:45:16,2_Product_View,Books,
sess_9a1d2a44,usr_1839,2026-07-09T17:05:55Z,2_Product_View,Books,
sess_bfd06412,usr_1073,2026-07-02 08:10:24,2_Product_View,Books,
sess_5f82d19f,usr_0062,2026-07-09 14:57:10,1_Landing,Books,
sess_bc996a78,usr_2662,2026-07-08T12:28:35Z,2_Product_View,Books,
sess_32bd6a5a,usr_2557,2026-07-06 07:00:40,1_Landing,Electronics,
sess_b86bf0e7,usr_0470,2026-07-04 04:34:07,2_Product_View,Electronics,
sess_face60ce,usr_0413,2026-07-06 14:21:22,2_Product_View,Home & Kitchen,
sess_2dd6f120,usr_1219,2026-07-09 13:55:53,3_Add_to_Cart,Books,
sess_d7c12488,usr_0775,2026-07-02T10:13:52Z,1_Landing,Books,
sess_dfb8fef1,usr_0620,2026-07-08 21:33:51,3_Add_to_Cart,Home & Kitchen,
sess_3ab99a1e,usr_0251,2026-07-10 10:32:53,1_Landing,Home & Kitchen,
sess_52a8fc55,usr_2183,2026-07-09 05:34:56,1_Landing,Electronics,
sess_79186acf,usr_1021,2026-07-01 10:00:06,1_Landing,Books,
sess_b5cb9025,usr_1560,2026-07-01 13:22:40,4_Purchase,Clothing,93.83
sess_eb54dded,usr_1004,2026-07-02 12:30:06,2_Product_View,Books,
sess_6daea473,usr_0702,2026-07-05 00:21:44,1_Landing,Clothing,
sess_950790f7,usr_0453,2026-07-01 11:00:27,1_Landing,Clothing,
sess_d471e976,usr_2501,2026-07-08 09:26:44,2_Product_View,Clothing,
sess_799b8156,usr_0228,2026-07-06 16:14:07,1_Landing,Clothing,
sess_9d234392,usr_0436,2026-07-09 15:00:21,1_Landing,Electronics,
sess_16216f08,usr_1882,2026-07-01 15:42:36,1_Landing,Books,
sess_0cb5123e,usr_2278,2026-07-02 20:19:26,2_Product_View,Clothing,
sess_459e569b,usr_2464,2026-07-08 05:01:12,1_Landing,Clothing,
sess_8fe5a22d,usr_2417,2026-07-02 11:27:02,1_Landing,Books,
sess_58293a81,usr_2172,2026-07-04 06:30:01,4_Purchase,Clothing,64.5
sess_da12a01d,usr_1785,05/07/2026 09:06:21,4_Purchase,Home & Kitchen,155.95
sess_3073ae32,usr_2103,2026-07-01 09:40:50,3_Add_to_Cart,Books,
sess_1e1d93fe,usr_1829,2026-07-09T04:52:52Z,1_Landing,Clothing,
sess_a7bc49ec,usr_0356,2026-07-09 05:31:18,1_Landing,Clothing,
sess_6f21d283,usr_2132,2026-07-02 05:36:13,1_Landing,Home & Kitchen,
sess_0895f3eb,usr_1130,2026-07-07 11:51:31,1_Landing,Books,
sess_77034838,usr_2692,2026-07-03 06:01:30,3_Add_to_Cart,Electronics,
sess_92ace833,usr_1485,2026-07-04 06:36:52,1_Landing,Books,
sess_486373e1,usr_0928,2026-07-08T16:46:08Z,2_Product_View,Books,
sess_f6088902,usr_1766,2026-07-02 07:29:53,1_Landing,Clothing,
sess_61b1679d,usr_1590,2026-07-03T17:00:23Z,3_Add_to_Cart,Clothing,
sess_2fdf5cc9,usr_0937,2026-07-08 01:02:11,1_Landing,Books,
sess_88da1676,usr_0588,2026-07-03 07:08:41,2_Product_View,Books,
sess_35b6df10,usr_0671,2026-07-03 00:39:54,1_Landing,Books,
sess_3e878958,usr_2196,2026-07-09 04:35:22,3_Add_to_Cart,Home & Kitchen,
sess_eb033d88,usr_0253,2026-07-01 18:42:49,2_Product_View,Clothing,
sess_4b26d0fa,usr_0856,2026-07-10 18:08:47,2_Product_View,Clothing,
sess_2108679e,usr_0249,2026-07-04 19:33:27,2_Product_View,Clothing,
sess_48f60476,usr_0234,2026-07-09 04:44:52,3_Add_to_Cart,Electronics,
sess_d751031f,usr_0950,2026-07-09 09:27:42,1_Landing,Home & Kitchen,
sess_e1b3f45a,usr_0703,2026-07-08 15:26:01,4_Purchase,Home & Kitchen,224.38
sess_751f9017,usr_1887,2026-07-06T05:08:57Z,2_Product_View,Books,
sess_44abd4fe,usr_1217,2026-07-02 22:21:55,1_Landing,Books,
sess_5d68927a,usr_1633,2026-07-03 11:02:19,2_Product_View,Books,
sess_801cc313,usr_0779,2026-07-06 15:57:31,3_Add_to_Cart,Books,
sess_19545469,usr_0622,2026-07-05 02:25:43,1_Landing,Clothing,
sess_af3711c9,usr_1359,03/07/2026 02:09:04,1_Landing,Home & Kitchen,
sess_669e290c,usr_1522,2026-07-04 20:11:09,1_Landing,Clothing,
sess_d4e4f0af,usr_0606,2026-07-03T11:48:58Z,3_Add_to_Cart,Books,
sess_15166aea,usr_2690,2026-07-03 19:05:20,2_Product_View,Home & Kitchen,
sess_affdae45,usr_0780,2026-07-03T21:17:07Z,2_Product_View,Electronics,
sess_b65025bd,usr_1670,2026-07-04 12:46:47,2_Product_View,Books,
sess_c994cdff,usr_1683,2026-07-08 00:02:01,2_Product_View,Home & Kitchen,
sess_1e12a28b,usr_1292,02/07/2026 17:56:46,4_Purchase,Electronics,726.02
sess_184e4fc4,usr_0483,2026-07-05 20:20:55,1_Landing,Home & Kitchen,
sess_83747d6c,usr_2463,2026-07-10 23:52:05,1_Landing,Books,
sess_dd47f65f,usr_2207,2026-07-09 13:13:06,1_Landing,Home & Kitchen,
sess_bdd48e60,usr_0366,2026-07-10 11:37:37,2_Product_View,Electronics,
sess_efc43e77,usr_2710,2026-07-09 14:38:46,2_Product_View,Electronics,
sess_88da1676,usr_0588,2026-07-03 07:15:19,3_Add_to_Cart,Books,
sess_bcb9e661,usr_0751,2026-07-08 01:52:37,2_Product_View,Books,
sess_f2374ad7,usr_1667,2026-07-02 12:13:13,1_Landing,Electronics,
sess_9e28b047,usr_1518,2026-07-02 07:59:59,2_Product_View,Home & Kitchen,
sess_a7009ba5,usr_2694,2026-07-01 04:12:28,3_Add_to_Cart,Clothing,
sess_adb1a56d,usr_2626,2026-07-03 01:12:07,1_Landing,Books,
sess_2b46c61f,usr_1101,2026-07-03T01:58:51Z,1_Landing,Electronics,
sess_71fe65ee,usr_0541,2026-07-09 09:58:27,2_Product_View,Books,
sess_248d6c51,usr_1330,01/07/2026 22:15:35,2_Product_View,Home & Kitchen,
sess_3afe23b8,usr_0594,2026-07-07 19:23:01,2_Product_View,Clothing,
sess_5cfcb1dc,usr_1628,2026-07-10 00:10:32,1_Landing,Books,
sess_d3be7067,usr_1843,2026-07-03T04:44:11Z,2_Product_View,Electronics,
sess_6ea09058,usr_1491,2026-07-01 07:31:04,1_Landing,Home & Kitchen,
sess_4da22c8f,usr_2288,2026-07-09 21:00:07,2_Product_View,Electronics,
sess_61b1679d,usr_1590,2026-07-03T16:52:19Z,2_Product_View,Clothing,
sess_da151f13,usr_2528,2026-07-09 10:57:49,1_Landing,Electronics,
sess_3cc37e1c,usr_0068,07/07/2026 13:34:47,1_Landing,Home & Kitchen,
sess_9870dc9c,usr_2788,2026-07-02 19:00:21,1_Landing,Clothing,
sess_a5e2c123,usr_1818,2026-07-07 06:42:28,1_Landing,Clothing,
sess_e95ccbc0,usr_2513,02/07/2026 03:36:23,1_Landing,Electronics,
sess_f36421ad,usr_1410,2026-07-04T05:05:12Z,1_Landing,Books,
sess_33ea98a9,usr_0358,2026-07-07T21:31:26Z,1_Landing,Books,
sess_01580ffc,usr_0933,2026-07-02 23:03:53,1_Landing,Electronics,
sess_9a073216,usr_1277,2026-07-03 12:03:22,2_Product_View,Clothing,
sess_ba2bd33d,usr_2223,2026-07-04 22:24:21,1_Landing,Electronics,
sess_6d148d92,usr_2124,2026-07-07 23:53:00,1_Landing,Home & Kitchen,
sess_e8de5733,usr_0198,2026-07-04 11:43:36,1_Landing,Books,
sess_0ebcfd53,usr_0349,2026-07-09 05:42:39,2_Product_View,Clothing,
sess_4da22c8f,usr_2288,2026-07-09 21:07:36,3_Add_to_Cart,Electronics,
sess_0c05b473,usr_0692,2026-07-07 01:19:33,1_Landing,Electronics,
sess_5adc2d87,usr_0088,2026-07-02 06:23:14,2_Product_View,Home & Kitchen,
sess_701f9ae9,usr_0299,2026-07-01 17:26:26,1_Landing,Books,
sess_b45793a8,usr_2008,2026-07-02T17:05:45Z,1_Landing,Books,
sess_b8934e45,usr_2740,2026-07-03 02:24:15,2_Product_View,Clothing,
sess_cadc57ee,usr_2523,06/07/2026 04:26:33,1_Landing,Clothing,
sess_f975a13f,usr_1478,2026-07-02 06:13:59,4_Purchase,Clothing,24.84
sess_0a00727d,usr_1187,2026-07-03 22:30:12,1_Landing,Home & Kitchen,
sess_f8ffee67,usr_1910,2026-07-03 10:35:27,3_Add_to_Cart,Electronics,
sess_4dcd500a,usr_1740,03/07/2026 06:07:31,1_Landing,Electronics,
sess_f68d1b64,usr_1955,2026-07-01 11:13:41,1_Landing,Electronics,
sess_3073ae32,usr_2103,2026-07-01T09:21:01Z,1_Landing,Books,
sess_5853deec,usr_1949,2026-07-01 21:05:08,3_Add_to_Cart,Books,
sess_93d7acae,usr_1094,2026-07-08 11:33:48,1_Landing,Books,
sess_4d430235,usr_2673,2026-07-05 18:43:35,2_Product_View,Home & Kitchen,
sess_0e44ad59,usr_2581,2026-07-09 02:26:21,1_Landing,Clothing,
sess_a5a5842d,usr_0797,2026-07-08 17:03:56,2_Product_View,Books,
sess_9944556a,usr_2074,2026-07-03 17:14:54,1_Landing,Electronics,
sess_f0a5c9bf,usr_0571,2026-07-06 04:42:41,1_Landing,Home & Kitchen,
sess_9fe36473,usr_1413,2026-07-05 22:10:59,1_Landing,Books,
sess_ea2f324e,usr_1509,2026-07-08 01:17:17,1_Landing,Electronics,
sess_0f45040e,usr_1278,2026-07-04 09:14:29,2_Product_View,Electronics,
sess_b74dd9dd,usr_1754,2026-07-03 10:53:16,2_Product_View,Home & Kitchen,
sess_18706732,usr_0336,2026-07-06 00:02:47,3_Add_to_Cart,Home & Kitchen,
sess_27968479,usr_1423,2026-07-06 08:14:26,2_Product_View,Books,
sess_1e7d151e,usr_1696,2026-07-04 11:43:27,2_Product_View,Electronics,
sess_bb3afa5e,usr_0364,2026-07-08 04:03:38,2_Product_View,Electronics,
sess_6eed11d4,usr_0206,2026-07-02 09:19:45,2_Product_View,Books,
sess_bd1fa768,usr_1592,2026-07-06 03:23:39,4_Purchase,Books,46.75
sess_e36dcf1e,usr_0766,2026-07-01 16:04:46,2_Product_View,Clothing,
sess_6644f68b,usr_0414,2026-07-03 03:17:35,2_Product_View,Electronics,
sess_8ae6ba1f,usr_1651,09/07/2026 18:35:04,2_Product_View,Clothing,
sess_6fe5ab08,usr_2022,2026-07-08 17:37:52,1_Landing,Books,
sess_d9e03670,usr_0308,2026-07-05 15:46:41,1_Landing,Home & Kitchen,
sess_ef1bba3e,usr_0052,2026-07-03 00:14:20,3_Add_to_Cart,Home & Kitchen,
sess_c53a9e92,usr_0209,2026-07-09 11:04:33,1_Landing,Electronics,
sess_b5cb9025,usr_1560,2026-07-01 13:04:31,1_Landing,Clothing,
sess_219fb4f0,usr_0823,2026-07-05T12:03:40Z,1_Landing,Home & Kitchen,
sess_904e0744,usr_0390,2026-07-06 17:43:11,1_Landing,Books,
sess_20cb199b,usr_2131,2026-07-06 03:06:16,1_Landing,Electronics,
sess_0992ea60,usr_1469,2026-07-05 14:28:23,3_Add_to_Cart,Electronics,
sess_e66babbc,usr_1022,2026-07-10 19:46:35,1_Landing,Books,
sess_b3010407,usr_1063,2026-07-03 23:20:05,1_Landing,Books,
sess_ac4e3de0,usr_0380,2026-07-07T20:05:45Z,1_Landing,Clothing,
sess_4ad0c8fe,usr_1297,2026-07-03 15:01:56,2_Product_View,Electronics,
sess_79f15cb1,usr_2019,2026-07-03 20:51:31,1_Landing,Home & Kitchen,
sess_c35cfba2,usr_1709,2026-07-08 05:11:04,1_Landing,Books,
sess_4a2aeaf0,usr_2090,2026-07-05 20:59:51,2_Product_View,Home & Kitchen,
sess_cec9241c,usr_1247,2026-07-09 14:08:36,1_Landing,Home & Kitchen,
sess_62375380,usr_2234,2026-07-06 12:25:56,1_Landing,Clothing,
sess_8a5d6e1c,usr_0543,04/07/2026 17:02:22,1_Landing,Home & Kitchen,
sess_763a72e7,usr_1988,2026-07-05 18:07:44,1_Landing,Electronics,
sess_9d629fa0,usr_2687,2026-07-04 06:19:29,1_Landing,Electronics,
sess_84b5492e,usr_1715,2026-07-08T09:27:36Z,1_Landing,Home & Kitchen,
sess_e11ed705,usr_2738,2026-07-05T12:47:19Z,1_Landing,Books,
sess_2022d4d8,usr_1772,2026-07-08 14:20:08,1_Landing,Books,
sess_f7a3af13,usr_1386,2026-07-02 15:58:41,2_Product_View,Books,
sess_3a3509de,usr_2568,2026-07-09 17:12:22,2_Product_View,Home & Kitchen,
sess_09a4b74e,usr_2033,2026-07-06 00:46:00,2_Product_View,Home & Kitchen,
sess_bd138f8a,usr_0796,2026-07-09 18:19:39,1_Landing,Electronics,
sess_6d2bc20a,usr_1238,2026-07-08 11:02:38,2_Product_View,Home & Kitchen,
sess_01829a57,usr_1901,2026-07-02 06:11:54,1_Landing,Electronics,
sess_56fc35dc,usr_2604,2026-07-06 06:23:15,1_Landing,Home & Kitchen,
sess_679bef8b,usr_0861,2026-07-08T15:15:05Z,1_Landing,Electronics,
sess_ba4347b8,usr_0430,2026-07-05 01:51:30,1_Landing,Electronics,
sess_4af61af7,usr_1799,2026-07-06 05:10:20,1_Landing,Books,
sess_950790f7,usr_0453,01/07/2026 11:15:09,2_Product_View,Clothing,
sess_8da70771,usr_2337,2026-07-06 04:39:05,1_Landing,Electronics,
sess_7e2f5ed4,usr_0168,2026-07-09T06:24:26Z,1_Landing,Electronics,
sess_070a7346,usr_1439,06/07/2026 15:15:54,3_Add_to_Cart,Clothing,
sess_f9f07e33,usr_1567,2026-07-05 16:00:16,2_Product_View,Electronics,
sess_aa4327df,usr_2348,2026-07-01T05:36:11Z,1_Landing,Books,
sess_e304923d,usr_0683,07/07/2026 23:20:38,1_Landing,Books,
sess_b634861b,usr_0515,2026-07-02 13:58:37,1_Landing,Clothing,
sess_cd77578a,usr_1426,2026-07-02 21:07:31,3_Add_to_Cart,Books,
sess_057c8d0b,usr_0827,03/07/2026 01:12:01,1_Landing,Clothing,
sess_9a4d1098,usr_1271,2026-07-09 03:33:57,3_Add_to_Cart,Clothing,
sess_95862bba,usr_1893,2026-07-09 03:01:51,1_Landing,Home & Kitchen,
sess_bc1ec103,usr_1641,07/07/2026 13:54:50,2_Product_View,Books,
sess_8a1ae8d7,usr_0098,2026-07-02T21:14:59Z,1_Landing,Books,
sess_65da93a4,usr_1057,2026-07-08 15:12:10,2_Product_View,Clothing,
sess_76e6be37,usr_2269,2026-07-05 00:39:27,3_Add_to_Cart,Electronics,
sess_918df360,usr_0901,2026-07-10 09:31:35,1_Landing,Home & Kitchen,
sess_0de22edd,usr_2749,2026-07-10T19:03:03Z,1_Landing,Clothing,
sess_05f7cfda,usr_0829,2026-07-01T01:33:05Z,2_Product_View,Books,
sess_ee726af4,usr_2366,2026-07-01 09:42:25,2_Product_View,Clothing,
sess_a3ca99a1,usr_1265,2026-07-08 15:32:43,1_Landing,Clothing,
sess_fadba29e,usr_1156,07/07/2026 14:10:16,1_Landing,Home & Kitchen,
sess_65f38b98,usr_1506,2026-07-04 16:57:17,1_Landing,Home & Kitchen,
sess_386d5159,usr_2704,2026-07-05 01:24:23,1_Landing,Clothing,
sess_15539b8a,usr_2757,2026-07-01 13:00:11,2_Product_View,Home & Kitchen,
sess_b649daa0,usr_1555,2026-07-06 02:47:50,1_Landing,Electronics,
sess_0fe13923,usr_2569,2026-07-03T22:44:06Z,1_Landing,Books,
sess_ff4eedea,usr_1092,09/07/2026 14:11:30,2_Product_View,Home & Kitchen,
sess_fa0cc517,usr_2598,2026-07-10 13:15:38,2_Product_View,Electronics,
sess_cf2e7202,usr_1580,2026-07-03 20:05:06,1_Landing,Home & Kitchen,
sess_d1bea2cc,usr_2640,2026-07-09 22:07:39,2_Product_View,Home & Kitchen,
sess_3f1510e9,usr_2065,2026-07-03 12:21:42,1_Landing,Electronics,
sess_3107fae2,usr_2056,2026-07-05 12:20:06,2_Product_View,Clothing,
sess_a26cc5cf,usr_1699,2026-07-04 22:55:46,2_Product_View,Clothing,
sess_f979b1e0,usr_1390,2026-07-10 00:47:10,2_Product_View,Clothing,
sess_fc800a83,usr_2592,2026-07-05 20:02:28,1_Landing,Home & Kitchen,
sess_f06caa50,usr_1776,2026-07-04 08:21:44,2_Product_View,Electronics,
sess_4b26d0fa,usr_0856,2026-07-10T17:54:14Z,1_Landing,Clothing,
sess_e36a35d8,usr_2163,2026-07-08 13:46:22,2_Product_View,Clothing,
sess_a0a74b49,usr_1593,2026-07-10 23:19:23,1_Landing,Books,
sess_805c36d7,usr_1169,02/07/2026 06:26:19,1_Landing,Electronics,
sess_6b38133e,usr_0291,2026-07-09 13:00:25,3_Add_to_Cart,Books,
sess_f8a0f69a,usr_0745,2026-07-07 20:04:59,2_Product_View,Home & Kitchen,
sess_32109591,usr_2440,2026-07-04 13:32:56,2_Product_View,Books,
sess_f5c56957,usr_2069,2026-07-08T03:05:42Z,1_Landing,Clothing,
sess_b4cf563a,usr_2696,2026-07-07 04:49:30,1_Landing,Books,
sess_3f66cdc0,usr_1693,2026-07-10 16:35:32,2_Product_View,Clothing,
sess_1a7c21f2,usr_2536,2026-07-01 00:24:39,2_Product_View,Home & Kitchen,
sess_2d8a4547,usr_2332,2026-07-10 02:03:24,1_Landing,Home & Kitchen,
sess_aded7cda,usr_1865,2026-07-03 09:40:46,1_Landing,Clothing,
sess_09b902c0,usr_0281,2026-07-04 21:48:38,1_Landing,Clothing,
sess_bc996a78,usr_2662,08/07/2026 12:31:01,3_Add_to_Cart,Books,
sess_76892508,usr_2653,2026-07-05 02:25:03,2_Product_View,Clothing,
sess_c9330711,usr_1446,2026-07-08 01:13:18,1_Landing,Electronics,
sess_5a346900,usr_0254,2026-07-03T21:27:09Z,2_Product_View,Books,
sess_609fbcd4,usr_2407,2026-07-04 11:43:44,1_Landing,Electronics,
sess_4bd70df7,usr_0552,2026-07-08 18:35:22,1_Landing,Home & Kitchen,
sess_3a7eec16,usr_0847,2026-07-06 09:24:18,2_Product_View,Electronics,
sess_842af398,usr_0513,2026-07-07 12:29:17,1_Landing,Electronics,
sess_726bbd84,usr_0989,2026-07-03 16:31:59,1_Landing,Home & Kitchen,
sess_495c65fb,usr_0585,2026-07-07 20:40:16,2_Product_View,Clothing,
sess_070a7346,usr_1439,2026-07-06 15:13:42,2_Product_View,Clothing,
sess_30b0d3ba,usr_0053,2026-07-10 18:19:25,1_Landing,Clothing,
sess_2a4fc2d4,usr_0372,2026-07-08 15:20:37,1_Landing,Home & Kitchen,
sess_f9e49dcb,usr_0693,2026-07-10 18:32:05,1_Landing,Books,
sess_b8c3c7ac,usr_2633,2026-07-09 05:53:54,1_Landing,Electronics,
sess_2e50743f,usr_1866,2026-07-01 13:59:45,2_Product_View,Home & Kitchen,
sess_ec0f58f5,usr_0418,2026-07-07T16:17:54Z,2_Product_View,Home & Kitchen,
sess_7b1e5385,usr_0054,2026-07-08T14:28:43Z,1_Landing,Home & Kitchen,
sess_4b15be32,usr_2418,2026-07-06 23:39:51,2_Product_View,Clothing,
sess_67838aba,usr_0857,2026-07-10 16:05:56,2_Product_View,Clothing,
sess_dc022d3d,usr_1151,2026-07-08 18:02:47,1_Landing,Books,
sess_5a011593,usr_2658,2026-07-04 03:38:05,1_Landing,Home & Kitchen,
sess_1520be87,usr_0317,2026-07-07 12:35:35,2_Product_View,Electronics,
sess_80a900a7,usr_2273,2026-07-02 06:34:34,4_Purchase,Books,
sess_b06883df,usr_2225,2026-07-06 19:50:22,1_Landing,Books,
sess_feaa8cd3,usr_2107,2026-07-01 16:55:46,1_Landing,Books,
sess_871ac199,usr_0502,2026-07-07T20:18:27Z,2_Product_View,Electronics,
sess_faf7081c,usr_0445,2026-07-06 23:04:15,1_Landing,Clothing,
sess_b3663f0c,usr_2473,2026-07-10 18:37:27,1_Landing,Books,
sess_917e59f5,usr_2699,2026-07-03 07:20:37,3_Add_to_Cart,Books,
sess_31c0d15a,usr_2656,2026-07-06 22:36:33,1_Landing,Books,
sess_05292fa5,usr_0002,09/07/2026 13:14:28,1_Landing,Clothing,
sess_9c7af546,usr_1550,2026-07-05 08:45:43,3_Add_to_Cart,Clothing,
sess_32b25d61,usr_1583,2026-07-01 08:44:13,1_Landing,Books,
sess_77821634,usr_1351,2026-07-03 03:36:31,1_Landing,Books,
sess_1f98bd34,usr_1272,2026-07-08 19:54:31,1_Landing,Electronics,
sess_874e5624,usr_2631,2026-07-06 07:10:46,2_Product_View,Clothing,
sess_03c98070,usr_1956,2026-07-05 13:42:58,2_Product_View,Electronics,
sess_571e159c,usr_2506,2026-07-01 18:09:08,1_Landing,Clothing,
sess_5f93147b,usr_2430,2026-07-05 15:13:38,3_Add_to_Cart,Home & Kitchen,
sess_97677e35,usr_0876,2026-07-03 06:41:23,2_Product_View,Books,
sess_96c9878f,usr_0584,06/07/2026 03:51:26,2_Product_View,Electronics,
sess_ff222592,usr_1648,09/07/2026 08:12:46,2_Product_View,Electronics,
sess_a1643943,usr_0288,2026-07-07 02:43:42,1_Landing,Books,
sess_b44ad4c7,usr_1911,04/07/2026 03:15:11,3_Add_to_Cart,Clothing,
sess_a3920e2a,usr_1896,2026-07-02 19:07:03,1_Landing,Home & Kitchen,
sess_f139be27,usr_2110,2026-07-07 17:57:33,2_Product_View,Clothing,
sess_5cbbf8a4,usr_0431,02/07/2026 07:42:15,1_Landing,Clothing,
sess_929f222c,usr_1014,2026-07-06 05:23:27,2_Product_View,Home & Kitchen,
sess_9bfe72f5,usr_1406,2026-07-06 20:01:04,1_Landing,Electronics,
sess_91b0213b,usr_2503,2026-07-06 16:50:49,2_Product_View,Books,
sess_eab4122b,usr_2651,2026-07-08 00:54:35,2_Product_View,Electronics,
sess_3afe23b8,usr_0594,07/07/2026 19:09:50,1_Landing,Clothing,
sess_5a193818,usr_0492,2026-07-03 06:21:26,1_Landing,Clothing,
sess_7305be88,usr_1369,2026-07-08 20:36:19,2_Product_View,Electronics,
sess_80f853d1,usr_2290,2026-07-07 19:48:29,2_Product_View,Clothing,
sess_004cb46a,usr_1953,2026-07-02T19:06:56Z,1_Landing,Clothing,
sess_4e5ef223,usr_1207,2026-07-01 19:20:43,2_Product_View,Clothing,
sess_54e80872,usr_2094,2026-07-04 15:48:14,2_Product_View,Home & Kitchen,
sess_179ba274,usr_2431,2026-07-02 16:04:46,2_Product_View,Books,
sess_48a77b69,usr_2102,2026-07-08 00:03:39,2_Product_View,Clothing,
sess_45ddec9b,usr_1501,2026-07-04 02:49:48,2_Product_View,Clothing,
sess_95003fad,usr_2342,2026-07-01T10:11:11Z,1_Landing,Clothing,
sess_34d27f03,usr_0261,2026-07-05 03:36:43,1_Landing,Home & Kitchen,
sess_5fee4859,usr_1254,2026-07-07 04:20:50,1_Landing,Clothing,
sess_c6dc2d08,usr_2550,2026-07-08 16:17:44,1_Landing,Clothing,
sess_d50935cc,usr_0943,2026-07-02 10:10:01,1_Landing,Home & Kitchen,
sess_d503b2ae,usr_0267,2026-07-05 20:03:58,1_Landing,Home & Kitchen,
sess_48677cb2,usr_1422,2026-07-08T04:04:06Z,3_Add_to_Cart,Clothing,
sess_b634861b,usr_0515,2026-07-02 14:09:20,2_Product_View,Clothing,
sess_d8b9a9d8,usr_2213,2026-07-06 07:39:37,2_Product_View,Electronics,
sess_048ba7ad,usr_1606,2026-07-07 01:55:48,2_Product_View,Books,
sess_e142fddb,usr_0393,05/07/2026 22:27:46,1_Landing,Electronics,
sess_cbec930c,usr_2063,2026-07-06T19:20:18Z,1_Landing,Books,
sess_6a8b0961,usr_0712,2026-07-09 04:23:24,2_Product_View,Books,
sess_1e12a28b,usr_1292,02/07/2026 17:48:09,2_Product_View,Electronics,
sess_ee89ef28,usr_0074,2026-07-01 07:12:53,1_Landing,Electronics,
sess_939c3a3f,usr_1530,04/07/2026 12:53:37,1_Landing,Home & Kitchen,
sess_9d2fe4c1,usr_0860,2026-07-07 16:25:30,1_Landing,Electronics,
sess_2a164f9f,usr_1471,2026-07-06 22:47:26,3_Add_to_Cart,Clothing,
sess_c3c06df2,usr_2040,2026-07-03 02:44:49,2_Product_View,Electronics,
sess_24551aa9,usr_2400,2026-07-04 15:32:08,3_Add_to_Cart,Clothing,
sess_64c1c4f7,usr_1962,05/07/2026 22:18:46,1_Landing,Electronics,
sess_34582e84,usr_1384,2026-07-05 21:17:52,3_Add_to_Cart,Books,
sess_9def8712,usr_0971,2026-07-04 06:14:19,2_Product_View,Home & Kitchen,
sess_01074d8d,usr_2766,2026-07-02 14:36:39,1_Landing,Home & Kitchen,
sess_31db07d4,usr_0285,09/07/2026 14:47:03,3_Add_to_Cart,Electronics,
sess_93eb73bb,usr_0931,2026-07-07 11:38:13,2_Product_View,Home & Kitchen,
sess_86db8526,usr_1055,2026-07-05 18:40:24,2_Product_View,Books,
sess_4d16a8d3,usr_0057,2026-07-08 14:16:39,3_Add_to_Cart,Electronics,
sess_b0f34047,usr_1719,2026-07-02 02:23:56,2_Product_View,Home & Kitchen,
sess_8ad519b8,usr_1685,2026-07-03 11:41:57,2_Product_View,Electronics,
sess_f5d799a3,usr_0603,10/07/2026 16:18:46,2_Product_View,Electronics,
sess_3ce364e6,usr_1513,2026-07-01 10:46:53,1_Landing,Clothing,
sess_b9839802,usr_0497,2026-07-01 21:00:40,1_Landing,Clothing,
sess_7587c1d4,usr_1173,08/07/2026 02:36:01,3_Add_to_Cart,Home & Kitchen,
sess_438e9549,usr_0089,2026-07-05 01:03:35,1_Landing,Clothing,
sess_54a031cc,usr_0579,03/07/2026 14:39:04,2_Product_View,Home & Kitchen,
sess_c8d9a6c6,usr_2589,2026-07-07 12:29:48,1_Landing,Home & Kitchen,
sess_0ebcfd53,usr_0349,2026-07-09 05:50:19,3_Add_to_Cart,Clothing,
sess_67f958f3,usr_1605,2026-07-04 14:23:33,1_Landing,Electronics,
sess_984e2cae,usr_0303,2026-07-07 07:35:20,1_Landing,Clothing,
sess_1759ea6c,usr_2177,2026-07-08 05:53:38,1_Landing,Home & Kitchen,
sess_92384220,usr_0150,2026-07-10 06:52:55,1_Landing,Clothing,
sess_115e19b2,usr_1732,06/07/2026 02:11:41,1_Landing,Clothing,
sess_0a00727d,usr_1187,2026-07-03 22:34:12,2_Product_View,Home & Kitchen,
sess_cff993cd,usr_0540,2026-07-09 17:56:05,3_Add_to_Cart,Clothing,
sess_4cbcce9a,usr_1304,2026-07-10 20:51:54,1_Landing,Clothing,
sess_49d9aa7f,usr_1743,2026-07-01 13:05:32,2_Product_View,Electronics,
sess_6d8137e4,usr_0546,2026-07-01 12:24:26,1_Landing,Home & Kitchen,
sess_371a9f46,usr_1288,2026-07-07 07:20:57,1_Landing,Home & Kitchen,
sess_243cea7f,usr_1125,2026-07-03 10:54:08,2_Product_View,Books,
sess_e360230a,usr_0635,2026-07-03 15:59:08,2_Product_View,Clothing,
sess_63c3ef32,usr_0005,2026-07-02 12:23:39,2_Product_View,Clothing,
sess_29099761,usr_1581,2026-07-02 04:25:39,1_Landing,Clothing,
sess_6e772079,usr_2697,01/07/2026 05:18:46,2_Product_View,Clothing,
sess_171b2224,usr_2364,02/07/2026 03:50:22,3_Add_to_Cart,Electronics,
sess_92a4d20a,usr_2420,2026-07-05T19:24:24Z,1_Landing,Books,
sess_0cd8e37c,usr_0409,2026-07-08 01:11:43,2_Product_View,Books,
sess_3eeadc5c,usr_1559,2026-07-08 09:08:12,1_Landing,Clothing,
sess_a34453ec,usr_2314,2026-07-04 13:28:54,1_Landing,Electronics,
sess_b179609e,usr_2482,2026-07-07 03:05:47,2_Product_View,Books,
sess_c28c525d,usr_0485,06/07/2026 21:24:29,3_Add_to_Cart,Books,
sess_5cc95c95,usr_2484,2026-07-09 20:16:07,2_Product_View,Books,
sess_ce5a297a,usr_0109,2026-07-09 00:42:55,1_Landing,Books,
sess_996055fa,usr_1698,2026-07-01 14:42:24,2_Product_View,Electronics,
sess_7b9e61e8,usr_1269,03/07/2026 02:29:56,2_Product_View,Clothing,
sess_4298b432,usr_0282,2026-07-09 14:59:18,3_Add_to_Cart,Electronics,
sess_735e9e34,usr_1738,2026-07-01 14:55:47,1_Landing,Books,
sess_a1364097,usr_0864,2026-07-03T22:25:11Z,1_Landing,Books,
sess_9b7b155f,usr_0532,2026-07-02 13:14:36,2_Product_View,Home & Kitchen,
sess_49d9aa7f,usr_1743,2026-07-01 13:20:06,4_Purchase,Electronics,335.66
sess_b3187108,usr_2323,2026-07-02T22:43:15Z,2_Product_View,Electronics,
sess_184e4fc4,usr_0483,2026-07-05 20:32:40,2_Product_View,Home & Kitchen,
sess_ccce586e,usr_2316,2026-07-10 16:51:28,3_Add_to_Cart,Electronics,
sess_645d18e1,usr_1385,2026-07-05 05:05:04,1_Landing,Home & Kitchen,
sess_4a8c489f,usr_1573,2026-07-05 02:16:52,2_Product_View,Clothing,
sess_e53f933c,usr_2411,2026-07-09T16:56:31Z,2_Product_View,Home & Kitchen,
sess_80f853d1,usr_2290,2026-07-07 19:51:37,3_Add_to_Cart,Clothing,
sess_afd6039f,usr_0623,2026-07-02T17:59:11Z,1_Landing,Home & Kitchen,
sess_31259ff1,usr_2672,2026-07-05 19:07:25,1_Landing,Electronics,
sess_74ce6f77,usr_2797,2026-07-06 09:51:12,3_Add_to_Cart,Electronics,
sess_9bf4702c,usr_0772,05/07/2026 11:41:01,2_Product_View,Clothing,
sess_ae1ec868,usr_2026,2026-07-09 12:02:52,2_Product_View,Home & Kitchen,
sess_bbf37ec5,usr_2494,2026-07-09 13:56:54,3_Add_to_Cart,Clothing,
sess_8b8b2840,usr_0660,01/07/2026 04:03:13,2_Product_View,Books,
sess_21062263,usr_2289,2026-07-09 18:34:49,1_Landing,Electronics,
sess_b80cadb7,usr_0830,2026-07-09 14:43:55,1_Landing,Clothing,
sess_bd923a8a,usr_0075,2026-07-05 11:29:41,4_Purchase,Books,19.04
sess_5689e582,usr_2067,03/07/2026 13:50:49,2_Product_View,Books,
sess_e250c9ae,usr_0484,2026-07-04 04:35:39,2_Product_View,Home & Kitchen,
sess_c61b6b95,usr_1922,2026-07-02 14:38:06,2_Product_View,Home & Kitchen,
